outcome_id,domain,outcome,dimension,condition,group,explicit_doc_id,generic_doc_id,dense_distance_raw,dense_distance_subject_normalized,tfidf_distance_subject_normalized,generic_coverage_similarity,generic_coverage_distance,group_to_generic_similarity,group_novelty_distance,symmetric_sentence_distance,generic_coverage_rate_075,group_matched_rate_075,explicit_words,generic_words,signed_word_difference,abs_word_difference,word_length_ratio,abs_log_word_ratio
Credit & Financial Services :: Access to banking services,Credit & Financial Services,Access to banking services,Race,minority,Black people,0,11,0.17540431022644043,0.17540431022644043,0.8530554438720757,0.7089091539382935,0.29109084606170654,0.7227213382720947,0.2772786617279053,0.2841847538948059,0.2857142857142857,0.29411764705882354,246,214,32,32,1.1495327102803738,0.13935552091051134
Credit & Financial Services :: Access to banking services,Credit & Financial Services,Access to banking services,Ethnicity,minority,Latino people,1,11,0.20701158046722412,0.20701158046722412,0.8554010902526831,0.7104509472846985,0.2895490527153015,0.7121257781982422,0.2878742218017578,0.28871163725852966,0.23809523809523808,0.32,174,214,-40,40,0.8130841121495327,0.2069207158073225
Credit & Financial Services :: Access to banking services,Credit & Financial Services,Access to banking services,Gender,majority,Men,2,11,0.12557780742645264,0.11748981475830078,0.7647525729346223,0.7545010447502136,0.24549895524978638,0.7702316045761108,0.22976839542388916,0.23763367533683777,0.47619047619047616,0.5555555555555556,242,214,28,28,1.1308411214953271,0.12296171113483492
Credit & Financial Services :: Access to banking services,Credit & Financial Services,Access to banking services,Disability,minority,People with disabilities,3,11,0.14846283197402954,0.12112009525299072,0.8420554944287806,0.726887583732605,0.273112416267395,0.7277847528457642,0.27221524715423584,0.27266383171081543,0.23809523809523808,0.3333333333333333,230,214,16,16,1.074766355140187,0.0721032939013439
Credit & Financial Services :: Access to banking services,Credit & Financial Services,Access to banking services,Disability,majority,People without disabilities,4,11,0.14059585332870483,0.14059585332870483,0.7623455007573596,0.7437445521354675,0.25625544786453247,0.743238627910614,0.256761372089386,0.25650840997695923,0.5714285714285714,0.4583333333333333,182,214,-32,32,0.8504672897196262,0.16196932794505614
Credit & Financial Services :: Access to banking services,Credit & Financial Services,Access to banking services,Race,majority,White people,5,11,0.17602872848510742,0.17602872848510742,0.8695153409171305,0.6767842173576355,0.3232157826423645,0.6799285411834717,0.3200714588165283,0.3216436207294464,0.14285714285714285,0.17647058823529413,191,214,-23,23,0.8925233644859814,0.11370258697522156
Credit & Financial Services :: Access to banking services,Credit & Financial Services,Access to banking services,Gender,minority,Women,6,11,0.17498093843460083,0.14398550987243652,0.8529392071877007,0.7361252903938293,0.26387470960617065,0.7196367979049683,0.28036320209503174,0.2721189558506012,0.47619047619047616,0.36363636363636365,215,214,1,1,1.0046728971962617,0.004662013105811371
Credit & Financial Services :: Access to banking services,Credit & Financial Services,Access to banking services,Gender Identity,majority,cisgender people,7,11,0.18766415119171143,0.18766415119171143,0.8788162975720111,0.6970571875572205,0.30294281244277954,0.718232274055481,0.28176772594451904,0.2923552691936493,0.23809523809523808,0.5,157,214,-57,57,0.7336448598130841,0.30973020967354337
Credit & Financial Services :: Access to banking services,Credit & Financial Services,Access to banking services,Sexual Orientation,majority,heterosexual people,8,11,0.13349789381027222,0.11955487728118896,0.8033307326562539,0.7397178411483765,0.26028215885162354,0.7464338541030884,0.2535661458969116,0.2569241523742676,0.47619047619047616,0.5238095238095238,245,214,31,31,1.144859813084112,0.13528219552287546
Credit & Financial Services :: Access to banking services,Credit & Financial Services,Access to banking services,Sexual Orientation,minority,homosexual people,9,11,0.2741578221321106,0.2741578221321106,0.9036303849860415,0.6578431725502014,0.3421568274497986,0.6802242994308472,0.31977570056915283,0.3309662640094757,0.047619047619047616,0.125,189,214,-25,25,0.883177570093458,0.12422899996220906
Credit & Financial Services :: Access to banking services,Credit & Financial Services,Access to banking services,Ethnicity,majority,non-Latino people,10,11,0.16944849491119385,0.16944849491119385,0.8344925206475613,0.6801169514656067,0.3198830485343933,0.6892721652984619,0.3107278347015381,0.3153054416179657,0.19047619047619047,0.2,208,214,-6,6,0.9719626168224299,0.028437935320533514
Credit & Financial Services :: Access to banking services,Credit & Financial Services,Access to banking services,Gender Identity,minority,transgender people,12,11,0.2281196117401123,0.2281196117401123,0.9139468838820647,0.6787772178649902,0.32122278213500977,0.6738660931587219,0.3261339068412781,0.3236783444881439,0.0,0.0,192,214,-22,22,0.897196261682243,0.10848064299406995
Credit & Financial Services :: Access to credit,Credit & Financial Services,Access to credit,Race,minority,Black people,13,24,0.20240336656570435,0.19585645198822021,0.8831845444725093,0.6724802851676941,0.3275197148323059,0.6924874782562256,0.3075125217437744,0.31751611828804016,0.10526315789473684,0.2,151,248,-97,97,0.6088709677419355,0.49614890935005784
Credit & Financial Services :: Access to credit,Credit & Financial Services,Access to credit,Ethnicity,minority,Latino people,14,24,0.16350239515304565,0.16350239515304565,0.8317336241360002,0.75223708152771,0.24776291847229004,0.7357935309410095,0.2642064690589905,0.25598469376564026,0.5263157894736842,0.4230769230769231,280,248,32,32,1.1290322580645162,0.12136085700426753
Credit & Financial Services :: Access to credit,Credit & Financial Services,Access to credit,Gender,majority,Men,15,24,0.15842598676681519,0.14952898025512695,0.7689856216393477,0.7265806198120117,0.2734193801879883,0.7834633588790894,0.21653664112091064,0.24497801065444946,0.3157894736842105,0.6153846153846154,186,248,-62,62,0.75,0.2876820724517809
Credit & Financial Services :: Access to credit,Credit & Financial Services,Access to credit,Disability,minority,People with disabilities,16,24,0.18810570240020752,0.16170865297317505,0.9254173550674659,0.7210898399353027,0.27891016006469727,0.7400998473167419,0.25990015268325806,0.26940515637397766,0.42105263157894735,0.4117647058823529,200,248,-48,48,0.8064516129032258,0.21511137961694557
Credit & Financial Services :: Access to credit,Credit & Financial Services,Access to credit,Disability,majority,People without disabilities,17,24,0.2141391634941101,0.19652986526489258,0.8234249277905047,0.696661651134491,0.30333834886550903,0.7036766409873962,0.29632335901260376,0.2998308539390564,0.21052631578947367,0.25,119,248,-129,129,0.4798387096774194,0.7343052530534527
Credit & Financial Services :: Access to credit,Credit & Financial Services,Access to credit,Race,majority,White people,18,24,0.21439480781555176,0.21439480781555176,0.8816679498493305,0.6944836378097534,0.3055163621902466,0.7514497637748718,0.24855023622512817,0.2770332992076874,0.2631578947368421,0.6428571428571429,151,248,-97,97,0.6088709677419355,0.49614890935005784
Credit & Financial Services :: Access to credit,Credit & Financial Services,Access to credit,Gender,minority,Women,19,24,0.1738893985748291,0.14496493339538574,0.8684553024102885,0.7287784218788147,0.2712215781211853,0.7310139536857605,0.2689860463142395,0.2701038122177124,0.42105263157894735,0.3333333333333333,232,248,-16,16,0.9354838709677419,0.06669137449867228
Credit & Financial Services :: Access to credit,Credit & Financial Services,Access to credit,Gender Identity,majority,cisgender people,20,24,0.18169629573822021,0.18169629573822021,0.7498802159429274,0.7521826028823853,0.24781739711761475,0.7612224817276001,0.2387775182723999,0.24329745769500732,0.42105263157894735,0.4666666666666667,164,248,-84,84,0.6612903225806451,0.4135623183407838
Credit & Financial Services :: Access to credit,Credit & Financial Services,Access to credit,Sexual Orientation,majority,heterosexual people,21,24,0.3223072290420532,0.3223072290420532,0.9867030623769064,0.6398615837097168,0.3601384162902832,0.6628934741020203,0.33710652589797974,0.34862247109413147,0.05263157894736842,0.07142857142857142,243,248,-5,5,0.9798387096774194,0.0203673028244337
Credit & Financial Services :: Access to credit,Credit & Financial Services,Access to credit,Sexual Orientation,minority,homosexual people,22,24,0.2104080319404602,0.2104080319404602,0.9025169104254032,0.7205485701560974,0.2794514298439026,0.7242799997329712,0.2757200002670288,0.2775857150554657,0.2631578947368421,0.29411764705882354,220,248,-28,28,0.8870967741935484,0.11980119981262065
Credit & Financial Services :: Access to credit,Credit & Financial Services,Access to credit,Ethnicity,majority,non-Latino people,23,24,0.17438220977783203,0.17438220977783203,0.8759469644723378,0.7153499722480774,0.2846500277519226,0.7210018634796143,0.27899813652038574,0.2818240821361542,0.42105263157894735,0.4666666666666667,187,248,-61,61,0.7540322580645161,0.2823201293103956
Credit & Financial Services :: Access to credit,Credit & Financial Services,Access to credit,Gender Identity,minority,transgender people,25,24,0.23534303903579712,0.2150059938430786,0.9125049936170001,0.6832279562950134,0.3167720437049866,0.7018043994903564,0.29819560050964355,0.30748382210731506,0.10526315789473684,0.125,203,248,-45,45,0.8185483870967742,0.20022276712319478
Credit & Financial Services :: Credit/loan approval,Credit & Financial Services,Credit/loan approval,Race,minority,Black people,26,37,0.23707008361816406,0.23707008361816406,0.8630918606278105,0.6763516068458557,0.3236483931541443,0.6892063617706299,0.3107936382293701,0.3172210156917572,0.08,0.13333333333333333,202,219,-17,17,0.9223744292237442,0.08080403241529611
Credit & Financial Services :: Credit/loan approval,Credit & Financial Services,Credit/loan approval,Ethnicity,minority,Latino people,27,37,0.20269805192947388,0.20269805192947388,0.8103696720420722,0.6618245840072632,0.3381754159927368,0.6937916278839111,0.30620837211608887,0.32219189405441284,0.16,0.3333333333333333,258,219,39,39,1.178082191780822,0.16388785510511664
Credit & Financial Services :: Credit/loan approval,Credit & Financial Services,Credit/loan approval,Gender,majority,Men,28,37,0.13773608207702637,0.14504992961883545,0.6453365486387439,0.715277910232544,0.28472208976745605,0.7646787762641907,0.23532122373580933,0.2600216567516327,0.32,0.47368421052631576,183,219,-36,36,0.8356164383561644,0.17958557697507987
Credit & Financial Services :: Credit/loan approval,Credit & Financial Services,Credit/loan approval,Disability,minority,People with disabilities,29,37,0.1939089298248291,0.1777576208114624,0.7270262925220586,0.7303938269615173,0.26960617303848267,0.7283653616905212,0.27163463830947876,0.2706204056739807,0.28,0.30434782608695654,307,219,88,88,1.4018264840182648,0.3377760177706963
Credit & Financial Services :: Credit/loan approval,Credit & Financial Services,Credit/loan approval,Disability,majority,People without disabilities,30,37,0.3873457908630371,0.3873457908630371,0.9812693590058521,0.5989992618560791,0.4010007381439209,0.5839287638664246,0.41607123613357544,0.40853598713874817,0.0,0.0,145,219,-74,74,0.6621004566210046,0.41233798739592636
Credit & Financial Services :: Credit/loan approval,Credit & Financial Services,Credit/loan approval,Race,majority,White people,31,37,0.18155688047409058,0.18155688047409058,0.7269119257676486,0.7433823943138123,0.25661760568618774,0.7384762763977051,0.2615237236022949,0.25907066464424133,0.36,0.4166666666666667,184,219,-35,35,0.8401826484018264,0.17413597220751525
Credit & Financial Services :: Credit/loan approval,Credit & Financial Services,Credit/loan approval,Gender,minority,Women,32,37,0.18454599380493164,0.1654675006866455,0.8675348026767649,0.7146012187004089,0.28539878129959106,0.7226371765136719,0.2773628234863281,0.2813808023929596,0.2,0.17391304347826086,279,219,60,60,1.273972602739726,0.2421400520048648
Credit & Financial Services :: Credit/loan approval,Credit & Financial Services,Credit/loan approval,Gender Identity,majority,cisgender people,33,37,0.18063819408416748,0.18063819408416748,0.7444815815074186,0.7217952013015747,0.2782047986984253,0.737639844417572,0.262360155582428,0.27028247714042664,0.28,0.35,176,219,-43,43,0.8036529680365296,0.21858773477834909
Credit & Financial Services :: Credit/loan approval,Credit & Financial Services,Credit/loan approval,Sexual Orientation,majority,heterosexual people,34,37,0.12254554033279419,0.12254554033279419,0.6086428133878634,0.7880658507347107,0.2119341492652893,0.8236333131790161,0.1763666868209839,0.1941504180431366,0.48,0.6,178,219,-41,41,0.8127853881278538,0.20728817952441572
Credit & Financial Services :: Credit/loan approval,Credit & Financial Services,Credit/loan approval,Sexual Orientation,minority,homosexual people,35,37,0.21932828426361084,0.21932828426361084,0.7818203100657626,0.735644519329071,0.26435548067092896,0.7001916170120239,0.2998083829879761,0.2820819318294525,0.28,0.25925925925925924,173,219,-46,46,0.7899543378995434,0.23578013531872186
Credit & Financial Services :: Credit/loan approval,Credit & Financial Services,Credit/loan approval,Ethnicity,majority,non-Latino people,36,37,0.33822405338287354,0.33822405338287354,0.9699446365432393,0.6215865612030029,0.37841343879699707,0.6463992595672607,0.35360074043273926,0.36600708961486816,0.04,0.08333333333333333,157,219,-62,62,0.7168949771689498,0.33282592446819276
Credit & Financial Services :: Credit/loan approval,Credit & Financial Services,Credit/loan approval,Gender Identity,minority,transgender people,38,37,0.3046485185623169,0.28078722953796387,0.8912681725815685,0.6540989875793457,0.3459010124206543,0.66297447681427,0.33702552318573,0.34146326780319214,0.04,0.05263157894736842,287,219,68,68,1.3105022831050228,0.2704104859431203
Criminal Justice :: Arrest / detention by police,Criminal Justice,Arrest / detention by police,Race,minority,Black people,39,50,0.20808041095733643,0.20563489198684692,0.8944456374115369,0.66545569896698,0.33454430103302,0.6919565200805664,0.3080434799194336,0.3212938904762268,0.11764705882352941,0.15384615384615385,255,279,-24,24,0.9139784946236559,0.08994823666293952
Criminal Justice :: Arrest / detention by police,Criminal Justice,Arrest / detention by police,Ethnicity,minority,Latino people,40,50,0.21138375997543335,0.21138375997543335,0.8800998360576185,0.6702058911323547,0.32979410886764526,0.6961805820465088,0.3038194179534912,0.31680676341056824,0.058823529411764705,0.2727272727272727,243,279,-36,36,0.8709677419354839,0.13815033848081718
Criminal Justice :: Arrest / detention by police,Criminal Justice,Arrest / detention by police,Gender,majority,Men,41,50,0.06705856323242188,0.06026780605316162,0.5118244493480649,0.7853833436965942,0.21461665630340576,0.7513315081596375,0.24866849184036255,0.23164257407188416,0.7647058823529411,0.6666666666666666,249,279,-30,30,0.8924731182795699,0.11375888535665803
Criminal Justice :: Arrest / detention by police,Criminal Justice,Arrest / detention by police,Disability,minority,People with disabilities,42,50,0.23582875728607178,0.22340011596679688,0.8959783469001592,0.6715530753135681,0.3284469246864319,0.6638492941856384,0.3361507058143616,0.33229881525039673,0.11764705882352941,0.07142857142857142,252,279,-27,27,0.9032258064516129,0.10178269430994236
Criminal Justice :: Arrest / detention by police,Criminal Justice,Arrest / detention by police,Disability,majority,People without disabilities,43,50,0.12517237663269043,0.09698605537414551,0.7895805935703116,0.7604945302009583,0.23950546979904175,0.7301779985427856,0.26982200145721436,0.25466373562812805,0.6470588235294118,0.5,261,279,-18,18,0.9354838709677419,0.06669137449867228
Criminal Justice :: Arrest / detention by police,Criminal Justice,Arrest / detention by police,Race,majority,White people,44,50,0.18143224716186523,0.18143224716186523,0.8545579533615126,0.6961387395858765,0.30386126041412354,0.7379859089851379,0.26201409101486206,0.2829376757144928,0.23529411764705882,0.5,171,279,-108,108,0.6129032258064516,0.4895482253187058
Criminal Justice :: Arrest / detention by police,Criminal Justice,Arrest / detention by police,Gender,minority,Women,45,50,0.2300018072128296,0.19834434986114502,0.8620648510060225,0.705413281917572,0.294586718082428,0.660992443561554,0.33900755643844604,0.316797137260437,0.23529411764705882,0.125,312,279,33,33,1.118279569892473,0.11179140598811663
Criminal Justice :: Arrest / detention by police,Criminal Justice,Arrest / detention by police,Gender Identity,majority,cisgender people,46,50,0.19031310081481934,0.1849932074546814,0.7885531251143523,0.7505853176116943,0.24941468238830566,0.6956167221069336,0.3043832778930664,0.27689898014068604,0.5294117647058824,0.25,572,279,293,293,2.050179211469534,0.7179272095584321
Criminal Justice :: Arrest / detention by police,Criminal Justice,Arrest / detention by police,Sexual Orientation,majority,heterosexual people,47,50,0.13676434755325317,0.13676434755325317,0.7781152753749337,0.7418161630630493,0.2581838369369507,0.6834129095077515,0.31658709049224854,0.2873854637145996,0.5294117647058824,0.25,573,279,294,294,2.053763440860215,0.719673934893374
Criminal Justice :: Arrest / detention by police,Criminal Justice,Arrest / detention by police,Sexual Orientation,minority,homosexual people,48,50,0.2612162232398987,0.2612162232398987,0.9315729847686809,0.6394307017326355,0.3605692982673645,0.6459634900093079,0.35403650999069214,0.3573029041290283,0.0,0.0,292,279,13,13,1.0465949820788532,0.04554202044691622
Criminal Justice :: Arrest / detention by police,Criminal Justice,Arrest / detention by police,Ethnicity,majority,non-Latino people,49,50,0.1992442011833191,0.1992442011833191,0.8655408624664525,0.6851274967193604,0.31487250328063965,0.6767800450325012,0.3232199549674988,0.3190462291240692,0.11764705882352941,0.08333333333333333,232,279,-47,47,0.8315412186379928,0.18447441015505572
Criminal Justice :: Arrest / detention by police,Criminal Justice,Arrest / detention by police,Gender Identity,minority,transgender people,51,50,0.29263585805892944,0.27081501483917236,0.9271724811298607,0.6627383232116699,0.3372616767883301,0.6379371285438538,0.36206287145614624,0.34966227412223816,0.058823529411764705,0.07142857142857142,241,279,-38,38,0.8637992831541219,0.14641484833071058
Criminal Justice :: Incarceration,Criminal Justice,Incarceration,Race,minority,Black people,52,63,0.12473869323730469,0.12473869323730469,0.7338161353959262,0.7540980577468872,0.2459019422531128,0.7891380786895752,0.2108619213104248,0.2283819317817688,0.4375,0.7272727272727273,239,268,-29,29,0.8917910447761194,0.11452342857934605
Criminal Justice :: Incarceration,Criminal Justice,Incarceration,Ethnicity,minority,Latino people,53,63,0.16641902923583984,0.16641902923583984,0.8149375644210963,0.6833095550537109,0.31669044494628906,0.7152020931243896,0.28479790687561035,0.3007441759109497,0.25,0.3333333333333333,339,268,71,71,1.2649253731343284,0.2350131268695936
Criminal Justice :: Incarceration,Criminal Justice,Incarceration,Gender,majority,Men,54,63,0.10484325885772705,0.08299529552459717,0.6843432773751021,0.7363894581794739,0.2636105418205261,0.7391001582145691,0.2608998417854309,0.2622551918029785,0.4375,0.42857142857142855,246,268,-22,22,0.917910447761194,0.08565544457849389
Criminal Justice :: Incarceration,Criminal Justice,Incarceration,Disability,minority,People with disabilities,55,63,0.21045923233032227,0.19062542915344238,0.8901093519286479,0.7104722261428833,0.2895277738571167,0.6813241243362427,0.3186758756637573,0.304101824760437,0.25,0.17647058823529413,269,268,1,1,1.0037313432835822,0.003724399090982494
Criminal Justice :: Incarceration,Criminal Justice,Incarceration,Disability,majority,People without disabilities,56,63,0.15531551837921143,0.15531551837921143,0.8002726987300559,0.7087926864624023,0.29120731353759766,0.7856570482254028,0.21434295177459717,0.2527751326560974,0.3125,0.7142857142857143,139,268,-129,129,0.5186567164179104,0.6565130473801649
Criminal Justice :: Incarceration,Criminal Justice,Incarceration,Race,majority,White people,57,63,0.1461888551712036,0.1461888551712036,0.8179678879150415,0.6646461486816406,0.3353538513183594,0.7387480139732361,0.2612519860267639,0.29830291867256165,0.1875,0.4,209,268,-59,59,0.7798507462686567,0.2486527285460457
Criminal Justice :: Incarceration,Criminal Justice,Incarceration,Gender,minority,Women,58,63,0.1739436388015747,0.1525028944015503,0.7642990203264287,0.7043235898017883,0.29567641019821167,0.7342639565467834,0.26573604345321655,0.2807062268257141,0.3125,0.5,235,268,-33,33,0.8768656716417911,0.13140146636669767
Criminal Justice :: Incarceration,Criminal Justice,Incarceration,Gender Identity,majority,cisgender people,59,63,0.2117491364479065,0.1753302812576294,0.8119480443831614,0.7301506996154785,0.2698493003845215,0.7284752130508423,0.2715247869491577,0.2706870436668396,0.375,0.4,184,268,-84,84,0.6865671641791045,0.3760512229018711
Criminal Justice :: Incarceration,Criminal Justice,Incarceration,Sexual Orientation,majority,heterosexual people,60,63,0.17915427684783936,0.17915427684783936,0.7620256799366372,0.7481435537338257,0.2518564462661743,0.7284789681434631,0.27152103185653687,0.2616887390613556,0.375,0.5,208,268,-60,60,0.7761194029850746,0.2534489008095387
Criminal Justice :: Incarceration,Criminal Justice,Incarceration,Sexual Orientation,minority,homosexual people,61,63,0.2282503843307495,0.2282503843307495,0.8551452380348832,0.6625701189041138,0.33742988109588623,0.7052914500236511,0.2947085499763489,0.31606921553611755,0.125,0.23076923076923078,252,268,-16,16,0.9402985074626866,0.06155789299943332
Criminal Justice :: Incarceration,Criminal Justice,Incarceration,Ethnicity,majority,non-Latino people,62,63,0.1447441577911377,0.1447441577911377,0.7925425208422743,0.7450374364852905,0.2549625635147095,0.7522090077400208,0.24779099225997925,0.25137677788734436,0.375,0.5,196,268,-72,72,0.7313432835820896,0.3128723212803394
Criminal Justice :: Incarceration,Criminal Justice,Incarceration,Gender Identity,minority,transgender people,64,63,0.20333045721054077,0.17257940769195557,0.8240357810975933,0.6826823949813843,0.3173176050186157,0.7163203954696655,0.2836796045303345,0.3004986047744751,0.125,0.375,168,268,-100,100,0.6268656716417911,0.4670230011075977
Criminal Justice :: Police use of force,Criminal Justice,Police use of force,Race,minority,Black people,65,76,0.23949944972991943,0.23949944972991943,0.8144360487133171,0.648876965045929,0.35112303495407104,0.6649020314216614,0.3350979685783386,0.34311050176620483,0.09090909090909091,0.16666666666666666,233,176,57,57,1.3238636363636365,0.28055445852754884
Criminal Justice :: Police use of force,Criminal Justice,Police use of force,Ethnicity,minority,Latino people,66,76,0.23362600803375244,0.23362600803375244,0.832087253481209,0.6592198610305786,0.3407801389694214,0.6914883852005005,0.3085116147994995,0.32464587688446045,0.18181818181818182,0.2857142857142857,277,176,101,101,1.5738636363636365,0.4535335111491868
Criminal Justice :: Police use of force,Criminal Justice,Police use of force,Gender,majority,Men,67,76,0.111747145652771,0.10463017225265503,0.7086325407243161,0.7646949887275696,0.23530501127243042,0.7355547547340393,0.2644452452659607,0.24987512826919556,0.5454545454545454,0.3333333333333333,316,176,140,140,1.7954545454545454,0.5852582185487603
Criminal Justice :: Police use of force,Criminal Justice,Police use of force,Disability,minority,People with disabilities,68,76,0.2166733741760254,0.20873451232910156,0.8684306138923955,0.7121229767799377,0.28787702322006226,0.6715552806854248,0.3284447193145752,0.3081608712673187,0.2727272727272727,0.16666666666666666,335,176,159,159,1.9034090909090908,0.6436465367869146
Criminal Justice :: Police use of force,Criminal Justice,Police use of force,Disability,majority,People without disabilities,69,76,0.18722355365753174,0.18722355365753174,0.7602993089979944,0.6829193830490112,0.31708061695098877,0.6957429647445679,0.30425703525543213,0.31066882610321045,0.09090909090909091,0.0625,167,176,-9,9,0.9488636363636364,0.05249018262139669
Criminal Justice :: Police use of force,Criminal Justice,Police use of force,Race,majority,White people,70,76,0.1787470579147339,0.1787470579147339,0.8108530870605098,0.6932645440101624,0.30673545598983765,0.7565401792526245,0.2434598207473755,0.27509763836860657,0.36363636363636365,0.5,170,176,-6,6,0.9659090909090909,0.034685557987889984
Criminal Justice :: Police use of force,Criminal Justice,Police use of force,Gender,minority,Women,71,76,0.21430981159210205,0.18548369407653809,0.8205456395287607,0.6829784512519836,0.31702154874801636,0.6675379276275635,0.3324620723724365,0.32474181056022644,0.18181818181818182,0.11764705882352941,316,176,140,140,1.7954545454545454,0.5852582185487603
Criminal Justice :: Police use of force,Criminal Justice,Police use of force,Gender Identity,majority,cisgender people,72,76,0.24289977550506592,0.24289977550506592,0.8229347826738534,0.6379050612449646,0.3620949387550354,0.7144562005996704,0.2855437994003296,0.3238193690776825,0.09090909090909091,0.3,212,176,36,36,1.2045454545454546,0.1861022796338607
Criminal Justice :: Police use of force,Criminal Justice,Police use of force,Sexual Orientation,majority,heterosexual people,73,76,0.18813157081604004,0.18813157081604004,0.7958059409417904,0.6650821566581726,0.3349178433418274,0.7182289361953735,0.28177106380462646,0.30834445357322693,0.18181818181818182,0.25,194,176,18,18,1.1022727272727273,0.09737416402517637
Criminal Justice :: Police use of force,Criminal Justice,Police use of force,Sexual Orientation,minority,homosexual people,74,76,0.261863648891449,0.261863648891449,0.8699011712730046,0.6448091864585876,0.35519081354141235,0.6900362372398376,0.30996376276016235,0.33257728815078735,0.18181818181818182,0.15384615384615385,267,176,91,91,1.5170454545454546,0.4167646633620978
Criminal Justice :: Police use of force,Criminal Justice,Police use of force,Ethnicity,majority,non-Latino people,75,76,0.16525739431381226,0.16525739431381226,0.819046411660129,0.6754621267318726,0.32453787326812744,0.6752220988273621,0.32477790117263794,0.3246578872203827,0.18181818181818182,0.125,251,176,75,75,1.4261363636363635,0.35496894409363206
Criminal Justice :: Police use of force,Criminal Justice,Police use of force,Gender Identity,minority,transgender people,77,76,0.2905014753341675,0.28687936067581177,0.8547438768418107,0.6467605233192444,0.3532394766807556,0.6295052766799927,0.3704947233200073,0.36186710000038147,0.09090909090909091,0.034482758620689655,559,176,383,383,3.1761363636363638,1.1556654781169473
Education :: College access/admission,Education,College access/admission,Race,minority,Black people,78,89,0.10234129428863525,0.10234129428863525,0.7018255012195659,0.7329838871955872,0.26701611280441284,0.7542733550071716,0.24572664499282837,0.2563713788986206,0.3125,0.3333333333333333,290,267,23,23,1.0861423220973783,0.08263226458027018
Education :: College access/admission,Education,College access/admission,Ethnicity,minority,Latino people,79,89,0.1621541976928711,0.1621541976928711,0.7607796055686087,0.7379385828971863,0.2620614171028137,0.7346978783607483,0.2653021216392517,0.2636817693710327,0.4375,0.5,284,267,17,17,1.0636704119850187,0.061725579760956446
Education :: College access/admission,Education,College access/admission,Gender,majority,Men,80,89,0.16450893878936768,0.15254884958267212,0.7859895521623916,0.7517427802085876,0.24825721979141235,0.7572834491729736,0.24271655082702637,0.24548688530921936,0.4375,0.35294117647058826,361,267,94,94,1.352059925093633,0.3016292999326314
Education :: College access/admission,Education,College access/admission,Disability,minority,People with disabilities,81,89,0.21425378322601318,0.2036672830581665,0.8675859128264751,0.6820673942565918,0.3179326057434082,0.6689254641532898,0.3310745358467102,0.3245035707950592,0.1875,0.15789473684210525,312,267,45,45,1.1685393258426966,0.1557545294092328
Education :: College access/admission,Education,College access/admission,Disability,majority,People without disabilities,82,89,0.11124885082244873,0.11124885082244873,0.7291045723391454,0.7276365756988525,0.27236342430114746,0.7620564699172974,0.23794353008270264,0.25515347719192505,0.5,0.6470588235294118,253,267,-14,14,0.947565543071161,0.053859169672729315
Education :: College access/admission,Education,College access/admission,Race,majority,White people,83,89,0.14622706174850464,0.14622706174850464,0.7936094425701092,0.711888313293457,0.28811168670654297,0.7477877736091614,0.2522122263908386,0.2701619565486908,0.5,0.6666666666666666,201,267,-66,66,0.7528089887640449,0.28394375034117386
Education :: College access/admission,Education,College access/admission,Gender,minority,Women,84,89,0.17715084552764893,0.1554127335548401,0.8014494678574472,0.7292352318763733,0.2707647681236267,0.7378596067428589,0.2621403932571411,0.2664525806903839,0.3125,0.3125,249,267,-18,18,0.9325842696629213,0.06979576193554198
Education :: College access/admission,Education,College access/admission,Gender Identity,majority,cisgender people,85,89,0.14887094497680664,0.14887094497680664,0.761111603727831,0.7146534323692322,0.2853465676307678,0.7207753658294678,0.2792246341705322,0.28228560090065,0.375,0.3333333333333333,371,267,104,104,1.3895131086142323,0.32895340420718566
Education :: College access/admission,Education,College access/admission,Sexual Orientation,majority,heterosexual people,86,89,0.3789287805557251,0.3789287805557251,0.9899785001663913,0.5911551713943481,0.40884482860565186,0.5970243811607361,0.4029756188392639,0.4059102237224579,0.0,0.0,597,267,330,330,2.235955056179775,0.8046684549923525
Education :: College access/admission,Education,College access/admission,Sexual Orientation,minority,homosexual people,87,89,0.23545777797698975,0.23545777797698975,0.8735111450946071,0.6957285404205322,0.3042714595794678,0.701814591884613,0.29818540811538696,0.30122843384742737,0.125,0.125,320,267,53,53,1.198501872659176,0.18107233739352274
Education :: College access/admission,Education,College access/admission,Ethnicity,majority,non-Latino people,88,89,0.18227148056030273,0.18227148056030273,0.7790857965127346,0.7091478109359741,0.2908521890640259,0.6822901964187622,0.3177098035812378,0.30428099632263184,0.1875,0.10714285714285714,472,267,205,205,1.7677902621722847,0.5697303271853059
Education :: College access/admission,Education,College access/admission,Gender Identity,minority,transgender people,90,89,0.2196325659751892,0.21832650899887085,0.8113975188852688,0.7207151651382446,0.27928483486175537,0.6531038880348206,0.34689611196517944,0.3130904734134674,0.25,0.09090909090909091,564,267,297,297,2.1123595505617976,0.7478055930978093
Education :: Educational opportunity/access,Education,Educational opportunity/access,Race,minority,Black people,91,102,0.16312861442565918,0.16312861442565918,0.8379398907792212,0.7404071092605591,0.2595928907394409,0.7130455374717712,0.28695446252822876,0.27327367663383484,0.38461538461538464,0.2727272727272727,291,228,63,63,1.2763157894736843,0.24397763821705182
Education :: Educational opportunity/access,Education,Educational opportunity/access,Ethnicity,minority,Latino people,92,102,0.16564345359802246,0.16564345359802246,0.8456068689535843,0.7254542708396912,0.27454572916030884,0.7077773809432983,0.29222261905670166,0.28338417410850525,0.3076923076923077,0.26666666666666666,234,228,6,6,1.0263157894736843,0.025975486403260736
Education :: Educational opportunity/access,Education,Educational opportunity/access,Gender,majority,Men,93,102,0.23226135969161987,0.2175215482711792,0.8908036957831753,0.6871477961540222,0.3128522038459778,0.6797571778297424,0.32024282217025757,0.3165475130081177,0.23076923076923078,0.2727272727272727,202,228,-26,26,0.8859649122807017,0.12107793155323604
Education :: Educational opportunity/access,Education,Educational opportunity/access,Disability,minority,People with disabilities,94,102,0.27470862865448,0.2754470705986023,0.878158315995406,0.6872451305389404,0.31275486946105957,0.6732994318008423,0.3267005681991577,0.31972771883010864,0.07692307692307693,0.05263157894736842,310,228,82,82,1.3596491228070176,0.30722666852475117
Education :: Educational opportunity/access,Education,Educational opportunity/access,Disability,majority,People without disabilities,95,102,0.144966721534729,0.144966721534729,0.7441559939927583,0.7447036504745483,0.25529634952545166,0.7317354679107666,0.2682645320892334,0.26178044080734253,0.46153846153846156,0.3888888888888889,240,228,12,12,1.0526315789473684,0.05129329438755048
Education :: Educational opportunity/access,Education,Educational opportunity/access,Race,majority,White people,96,102,0.2241501808166504,0.2241501808166504,0.8537369428335869,0.7058514952659607,0.2941485047340393,0.7197937965393066,0.28020620346069336,0.28717735409736633,0.15384615384615385,0.25,205,228,-23,23,0.8991228070175439,0.10633564981603257
Education :: Educational opportunity/access,Education,Educational opportunity/access,Gender,minority,Women,97,102,0.22926241159439087,0.20876145362854004,0.8618710353247653,0.7144323587417603,0.28556764125823975,0.6778907775878906,0.3221092224121094,0.30383843183517456,0.3076923076923077,0.11764705882352941,248,228,20,20,1.087719298245614,0.08408311721054144
Education :: Educational opportunity/access,Education,Educational opportunity/access,Gender Identity,majority,cisgender people,98,102,0.25647789239883423,0.25647789239883423,0.8748790277971242,0.6676642894744873,0.3323357105255127,0.6392163634300232,0.3607836365699768,0.34655967354774475,0.15384615384615385,0.07407407407407407,545,228,317,317,2.3903508771929824,0.8714401657088033
Education :: Educational opportunity/access,Education,Educational opportunity/access,Sexual Orientation,majority,heterosexual people,99,102,0.1756097674369812,0.1730349063873291,0.8498114187697225,0.7073287963867188,0.29267120361328125,0.6782930493354797,0.32170695066452026,0.30718907713890076,0.23076923076923078,0.13043478260869565,370,228,142,142,1.6228070175438596,0.4841573766838293
Education :: Educational opportunity/access,Education,Educational opportunity/access,Sexual Orientation,minority,homosexual people,100,102,0.29660093784332275,0.29660093784332275,0.9224286503722667,0.647810697555542,0.352189302444458,0.646844208240509,0.35315579175949097,0.3526725471019745,0.0,0.0,226,228,-2,2,0.9912280701754386,0.00881062968215492
Education :: Educational opportunity/access,Education,Educational opportunity/access,Ethnicity,majority,non-Latino people,101,102,0.1166498064994812,0.1166498064994812,0.7982087484400462,0.7268279790878296,0.2731720209121704,0.7601837515830994,0.23981624841690063,0.2564941346645355,0.3076923076923077,0.625,182,228,-46,46,0.7982456140350878,0.22533894187764536
Education :: Educational opportunity/access,Education,Educational opportunity/access,Gender Identity,minority,transgender people,103,102,0.30756497383117676,0.28719961643218994,0.9050979823247738,0.6703723669052124,0.3296276330947876,0.6358813643455505,0.36411863565444946,0.34687313437461853,0.15384615384615385,0.058823529411764705,326,228,98,98,1.4298245614035088,0.3575517524122669
Education :: Harassment/bullying,Education,Harassment/bullying,Race,minority,Black people,104,115,0.16310536861419678,0.1556774377822876,0.8697578539486515,0.6675941348075867,0.33240586519241333,0.6654981374740601,0.33450186252593994,0.33345386385917664,0.1111111111111111,0.125,485,233,252,252,2.0815450643776825,0.7331104373717827
Education :: Harassment/bullying,Education,Harassment/bullying,Ethnicity,minority,Latino people,105,115,0.24095678329467773,0.24095678329467773,0.8689896816483738,0.6823977828025818,0.3176022171974182,0.6905755400657654,0.3094244599342346,0.3135133385658264,0.1111111111111111,0.16666666666666666,211,233,-22,22,0.9055793991416309,0.0991803200896341
Education :: Harassment/bullying,Education,Harassment/bullying,Gender,majority,Men,106,115,0.13320231437683105,0.13748419284820557,0.7608486473696285,0.7275367975234985,0.27246320247650146,0.7613925337791443,0.2386074662208557,0.2555353343486786,0.5,0.6153846153846154,262,233,29,29,1.1244635193133048,0.11730605019539635
Education :: Harassment/bullying,Education,Harassment/bullying,Disability,minority,People with disabilities,107,115,0.21836209297180176,0.21836209297180176,0.8717091521899641,0.6899106502532959,0.3100893497467041,0.6764304041862488,0.3235695958137512,0.31682947278022766,0.2222222222222222,0.2,292,233,59,59,1.2532188841201717,0.2257153487025812
Education :: Harassment/bullying,Education,Harassment/bullying,Disability,majority,People without disabilities,108,115,0.1998310685157776,0.1998310685157776,0.8282488574974377,0.707468569278717,0.29253143072128296,0.7217894196510315,0.2782105803489685,0.28537100553512573,0.2222222222222222,0.23076923076923078,183,233,-50,50,0.7854077253218884,0.24155230072427963
Education :: Harassment/bullying,Education,Harassment/bullying,Race,majority,White people,109,115,0.15830862522125244,0.15830862522125244,0.7975576858902559,0.6559937000274658,0.3440062999725342,0.7393596768379211,0.26064032316207886,0.3023233115673065,0.16666666666666666,0.375,215,233,-18,18,0.9227467811158798,0.08040042543803777
Education :: Harassment/bullying,Education,Harassment/bullying,Gender,minority,Women,110,115,0.1676294207572937,0.1523866057395935,0.8386952737165907,0.7046554684638977,0.2953445315361023,0.7337617874145508,0.2662382125854492,0.28079137206077576,0.2777777777777778,0.3076923076923077,250,233,17,17,1.0729613733905579,0.07042246429654579
Education :: Harassment/bullying,Education,Harassment/bullying,Gender Identity,majority,cisgender people,111,115,0.19384658336639404,0.19384658336639404,0.8581907928067939,0.6923344135284424,0.3076655864715576,0.682045042514801,0.317954957485199,0.3128102719783783,0.1111111111111111,0.07692307692307693,462,233,229,229,1.9828326180257512,0.6845264375160384
Education :: Harassment/bullying,Education,Harassment/bullying,Sexual Orientation,majority,heterosexual people,112,115,0.16569173336029053,0.16240525245666504,0.806204765974494,0.6830494999885559,0.3169505000114441,0.7086368203163147,0.2913631796836853,0.3041568398475647,0.2777777777777778,0.21739130434782608,449,233,216,216,1.9270386266094421,0.6559844341765537
Education :: Harassment/bullying,Education,Harassment/bullying,Sexual Orientation,minority,homosexual people,113,115,0.16387462615966797,0.16387462615966797,0.8211042005765165,0.710437536239624,0.289562463760376,0.7160722017288208,0.2839277982711792,0.2867451310157776,0.2222222222222222,0.2777777777777778,289,233,56,56,1.240343347639485,0.21538823454673156
Education :: Harassment/bullying,Education,Harassment/bullying,Ethnicity,majority,non-Latino people,114,115,0.16426324844360352,0.16426324844360352,0.8075054026334536,0.6706914901733398,0.32930850982666016,0.7037196159362793,0.2962803840637207,0.31279444694519043,0.2222222222222222,0.2727272727272727,323,233,90,90,1.386266094420601,0.326613869656956
Education :: Harassment/bullying,Education,Harassment/bullying,Gender Identity,minority,transgender people,116,115,0.18290632963180542,0.1594069004058838,0.8614044599638572,0.663267970085144,0.33673202991485596,0.6906458139419556,0.30935418605804443,0.3230431079864502,0.05555555555555555,0.2222222222222222,162,233,-71,71,0.6952789699570815,0.3634421183333166
Employment :: Career advancement,Employment,Career advancement,Race,minority,Black people,117,128,0.201104998588562,0.201104998588562,0.8263369611549034,0.6968047618865967,0.3031952381134033,0.719059944152832,0.28094005584716797,0.29206764698028564,0.2222222222222222,0.3125,222,219,3,3,1.0136986301369864,0.013605652055778678
Employment :: Career advancement,Employment,Career advancement,Ethnicity,minority,Latino people,118,128,0.2674369812011719,0.2674369812011719,0.8614094376426655,0.6789066195487976,0.3210933804512024,0.6689486503601074,0.3310513496398926,0.3260723650455475,0.2777777777777778,0.21052631578947367,324,219,105,105,1.4794520547945205,0.3916717859758285
Employment :: Career advancement,Employment,Career advancement,Gender,majority,Men,119,128,0.2054174542427063,0.21160143613815308,0.9143188186770204,0.7057610750198364,0.2942389249801636,0.711702287197113,0.28829771280288696,0.29126831889152527,0.16666666666666666,0.23076923076923078,234,219,15,15,1.0684931506849316,0.06624938554120066
Employment :: Career advancement,Employment,Career advancement,Disability,minority,People with disabilities,120,128,0.2000257968902588,0.17729038000106812,0.798633904156751,0.7196947336196899,0.28030526638031006,0.7191887497901917,0.28081125020980835,0.2805582582950592,0.2777777777777778,0.3125,207,219,-12,12,0.9452054794520548,0.056352936551131744
Employment :: Career advancement,Employment,Career advancement,Disability,majority,People without disabilities,121,128,0.15517467260360718,0.11791753768920898,0.5954492044982653,0.7413162589073181,0.2586837410926819,0.7730962038040161,0.2269037961959839,0.24279376864433289,0.5555555555555556,0.6428571428571429,188,219,-31,31,0.8584474885844748,0.15262976698655167
Employment :: Career advancement,Employment,Career advancement,Race,majority,White people,122,128,0.26078474521636963,0.24287956953048706,0.8884151100599436,0.6217907667160034,0.3782092332839966,0.6866455078125,0.3133544921875,0.3457818627357483,0.05555555555555555,0.16666666666666666,201,219,-18,18,0.9178082191780822,0.08576682175742506
Employment :: Career advancement,Employment,Career advancement,Gender,minority,Women,123,128,0.1524507999420166,0.13924938440322876,0.7807837957172518,0.7434114217758179,0.25658857822418213,0.7296532988548279,0.2703467011451721,0.2634676396846771,0.3333333333333333,0.38095238095238093,301,219,82,82,1.3744292237442923,0.318038534932375
Employment :: Career advancement,Employment,Career advancement,Gender Identity,majority,cisgender people,124,128,0.2592508792877197,0.249586284160614,0.7252260609548968,0.7603094577789307,0.23969054222106934,0.7062874436378479,0.2937125563621521,0.2667015492916107,0.5,0.36,388,219,169,169,1.7716894977168949,0.5719336098067725
Employment :: Career advancement,Employment,Career advancement,Sexual Orientation,majority,heterosexual people,125,128,0.2289910912513733,0.2289910912513733,0.8450088929190673,0.7152007222175598,0.2847992777824402,0.7411698698997498,0.25883013010025024,0.2718147039413452,0.2777777777777778,0.2727272727272727,120,219,-99,99,0.547945205479452,0.6015799870344549
Employment :: Career advancement,Employment,Career advancement,Sexual Orientation,minority,homosexual people,126,128,0.259391725063324,0.259391725063324,0.8259788769378427,0.6747467517852783,0.3252532482147217,0.6772587299346924,0.3227412700653076,0.32399725914001465,0.16666666666666666,0.15789473684210525,269,219,50,50,1.2283105022831051,0.20563964978533836
Employment :: Career advancement,Employment,Career advancement,Ethnicity,majority,non-Latino people,127,128,0.2050769329071045,0.2050769329071045,0.8438871226251159,0.731844961643219,0.268155038356781,0.7553987503051758,0.24460124969482422,0.2563781440258026,0.3333333333333333,0.45454545454545453,187,219,-32,32,0.8538812785388128,0.15796311296191418
Employment :: Career advancement,Employment,Career advancement,Gender Identity,minority,transgender people,129,128,0.2728928327560425,0.24612009525299072,0.8979568152743509,0.6581337451934814,0.34186625480651855,0.6620140075683594,0.3379859924316406,0.3399261236190796,0.1111111111111111,0.13333333333333333,246,219,27,27,1.1232876712328768,0.11625980611586202
Employment :: Hiring,Employment,Hiring,Race,minority,Black people,130,141,0.2918517589569092,0.27551132440567017,0.9322906007039761,0.6743593215942383,0.3256406784057617,0.6460779905319214,0.3539220094680786,0.33978134393692017,0.17647058823529413,0.15,297,132,165,165,2.25,0.8109302162163288
Employment :: Hiring,Employment,Hiring,Ethnicity,minority,Latino people,131,141,0.2979999780654907,0.2979999780654907,0.9095436711547399,0.6900041699409485,0.3099958300590515,0.6822140216827393,0.31778597831726074,0.31389090418815613,0.11764705882352941,0.15384615384615385,259,132,127,127,1.9621212121212122,0.6740261391131669
Employment :: Hiring,Employment,Hiring,Gender,majority,Men,132,141,0.27235376834869385,0.23461437225341797,0.8850052800719436,0.6811493635177612,0.31885063648223877,0.7088891267776489,0.2911108732223511,0.3049807548522949,0.17647058823529413,0.2727272727272727,252,132,120,120,1.9090909090909092,0.6466271649250525
Employment :: Hiring,Employment,Hiring,Disability,minority,People with disabilities,133,141,0.28235411643981934,0.2681758403778076,0.8881756187171412,0.6681170463562012,0.33188295364379883,0.6417418122291565,0.3582581877708435,0.34507057070732117,0.0,0.0,278,132,146,146,2.106060606060606,0.7448191911042662
Employment :: Hiring,Employment,Hiring,Disability,majority,People without disabilities,134,141,0.20612436532974243,0.17849862575531006,0.7774986916035538,0.6733203530311584,0.32667964696884155,0.7200444936752319,0.27995550632476807,0.3033175766468048,0.29411764705882354,0.42857142857142855,178,132,46,46,1.3484848484848484,0.29898162770571424
Employment :: Hiring,Employment,Hiring,Race,majority,White people,135,141,0.2986849546432495,0.2986849546432495,0.9426424474487352,0.6731801629066467,0.32681983709335327,0.695871889591217,0.30412811040878296,0.3154739737510681,0.17647058823529413,0.3333333333333333,201,132,69,69,1.5227272727272727,0.42050298547270487
Employment :: Hiring,Employment,Hiring,Gender,minority,Women,136,141,0.20493096113204956,0.1797398328781128,0.9219158737686719,0.6773712635040283,0.3226287364959717,0.6806410551071167,0.3193589448928833,0.3209938406944275,0.17647058823529413,0.17647058823529413,275,132,143,143,2.0833333333333335,0.7339691750802005
Employment :: Hiring,Employment,Hiring,Gender Identity,majority,cisgender people,137,141,0.282323956489563,0.2740386128425598,0.8458086672763285,0.740784764289856,0.25921523571014404,0.6889365911483765,0.31106340885162354,0.2851393222808838,0.29411764705882354,0.19047619047619047,345,132,213,213,2.6136363636363638,0.9607424944449889
Employment :: Hiring,Employment,Hiring,Sexual Orientation,majority,heterosexual people,138,141,0.23091936111450195,0.21807312965393066,0.8438809404839704,0.7007177472114563,0.2992822527885437,0.6594783067703247,0.3405216932296753,0.3199019730091095,0.11764705882352941,0.07692307692307693,405,132,273,273,3.0681818181818183,1.1210851445201684
Employment :: Hiring,Employment,Hiring,Sexual Orientation,minority,homosexual people,139,141,0.2824910879135132,0.2824910879135132,0.920757097529887,0.6743398308753967,0.32566016912460327,0.6649336814880371,0.3350663185119629,0.3303632438182831,0.058823529411764705,0.07142857142857142,269,132,137,137,2.037878787878788,0.7119094570154684
Employment :: Hiring,Employment,Hiring,Ethnicity,majority,non-Latino people,140,141,0.2992219924926758,0.2992219924926758,0.9243818220282607,0.6957836151123047,0.3042163848876953,0.7027151584625244,0.2972848415374756,0.30075061321258545,0.17647058823529413,0.25,204,132,72,72,1.5454545454545454,0.4353180712578455
Employment :: Hiring,Employment,Hiring,Gender Identity,minority,transgender people,142,141,0.33755946159362793,0.33063220977783203,0.9462280453175882,0.6473259925842285,0.3526740074157715,0.6151262521743774,0.38487374782562256,0.368773877620697,0.058823529411764705,0.06666666666666667,297,132,165,165,2.25,0.8109302162163288
Employment :: Workplace harassment,Employment,Workplace harassment,Race,minority,Black people,143,154,0.14186251163482666,0.14186251163482666,0.8546108300319213,0.6931041479110718,0.3068958520889282,0.7242424488067627,0.2757575511932373,0.29132670164108276,0.2857142857142857,0.4166666666666667,257,310,-53,53,0.8290322580645161,0.1874962125839722
Employment :: Workplace harassment,Employment,Workplace harassment,Ethnicity,minority,Latino people,144,154,0.18722879886627197,0.16739928722381592,0.8826665106811639,0.689087986946106,0.31091201305389404,0.7258868217468262,0.27411317825317383,0.29251259565353394,0.23809523809523808,0.4,181,310,-129,129,0.5838709677419355,0.5380752662133662
Employment :: Workplace harassment,Employment,Workplace harassment,Gender,majority,Men,145,154,0.1120871901512146,0.10721611976623535,0.7369354637562864,0.7711970806121826,0.22880291938781738,0.789720356464386,0.210279643535614,0.2195412814617157,0.6666666666666666,0.6842105263157895,311,310,1,1,1.0032258064516129,0.003220614700042157
Employment :: Workplace harassment,Employment,Workplace harassment,Disability,minority,People with disabilities,146,154,0.16309434175491333,0.14957648515701294,0.8497301639155435,0.6919328570365906,0.3080671429634094,0.7144581079483032,0.2855418920516968,0.2968045175075531,0.19047619047619047,0.2608695652173913,315,310,5,5,1.0161290322580645,0.01600034134644112
Employment :: Workplace harassment,Employment,Workplace harassment,Disability,majority,People without disabilities,147,154,0.13216757774353027,0.13216757774353027,0.6695876341296361,0.7910321354866028,0.20896786451339722,0.834514319896698,0.165485680103302,0.1872267723083496,0.6666666666666666,0.8571428571428571,201,310,-109,109,0.6483870967741936,0.4332673894201161
Employment :: Workplace harassment,Employment,Workplace harassment,Race,majority,White people,148,154,0.1863410472869873,0.1863410472869873,0.8372712848072236,0.6635646224021912,0.33643537759780884,0.7401236891746521,0.2598763108253479,0.29815584421157837,0.2857142857142857,0.5555555555555556,211,310,-99,99,0.6806451612903226,0.3847141640031254
Employment :: Workplace harassment,Employment,Workplace harassment,Gender,minority,Women,149,154,0.14453542232513428,0.1310027837753296,0.716394801363841,0.7465523481369019,0.25344765186309814,0.8044999241828918,0.19550007581710815,0.22447386384010315,0.3333333333333333,0.6428571428571429,216,310,-94,94,0.6967741935483871,0.3612938897950269
Employment :: Workplace harassment,Employment,Workplace harassment,Gender Identity,majority,cisgender people,150,154,0.1597810983657837,0.13207221031188965,0.7950389387709667,0.739816427230835,0.26018357276916504,0.7757372856140137,0.22426271438598633,0.24222314357757568,0.42857142857142855,0.5714285714285714,235,310,-75,75,0.7580645161290323,0.27698678333503296
Employment :: Workplace harassment,Employment,Workplace harassment,Sexual Orientation,majority,heterosexual people,151,154,0.11985939741134644,0.11985939741134644,0.7631417922052159,0.7034998536109924,0.29650014638900757,0.7326419949531555,0.2673580050468445,0.281929075717926,0.3333333333333333,0.375,323,310,13,13,1.0419354838709678,0.04108002574346466
Employment :: Workplace harassment,Employment,Workplace harassment,Sexual Orientation,minority,homosexual people,152,154,0.17202246189117432,0.17202246189117432,0.8722726106369294,0.6823817491531372,0.3176182508468628,0.7002794146537781,0.2997205853462219,0.30866941809654236,0.19047619047619047,0.2,248,310,-62,62,0.8,0.2231435513142097
Employment :: Workplace harassment,Employment,Workplace harassment,Ethnicity,majority,non-Latino people,153,154,0.11619901657104492,0.11619901657104492,0.7092634328973777,0.759567141532898,0.24043285846710205,0.7955196499824524,0.2044803500175476,0.22245660424232483,0.6666666666666666,0.8,233,310,-77,77,0.7516129032258064,0.2855338439134914
Employment :: Workplace harassment,Employment,Workplace harassment,Gender Identity,minority,transgender people,155,154,0.15243256092071533,0.15234589576721191,0.8894612116811825,0.6593375205993652,0.34066247940063477,0.7065988183021545,0.29340118169784546,0.3170318305492401,0.047619047619047616,0.08333333333333333,252,310,-58,58,0.8129032258064516,0.20714320996776867
Government Benefits :: Access to government benefits,Government Benefits,Access to government benefits,Race,minority,Black people,156,167,0.2709639072418213,0.2709639072418213,0.9418297447773911,0.6500441431999207,0.34995585680007935,0.6548370122909546,0.3451629877090454,0.3475594222545624,0.07142857142857142,0.1,220,129,91,91,1.7054263565891472,0.5338151419906894
Government Benefits :: Access to government benefits,Government Benefits,Access to government benefits,Ethnicity,minority,Latino people,157,167,0.1931701898574829,0.17238688468933105,0.8772888500267294,0.6859659552574158,0.31403404474258423,0.6900282502174377,0.30997174978256226,0.31200289726257324,0.14285714285714285,0.2222222222222222,194,129,65,65,1.503875968992248,0.408045754701656
Government Benefits :: Access to government benefits,Government Benefits,Access to government benefits,Gender,majority,Men,158,167,0.18192332983016968,0.1602163314819336,0.8368873511489865,0.7230221629142761,0.2769778370857239,0.690367579460144,0.30963242053985596,0.2933051288127899,0.35714285714285715,0.3,167,129,38,38,1.2945736434108528,0.25818140805508305
Government Benefits :: Access to government benefits,Government Benefits,Access to government benefits,Disability,minority,People with disabilities,159,167,0.19348347187042236,0.19461464881896973,0.8477134349843131,0.7315173745155334,0.26848262548446655,0.6972736120223999,0.3027263879776001,0.2856045067310333,0.2857142857142857,0.23529411764705882,242,129,113,113,1.875968992248062,0.6291253217950142
Government Benefits :: Access to government benefits,Government Benefits,Access to government benefits,Disability,majority,People without disabilities,160,167,0.1513538956642151,0.14781588315963745,0.762588475942114,0.712436854839325,0.28756314516067505,0.6933916211128235,0.3066083788871765,0.2970857620239258,0.2857142857142857,0.36363636363636365,155,129,26,26,1.2015503875968991,0.18361271255757444
Government Benefits :: Access to government benefits,Government Benefits,Access to government benefits,Race,majority,White people,161,167,0.17435264587402344,0.17435264587402344,0.8475023529410345,0.7163619995117188,0.28363800048828125,0.7214476466178894,0.2785523533821106,0.2810951769351959,0.35714285714285715,0.3,181,129,52,52,1.4031007751937985,0.3386846269041537
Government Benefits :: Access to government benefits,Government Benefits,Access to government benefits,Gender,minority,Women,162,167,0.27608370780944824,0.2504931688308716,0.9166889249577413,0.6781185269355774,0.3218814730644226,0.6650750041007996,0.33492499589920044,0.3284032344818115,0.07142857142857142,0.07692307692307693,241,129,112,112,1.8682170542635659,0.6249845291289828
Government Benefits :: Access to government benefits,Government Benefits,Access to government benefits,Gender Identity,majority,cisgender people,163,167,0.22543179988861084,0.22294485569000244,0.8816510054356776,0.6715879440307617,0.3284120559692383,0.6603754758834839,0.3396245241165161,0.3340182900428772,0.0,0.0,411,129,282,282,3.186046511627907,1.1587808101345625
Government Benefits :: Access to government benefits,Government Benefits,Access to government benefits,Sexual Orientation,majority,heterosexual people,164,167,0.20894289016723633,0.16034376621246338,0.8461107306783489,0.6378859281539917,0.3621140718460083,0.67322838306427,0.32677161693573,0.34444284439086914,0.14285714285714285,0.2222222222222222,178,129,49,49,1.37984496124031,0.32197114593041304
Government Benefits :: Access to government benefits,Government Benefits,Access to government benefits,Sexual Orientation,minority,homosexual people,165,167,0.2340933084487915,0.2340933084487915,0.892186301343788,0.6447577476501465,0.3552422523498535,0.6638562679290771,0.33614373207092285,0.3456929922103882,0.07142857142857142,0.09090909090909091,246,129,117,117,1.9069767441860466,0.6455191315706907
Government Benefits :: Access to government benefits,Government Benefits,Access to government benefits,Ethnicity,majority,non-Latino people,166,167,0.2439051866531372,0.2439051866531372,0.923667390046606,0.6222726106643677,0.3777273893356323,0.6408536434173584,0.3591463565826416,0.36843687295913696,0.07142857142857142,0.1,203,129,74,74,1.573643410852713,0.45339357468011515
Government Benefits :: Access to government benefits,Government Benefits,Access to government benefits,Gender Identity,minority,transgender people,168,167,0.24358642101287842,0.21816790103912354,0.9058914926169301,0.6917527914047241,0.3082472085952759,0.699445366859436,0.30055463314056396,0.3044009208679199,0.2857142857142857,0.36363636363636365,194,129,65,65,1.503875968992248,0.408045754701656
Government Benefits :: Application/approval,Government Benefits,Application/approval,Race,minority,Black people,169,180,0.22074389457702637,0.22074389457702637,0.8912591507136252,0.6740850210189819,0.32591497898101807,0.6174684762954712,0.3825315237045288,0.35422325134277344,0.125,0.03333333333333333,621,133,488,488,4.669172932330827,1.540981953711725
Government Benefits :: Application/approval,Government Benefits,Application/approval,Ethnicity,minority,Latino people,170,180,0.2389305830001831,0.2389305830001831,0.8589804302353217,0.6843448281288147,0.3156551718711853,0.6578010320663452,0.3421989679336548,0.32892706990242004,0.125,0.05263157894736842,245,133,112,112,1.8421052631578947,0.6109090823229731
Government Benefits :: Application/approval,Government Benefits,Application/approval,Gender,majority,Men,171,180,0.18527460098266602,0.17412519454956055,0.8773485908990651,0.7233926057815552,0.2766073942184448,0.7064246535301208,0.29357534646987915,0.285091370344162,0.375,0.3333333333333333,292,133,159,159,2.1954887218045114,0.786404674046528
Government Benefits :: Application/approval,Government Benefits,Application/approval,Disability,minority,People with disabilities,172,180,0.3910515308380127,0.3910515308380127,0.9846158930241462,0.6010249257087708,0.39897507429122925,0.5731526613235474,0.42684733867645264,0.41291120648384094,0.0,0.0,214,133,81,81,1.6090225563909775,0.47562688680009774
Government Benefits :: Application/approval,Government Benefits,Application/approval,Disability,majority,People without disabilities,173,180,0.21973645687103271,0.21788287162780762,0.8794349854536152,0.7054411172866821,0.29455888271331787,0.6822181344032288,0.31778186559677124,0.30617037415504456,0.375,0.21428571428571427,248,133,115,115,1.8646616541353382,0.6230796179432283
Government Benefits :: Application/approval,Government Benefits,Application/approval,Race,majority,White people,174,180,0.19402915239334106,0.19402915239334106,0.8700719960541571,0.6781281232833862,0.32187187671661377,0.6276168823242188,0.37238311767578125,0.3471274971961975,0.0,0.0,525,133,392,392,3.9473684210526314,1.3730491343698699
Government Benefits :: Application/approval,Government Benefits,Application/approval,Gender,minority,Women,175,180,0.20258617401123047,0.18758583068847656,0.8957276913632386,0.6928249597549438,0.30717504024505615,0.6433968544006348,0.35660314559936523,0.3318890929222107,0.375,0.1111111111111111,520,133,387,387,3.9097744360902253,1.3634796833537193
Government Benefits :: Application/approval,Government Benefits,Application/approval,Gender Identity,majority,cisgender people,176,180,0.23883330821990967,0.23883330821990967,0.8760830302810618,0.674485445022583,0.325514554977417,0.6610403060913086,0.3389596939086914,0.3322371244430542,0.125,0.05263157894736842,402,133,269,269,3.0225563909774436,1.1061029603972672
Government Benefits :: Application/approval,Government Benefits,Application/approval,Sexual Orientation,majority,heterosexual people,177,180,0.19716918468475342,0.19716918468475342,0.882338209810963,0.6736505031585693,0.32634949684143066,0.6674479246139526,0.33255207538604736,0.329450786113739,0.0,0.0,329,133,196,196,2.473684210526316,0.9057086225436182
Government Benefits :: Application/approval,Government Benefits,Application/approval,Sexual Orientation,minority,homosexual people,178,180,0.2127237319946289,0.2127237319946289,0.8639497324006957,0.6886393427848816,0.3113606572151184,0.6349288821220398,0.3650711178779602,0.3382158875465393,0.125,0.034482758620689655,438,133,305,305,3.293233082706767,1.1918697821546924
Government Benefits :: Application/approval,Government Benefits,Application/approval,Ethnicity,majority,non-Latino people,179,180,0.23706567287445068,0.23706567287445068,0.7512885460860554,0.716140627861023,0.28385937213897705,0.6780579686164856,0.3219420313835144,0.3029007017612457,0.25,0.16666666666666666,129,133,-4,4,0.9699248120300752,0.03053672386008165
Government Benefits :: Application/approval,Government Benefits,Application/approval,Gender Identity,minority,transgender people,181,180,0.234230637550354,0.23424184322357178,0.8651836550422037,0.6911203861236572,0.3088796138763428,0.6389503479003906,0.3610496520996094,0.3349646329879761,0.125,0.038461538461538464,575,133,442,442,4.323308270676692,1.4640209125755967
Government Benefits :: Benefit retention / renewal,Government Benefits,Benefit retention / renewal,Race,minority,Black people,182,193,0.10415637493133545,0.10415637493133545,0.6952145458464442,0.6757358312606812,0.32426416873931885,0.7013733983039856,0.2986266016960144,0.3114453852176666,0.17647058823529413,0.25,521,606,-85,85,0.8597359735973598,0.1511299443159475
Government Benefits :: Benefit retention / renewal,Government Benefits,Benefit retention / renewal,Ethnicity,minority,Latino people,183,193,0.10600632429122925,0.10600632429122925,0.7513347960658756,0.688725471496582,0.31127452850341797,0.6859883666038513,0.3140116333961487,0.3126430809497833,0.14705882352941177,0.1724137931034483,537,606,-69,69,0.8861386138613861,0.12088189156044975
Government Benefits :: Benefit retention / renewal,Government Benefits,Benefit retention / renewal,Gender,majority,Men,184,193,0.10050791501998901,0.07950460910797119,0.7282363272227078,0.7054504156112671,0.2945495843887329,0.6964699625968933,0.3035300374031067,0.2990398108959198,0.29411764705882354,0.3142857142857143,606,606,0,0,1.0,0.0
Government Benefits :: Benefit retention / renewal,Government Benefits,Benefit retention / renewal,Disability,minority,People with disabilities,185,193,0.15315598249435425,0.14896607398986816,0.8156924623788984,0.676785945892334,0.323214054107666,0.6920890212059021,0.3079109787940979,0.31556251645088196,0.20588235294117646,0.30434782608695654,436,606,-170,170,0.7194719471947195,0.32923774272028006
Government Benefits :: Benefit retention / renewal,Government Benefits,Benefit retention / renewal,Disability,majority,People without disabilities,186,193,0.0763777494430542,0.0763777494430542,0.7002256642154596,0.7125577330589294,0.28744226694107056,0.7301023602485657,0.2698976397514343,0.27866995334625244,0.2647058823529412,0.3103448275862069,528,606,-78,78,0.8712871287128713,0.13778370236305298
Government Benefits :: Benefit retention / renewal,Government Benefits,Benefit retention / renewal,Race,majority,White people,187,193,0.11707895994186401,0.11707895994186401,0.746866961055328,0.6662285327911377,0.3337714672088623,0.6733729243278503,0.32662707567214966,0.330199271440506,0.11764705882352941,0.12903225806451613,610,606,4,4,1.0066006600660067,0.0065789710980425605
Government Benefits :: Benefit retention / renewal,Government Benefits,Benefit retention / renewal,Gender,minority,Women,188,193,0.0973358154296875,0.0792650580406189,0.6981442117997425,0.6944889426231384,0.3055110573768616,0.715061604976654,0.28493839502334595,0.29522472620010376,0.23529411764705882,0.30434782608695654,448,606,-158,158,0.7392739273927392,0.30208675365432935
Government Benefits :: Benefit retention / renewal,Government Benefits,Benefit retention / renewal,Gender Identity,majority,cisgender people,189,193,0.14399033784866333,0.14399033784866333,0.7066351709293321,0.6843687891960144,0.3156312108039856,0.6885659694671631,0.3114340305328369,0.31353262066841125,0.14705882352941177,0.2,477,606,-129,129,0.7871287128712872,0.2393634951809732
Government Benefits :: Benefit retention / renewal,Government Benefits,Benefit retention / renewal,Sexual Orientation,majority,heterosexual people,190,193,0.13203394412994385,0.13203394412994385,0.8019893745551683,0.6758062243461609,0.3241937756538391,0.6862393021583557,0.3137606978416443,0.3189772367477417,0.029411764705882353,0.043478260869565216,409,606,-197,197,0.6749174917491749,0.3931648300265127
Government Benefits :: Benefit retention / renewal,Government Benefits,Benefit retention / renewal,Sexual Orientation,minority,homosexual people,191,193,0.17200732231140137,0.17200732231140137,0.8286499061331779,0.6712787747383118,0.32872122526168823,0.6832129955291748,0.3167870044708252,0.3227541148662567,0.14705882352941177,0.19230769230769232,444,606,-162,162,0.7326732673267327,0.3110554236370897
Government Benefits :: Benefit retention / renewal,Government Benefits,Benefit retention / renewal,Ethnicity,majority,non-Latino people,192,193,0.08674252033233643,0.08674252033233643,0.6983371470302878,0.6995284557342529,0.30047154426574707,0.7107487320899963,0.28925126791000366,0.29486140608787537,0.20588235294117646,0.23333333333333334,605,606,-1,1,0.9983498349834984,0.0016515280384729533
Government Benefits :: Benefit retention / renewal,Government Benefits,Benefit retention / renewal,Gender Identity,minority,transgender people,194,193,0.12673556804656982,0.11769461631774902,0.7757080733571469,0.6694898009300232,0.3305101990699768,0.6820241212844849,0.31797587871551514,0.32424303889274597,0.14705882352941177,0.15384615384615385,523,606,-83,83,0.863036303630363,0.1472985220043916
Healthcare :: Insurance coverage,Healthcare,Insurance coverage,Race,minority,Black people,195,206,0.24461853504180908,0.22342908382415771,0.8463837684540128,0.6557985544204712,0.3442014455795288,0.6657894849777222,0.33421051502227783,0.3392059803009033,0.1,0.125,266,165,101,101,1.612121212121212,0.47755083488111844
Healthcare :: Insurance coverage,Healthcare,Insurance coverage,Ethnicity,minority,Latino people,196,206,0.24875372648239136,0.2301487922668457,0.8684305519996328,0.6459360718727112,0.3540639281272888,0.6936171054840088,0.3063828945159912,0.33022341132164,0.15,0.23076923076923078,220,165,55,55,1.3333333333333333,0.28768207245178085
Healthcare :: Insurance coverage,Healthcare,Insurance coverage,Gender,majority,Men,197,206,0.23513782024383545,0.19282007217407227,0.8080580738943723,0.6950427293777466,0.3049572706222534,0.7122215032577515,0.28777849674224854,0.296367883682251,0.2,0.2,262,165,97,97,1.587878787878788,0.46239902986051623
Healthcare :: Insurance coverage,Healthcare,Insurance coverage,Disability,minority,People with disabilities,198,206,0.24125969409942627,0.2276477813720703,0.8435576395759584,0.7201293706893921,0.2798706293106079,0.7131928205490112,0.28680717945098877,0.28333890438079834,0.3,0.2727272727272727,210,165,45,45,1.2727272727272727,0.24116205681688804
Healthcare :: Insurance coverage,Healthcare,Insurance coverage,Disability,majority,People without disabilities,199,206,0.2707040309906006,0.24401283264160156,0.8296507829026117,0.7288931012153625,0.27110689878463745,0.7258486747741699,0.2741513252258301,0.27262911200523376,0.3,0.2857142857142857,225,165,60,60,1.3636363636363635,0.31015492830383945
Healthcare :: Insurance coverage,Healthcare,Insurance coverage,Race,majority,White people,200,206,0.2579686641693115,0.24316340684890747,0.8442657462939902,0.6504815816879272,0.34951841831207275,0.6773185133934021,0.3226814866065979,0.3360999524593353,0.15,0.2,242,165,77,77,1.4666666666666666,0.3829922522561057
Healthcare :: Insurance coverage,Healthcare,Insurance coverage,Gender,minority,Women,201,206,0.2317584753036499,0.21184951066970825,0.7969242630286014,0.740280032157898,0.25971996784210205,0.7196323871612549,0.2803676128387451,0.2700437903404236,0.4,0.28,266,165,101,101,1.612121212121212,0.47755083488111844
Healthcare :: Insurance coverage,Healthcare,Insurance coverage,Gender Identity,majority,cisgender people,202,206,0.19956576824188232,0.18413853645324707,0.7758042457782277,0.6791083216667175,0.32089167833328247,0.7483506798744202,0.25164932012557983,0.28627049922943115,0.2,0.5,187,165,22,22,1.1333333333333333,0.125163142954006
Healthcare :: Insurance coverage,Healthcare,Insurance coverage,Sexual Orientation,majority,heterosexual people,203,206,0.20772451162338257,0.1908048391342163,0.8063813846800317,0.7089300751686096,0.2910699248313904,0.7202292680740356,0.27977073192596436,0.28542032837867737,0.2,0.29411764705882354,172,165,7,7,1.0424242424242425,0.04154900291287248
Healthcare :: Insurance coverage,Healthcare,Insurance coverage,Sexual Orientation,minority,homosexual people,204,206,0.2549876570701599,0.2549876570701599,0.8000664697514661,0.6830567717552185,0.3169432282447815,0.704487144947052,0.295512855052948,0.30622804164886475,0.1,0.1111111111111111,216,165,51,51,1.309090909090909,0.26933293378358436
Healthcare :: Insurance coverage,Healthcare,Insurance coverage,Ethnicity,majority,non-Latino people,205,206,0.2741217613220215,0.2741217613220215,0.7726292531036191,0.6966652274131775,0.3033347725868225,0.7111737728118896,0.28882622718811035,0.29608049988746643,0.3,0.3684210526315789,124,165,-41,41,0.7515151515151515,0.28566390829554383
Healthcare :: Insurance coverage,Healthcare,Insurance coverage,Gender Identity,minority,transgender people,207,206,0.308862566947937,0.308862566947937,0.8752908843896025,0.671674907207489,0.328325092792511,0.6982947587966919,0.3017052412033081,0.31501516699790955,0.15,0.13636363636363635,363,165,198,198,2.2,0.7884573603642703
Healthcare :: Patient safety,Healthcare,Patient safety,Race,minority,Black people,208,219,0.237951397895813,0.21827876567840576,0.8558124694926236,0.7214165329933167,0.27858346700668335,0.7217261791229248,0.2782738208770752,0.2784286439418793,0.3684210526315789,0.375,274,250,24,24,1.096,0.09166718852582387
Healthcare :: Patient safety,Healthcare,Patient safety,Ethnicity,minority,Latino people,209,219,0.3014233708381653,0.3014233708381653,0.8839690145979129,0.6834717988967896,0.31652820110321045,0.6903529763221741,0.3096470236778259,0.3130876123905182,0.15789473684210525,0.18181818181818182,217,250,-33,33,0.868,0.14156356432178688
Healthcare :: Patient safety,Healthcare,Patient safety,Gender,majority,Men,210,219,0.22139692306518555,0.19105982780456543,0.8202993503865328,0.7375101447105408,0.26248985528945923,0.744823157787323,0.255176842212677,0.2588333487510681,0.3684210526315789,0.4666666666666667,236,250,-14,14,0.944,0.057629112836636416
Healthcare :: Patient safety,Healthcare,Patient safety,Disability,minority,People with disabilities,211,219,0.21467649936676025,0.20410192012786865,0.8540047223336065,0.7094264626502991,0.2905735373497009,0.7199380397796631,0.2800619602203369,0.2853177487850189,0.15789473684210525,0.3076923076923077,227,250,-23,23,0.908,0.09651090038084373
Healthcare :: Patient safety,Healthcare,Patient safety,Disability,majority,People without disabilities,212,219,0.12162363529205322,0.12162363529205322,0.6320220370752483,0.7771267294883728,0.2228732705116272,0.7928203344345093,0.20717966556549072,0.21502646803855896,0.6842105263157895,0.75,209,250,-41,41,0.836,0.17912666589743548
Healthcare :: Patient safety,Healthcare,Patient safety,Race,majority,White people,213,219,0.23479706048965454,0.2172682285308838,0.8424255467780603,0.6726223826408386,0.3273776173591614,0.7009641528129578,0.29903584718704224,0.3132067322731018,0.21052631578947367,0.2727272727272727,262,250,12,12,1.048,0.04688358589885046
Healthcare :: Patient safety,Healthcare,Patient safety,Gender,minority,Women,214,219,0.2985060214996338,0.28615790605545044,0.8483970444957334,0.7084227204322815,0.2915772795677185,0.6880982518196106,0.3119017481803894,0.30173951387405396,0.3157894736842105,0.3125,234,250,-16,16,0.936,0.06613980250454495
Healthcare :: Patient safety,Healthcare,Patient safety,Gender Identity,majority,cisgender people,215,219,0.328283429145813,0.31099438667297363,0.847906533236231,0.6994128823280334,0.30058711767196655,0.6766277551651001,0.3233722448348999,0.3119796812534332,0.21052631578947367,0.23529411764705882,359,250,109,109,1.436,0.3618614706260324
Healthcare :: Patient safety,Healthcare,Patient safety,Sexual Orientation,majority,heterosexual people,216,219,0.2390608787536621,0.2143232226371765,0.814895231040346,0.7184951901435852,0.2815048098564148,0.7287939190864563,0.2712060809135437,0.27635544538497925,0.21052631578947367,0.3333333333333333,197,250,-53,53,0.788,0.2382571891242579
Healthcare :: Patient safety,Healthcare,Patient safety,Sexual Orientation,minority,homosexual people,217,219,0.3012685775756836,0.3012685775756836,0.8689618253129893,0.6675966382026672,0.33240336179733276,0.6753725409507751,0.32462745904922485,0.3285154104232788,0.05263157894736842,0.07692307692307693,235,250,-15,15,0.94,0.06187540371808753
Healthcare :: Patient safety,Healthcare,Patient safety,Ethnicity,majority,non-Latino people,218,219,0.24377590417861938,0.24377590417861938,0.881576339095336,0.6795424222946167,0.3204575777053833,0.6918046474456787,0.3081953525543213,0.3143264651298523,0.10526315789473684,0.18181818181818182,188,250,-62,62,0.752,0.28501895503229724
Healthcare :: Patient safety,Healthcare,Patient safety,Gender Identity,minority,transgender people,220,219,0.2676864266395569,0.26029014587402344,0.8527660679577432,0.7221067547798157,0.2778932452201843,0.6966695785522461,0.3033304214477539,0.2906118333339691,0.3157894736842105,0.22727272727272727,354,250,104,104,1.416,0.347835995271528
Healthcare :: Preventive care,Healthcare,Preventive care,Race,minority,Black people,221,232,0.1649550199508667,0.13574784994125366,0.8680312019025953,0.7328466773033142,0.2671533226966858,0.7090660333633423,0.2909339666366577,0.27904364466667175,0.3333333333333333,0.23076923076923078,200,234,-34,34,0.8547008547008547,0.1570037488096648
Healthcare :: Preventive care,Healthcare,Preventive care,Ethnicity,minority,Latino people,222,232,0.20432615280151367,0.18421995639801025,0.8514511599663812,0.716603696346283,0.28339630365371704,0.6937247514724731,0.30627524852752686,0.29483577609062195,0.2222222222222222,0.19047619047619047,299,234,65,65,1.2777777777777777,0.2451224580329849
Healthcare :: Preventive care,Healthcare,Preventive care,Gender,majority,Men,223,232,0.18545383214950562,0.13583660125732422,0.8235992419006715,0.7274867296218872,0.2725132703781128,0.7303918600082397,0.26960813999176025,0.2710607051849365,0.3333333333333333,0.25,254,234,20,20,1.0854700854700854,0.08201315166083507
Healthcare :: Preventive care,Healthcare,Preventive care,Disability,minority,People with disabilities,224,232,0.18194568157196045,0.15245765447616577,0.827311981850045,0.7452338337898254,0.25476616621017456,0.7210156917572021,0.27898430824279785,0.2668752372264862,0.3888888888888889,0.3,289,234,55,55,1.235042735042735,0.21110557275473077
Healthcare :: Preventive care,Healthcare,Preventive care,Disability,majority,People without disabilities,225,232,0.1808350682258606,0.1616365909576416,0.8280659795366287,0.6907778978347778,0.30922210216522217,0.7295514345169067,0.27044856548309326,0.2898353338241577,0.16666666666666666,0.375,169,234,-65,65,0.7222222222222222,0.325422400434628
Healthcare :: Preventive care,Healthcare,Preventive care,Race,majority,White people,226,232,0.1463068723678589,0.1463068723678589,0.8704288750081537,0.672137975692749,0.327862024307251,0.7174053192138672,0.2825946807861328,0.3052283525466919,0.16666666666666666,0.3333333333333333,189,234,-45,45,0.8076923076923077,0.21357410029805904
Healthcare :: Preventive care,Healthcare,Preventive care,Gender,minority,Women,227,232,0.17112505435943604,0.13103270530700684,0.7767952451864806,0.7497069239616394,0.2502930760383606,0.7366807460784912,0.2633192539215088,0.2568061649799347,0.2222222222222222,0.2,295,234,61,61,1.2606837606837606,0.23165424098211837
Healthcare :: Preventive care,Healthcare,Preventive care,Gender Identity,majority,cisgender people,228,232,0.18474185466766357,0.17505812644958496,0.7419568565720911,0.7448608875274658,0.2551391124725342,0.7458397150039673,0.2541602849960327,0.25464969873428345,0.3333333333333333,0.4375,275,234,41,41,1.1752136752136753,0.1614499823088699
Healthcare :: Preventive care,Healthcare,Preventive care,Sexual Orientation,majority,heterosexual people,229,232,0.20055556297302246,0.17676055431365967,0.8504413941452513,0.7247650027275085,0.27523499727249146,0.7130855321884155,0.2869144678115845,0.28107473254203796,0.3888888888888889,0.38461538461538464,203,234,-31,31,0.8675213675213675,0.14211513631591408
Healthcare :: Preventive care,Healthcare,Preventive care,Sexual Orientation,minority,homosexual people,230,232,0.19104814529418945,0.19104814529418945,0.8655948539522825,0.6814925670623779,0.31850743293762207,0.6906476020812988,0.30935239791870117,0.3139299154281616,0.2222222222222222,0.1875,294,234,60,60,1.2564102564102564,0.22825865198098017
Healthcare :: Preventive care,Healthcare,Preventive care,Ethnicity,majority,non-Latino people,231,232,0.1928647756576538,0.1928647756576538,0.865820641271912,0.6728162169456482,0.3271837830543518,0.6870799660682678,0.3129200339317322,0.320051908493042,0.16666666666666666,0.15384615384615385,393,234,159,159,1.6794871794871795,0.5184884965115598
Healthcare :: Preventive care,Healthcare,Preventive care,Gender Identity,minority,transgender people,233,232,0.23588156700134277,0.23588156700134277,0.8139677718498535,0.67020183801651,0.32979816198349,0.661823034286499,0.338176965713501,0.3339875638484955,0.05555555555555555,0.058823529411764705,299,234,65,65,1.2777777777777777,0.2451224580329849
Housing :: Access to housing,Housing,Access to housing,Race,minority,Black people,234,245,0.21338152885437012,0.204382061958313,0.8466490463509786,0.7052111029624939,0.2947888970375061,0.6901202201843262,0.30987977981567383,0.30233433842658997,0.3333333333333333,0.25,318,232,86,86,1.3706896551724137,0.3153140111138668
Housing :: Access to housing,Housing,Access to housing,Ethnicity,minority,Latino people,235,245,0.1588318943977356,0.14079922437667847,0.9078455207483858,0.719213604927063,0.280786395072937,0.7343831658363342,0.26561683416366577,0.2732016146183014,0.26666666666666666,0.35714285714285715,307,232,75,75,1.3232758620689655,0.2801103759208872
Housing :: Access to housing,Housing,Access to housing,Gender,majority,Men,236,245,0.1709669828414917,0.13737571239471436,0.830139938665422,0.7673256993293762,0.23267430067062378,0.7683804631233215,0.23161953687667847,0.23214691877365112,0.6,0.6153846153846154,197,232,-35,35,0.8491379310344828,0.16353364292832145
Housing :: Access to housing,Housing,Access to housing,Disability,minority,People with disabilities,237,245,0.15701311826705933,0.15171408653259277,0.8810092251168957,0.7361631393432617,0.2638368606567383,0.699056088924408,0.30094391107559204,0.28239038586616516,0.3333333333333333,0.2222222222222222,245,232,13,13,1.0560344827586208,0.05452083887841711
Housing :: Access to housing,Housing,Access to housing,Disability,majority,People without disabilities,238,245,0.18073618412017822,0.1803492307662964,0.8914849966704178,0.692507803440094,0.307492196559906,0.6904093623161316,0.3095906376838684,0.3085414171218872,0.13333333333333333,0.16666666666666666,237,232,5,5,1.021551724137931,0.021322769468821244
Housing :: Access to housing,Housing,Access to housing,Race,majority,White people,239,245,0.20606589317321777,0.20606589317321777,0.9186118189855687,0.6619108319282532,0.3380891680717468,0.7029806971549988,0.2970193028450012,0.317554235458374,0.06666666666666667,0.07692307692307693,262,232,30,30,1.1293103448275863,0.12160713209478698
Housing :: Access to housing,Housing,Access to housing,Gender,minority,Women,240,245,0.15794897079467773,0.12614810466766357,0.8856832596533052,0.7922065258026123,0.2077934741973877,0.7715725302696228,0.2284274697303772,0.21811047196388245,0.6666666666666666,0.625,217,232,-15,15,0.9353448275862069,0.06684001812585046
Housing :: Access to housing,Housing,Access to housing,Gender Identity,majority,cisgender people,241,245,0.1985628604888916,0.17807984352111816,0.9277208345502013,0.6664937138557434,0.3335062861442566,0.6866087317466736,0.3133912682533264,0.3234487771987915,0.13333333333333333,0.2222222222222222,185,232,-47,47,0.7974137931034483,0.22638154658798512
Housing :: Access to housing,Housing,Access to housing,Sexual Orientation,majority,heterosexual people,242,245,0.15107548236846924,0.13031935691833496,0.9125147150886919,0.7091729640960693,0.29082703590393066,0.751064121723175,0.24893587827682495,0.2698814570903778,0.26666666666666666,0.5,190,232,-42,42,0.8189655172413793,0.19971329950582378
Housing :: Access to housing,Housing,Access to housing,Sexual Orientation,minority,homosexual people,243,245,0.16323089599609375,0.16323089599609375,0.8995312482246051,0.7006779909133911,0.2993220090866089,0.7100312113761902,0.2899687886238098,0.29464539885520935,0.2,0.3,300,232,68,68,1.293103448275862,0.25704510298989114
Housing :: Access to housing,Housing,Access to housing,Ethnicity,majority,non-Latino people,244,245,0.22506725788116455,0.22506725788116455,0.9162795123926251,0.6552187204360962,0.3447812795639038,0.7036566138267517,0.2963433861732483,0.32056233286857605,0.2,0.21428571428571427,208,232,-24,24,0.896551724137931,0.10919929196499197
Housing :: Access to housing,Housing,Access to housing,Gender Identity,minority,transgender people,246,245,0.18389326333999634,0.17077785730361938,0.8810111280767364,0.7225600481033325,0.2774399518966675,0.6895179152488708,0.31048208475112915,0.2939610183238983,0.3333333333333333,0.2,350,232,118,118,1.5086206896551724,0.41119578281714936
Housing :: Homelessness,Housing,Homelessness,Race,minority,Black people,247,258,0.22506046295166016,0.2102685570716858,0.9108048018044685,0.7021692991256714,0.2978307008743286,0.6975653171539307,0.30243468284606934,0.300132691860199,0.23529411764705882,0.1875,268,265,3,3,1.0113207547169811,0.011257154524634468
Housing :: Homelessness,Housing,Homelessness,Ethnicity,minority,Latino people,248,258,0.20122337341308594,0.19499516487121582,0.8741395696882227,0.7015942931175232,0.2984057068824768,0.7413032054901123,0.2586967945098877,0.27855125069618225,0.29411764705882354,0.4,204,265,-61,61,0.769811320754717,0.2616098321420057
Housing :: Homelessness,Housing,Homelessness,Gender,majority,Men,249,258,0.15974748134613037,0.12986892461776733,0.7262228183743147,0.7728450894355774,0.2271549105644226,0.7774724364280701,0.22252756357192993,0.22484123706817627,0.5882352941176471,0.6470588235294118,317,265,52,52,1.1962264150943396,0.17917194789105836
Housing :: Homelessness,Housing,Homelessness,Disability,minority,People with disabilities,250,258,0.19625616073608398,0.18242931365966797,0.894905867244342,0.7393684983253479,0.2606315016746521,0.7318788766860962,0.2681211233139038,0.26437631249427795,0.29411764705882354,0.29411764705882354,283,265,18,18,1.0679245283018868,0.0657170716570154
Housing :: Homelessness,Housing,Homelessness,Disability,majority,People without disabilities,251,258,0.09020483493804932,0.09020483493804932,0.6775391733830682,0.7604619264602661,0.2395380735397339,0.811344563961029,0.18865543603897095,0.21409675478935242,0.5882352941176471,0.6923076923076923,206,265,-59,59,0.7773584905660378,0.25185365719664105
Housing :: Homelessness,Housing,Homelessness,Race,majority,White people,252,258,0.15884095430374146,0.15884095430374146,0.8164934689831853,0.7362146973609924,0.26378530263900757,0.7866023778915405,0.21339762210845947,0.23859146237373352,0.4117647058823529,0.6363636363636364,212,265,-53,53,0.8,0.2231435513142097
Housing :: Homelessness,Housing,Homelessness,Gender,minority,Women,253,258,0.2051708698272705,0.18330729007720947,0.8484761774605185,0.7187743186950684,0.28122568130493164,0.7447264790534973,0.2552735209465027,0.26824960112571716,0.29411764705882354,0.5,219,265,-46,46,0.8264150943396227,0.19065809616972135
Housing :: Homelessness,Housing,Homelessness,Gender Identity,majority,cisgender people,254,258,0.18906819820404053,0.15517020225524902,0.7438925086226668,0.7804154753684998,0.21958452463150024,0.7836126089096069,0.21638739109039307,0.21798595786094666,0.7058823529411765,0.7333333333333333,253,265,-12,12,0.9547169811320755,0.046340337258701965
Housing :: Homelessness,Housing,Homelessness,Sexual Orientation,majority,heterosexual people,255,258,0.11204075813293457,0.09324377775192261,0.6520272662270321,0.7923155426979065,0.2076844573020935,0.7880352735519409,0.21196472644805908,0.2098245918750763,0.6470588235294118,0.5789473684210527,334,265,69,69,1.260377358490566,0.23141116699047817
Housing :: Homelessness,Housing,Homelessness,Sexual Orientation,minority,homosexual people,256,258,0.22431647777557373,0.22431647777557373,0.9435154925534891,0.6858521699905396,0.31414783000946045,0.685415506362915,0.31458449363708496,0.3143661618232727,0.11764705882352941,0.2,264,265,-1,1,0.9962264150943396,0.0037807228399060443
Housing :: Homelessness,Housing,Homelessness,Ethnicity,majority,non-Latino people,257,258,0.14917731285095215,0.14917731285095215,0.8280281925887983,0.7889629602432251,0.2110370397567749,0.7996507883071899,0.20034921169281006,0.20569312572479248,0.6470588235294118,0.6153846153846154,224,265,-41,41,0.8452830188679246,0.1680837741311823
Housing :: Homelessness,Housing,Homelessness,Gender Identity,minority,transgender people,259,258,0.2362813949584961,0.2332422137260437,0.9325218399749057,0.6544056534767151,0.3455943465232849,0.6912938356399536,0.3087061643600464,0.32715025544166565,0.0,0.0,234,265,-31,31,0.8830188679245283,0.12440871062852076
Housing :: Housing stability,Housing,Housing stability,Race,minority,Black people,260,271,0.20248538255691528,0.20248538255691528,0.9370906193308239,0.6775672435760498,0.3224327564239502,0.6584653854370117,0.3415346145629883,0.33198368549346924,0.125,0.10526315789473684,177,240,-63,63,0.7375,0.3044891907681621
Housing :: Housing stability,Housing,Housing stability,Ethnicity,minority,Latino people,261,271,0.14075982570648193,0.14075982570648193,0.8758172908915595,0.7051423788070679,0.29485762119293213,0.7172062993049622,0.28279370069503784,0.288825660943985,0.25,0.29411764705882354,313,240,73,73,1.3041666666666667,0.26556426719816195
Housing :: Housing stability,Housing,Housing stability,Gender,majority,Men,262,271,0.13040447235107422,0.10987204313278198,0.7679010348625285,0.7909448146820068,0.20905518531799316,0.7928726077079773,0.2071273922920227,0.20809128880500793,0.625,0.6470588235294118,204,240,-36,36,0.85,0.16251892949777494
Housing :: Housing stability,Housing,Housing stability,Disability,minority,People with disabilities,263,271,0.13958293199539185,0.12913912534713745,0.8562010114193294,0.7144615650177002,0.2855384349822998,0.7016139030456543,0.2983860969543457,0.29196226596832275,0.375,0.35294117647058826,242,240,2,2,1.0083333333333333,0.008298802814695064
Housing :: Housing stability,Housing,Housing stability,Disability,majority,People without disabilities,264,271,0.10674089193344116,0.09747135639190674,0.7887007114413229,0.7560769319534302,0.24392306804656982,0.7479963302612305,0.25200366973876953,0.24796336889266968,0.5,0.35294117647058826,187,240,-53,53,0.7791666666666667,0.24953030648740468
Housing :: Housing stability,Housing,Housing stability,Race,majority,White people,265,271,0.22358059883117676,0.2057795524597168,0.9088588957609757,0.6554856896400452,0.34451431035995483,0.6947819590568542,0.30521804094314575,0.3248661756515503,0.125,0.25,171,240,-69,69,0.7125,0.33897536683933144
Housing :: Housing stability,Housing,Housing stability,Gender,minority,Women,266,271,0.15613025426864624,0.13169527053833008,0.8697550041556193,0.7590523958206177,0.24094760417938232,0.7288339138031006,0.2711660861968994,0.25605684518814087,0.5,0.3333333333333333,233,240,-7,7,0.9708333333333333,0.029600469776290744
Housing :: Housing stability,Housing,Housing stability,Gender Identity,majority,cisgender people,267,271,0.14697265625,0.10395663976669312,0.8371281865225279,0.7476924657821655,0.2523075342178345,0.7532063722610474,0.24679362773895264,0.24955058097839355,0.4375,0.5384615384615384,176,240,-64,64,0.7333333333333333,0.3101549283038396
Housing :: Housing stability,Housing,Housing stability,Sexual Orientation,majority,heterosexual people,268,271,0.10379314422607422,0.10379314422607422,0.7207857854704073,0.7854980230331421,0.2145019769668579,0.7900550365447998,0.2099449634552002,0.21222347021102905,0.5625,0.5384615384615384,184,240,-56,56,0.7666666666666667,0.2657031657330056
Housing :: Housing stability,Housing,Housing stability,Sexual Orientation,minority,homosexual people,269,271,0.2072138786315918,0.2072138786315918,0.941129249130899,0.6686891317367554,0.33131086826324463,0.6725224256515503,0.3274775743484497,0.32939422130584717,0.125,0.15,308,240,68,68,1.2833333333333334,0.24946085963158324
Housing :: Housing stability,Housing,Housing stability,Ethnicity,majority,non-Latino people,270,271,0.16632580757141113,0.16632580757141113,0.8526922184240413,0.7187268733978271,0.28127312660217285,0.6777065992355347,0.32229340076446533,0.3017832636833191,0.25,0.13043478260869565,187,240,-53,53,0.7791666666666667,0.24953030648740468
Housing :: Housing stability,Housing,Housing stability,Gender Identity,minority,transgender people,272,271,0.1694985032081604,0.1472533941268921,0.8730487466080121,0.6864458322525024,0.31355416774749756,0.6984800100326538,0.3015199899673462,0.3075370788574219,0.1875,0.26666666666666666,288,240,48,48,1.2,0.1823215567939546
