registrable_domain,n_sources,n_success,n_timeout,n_robots_blocked,success_rate
19thnews.org,1,1,0,0,1.0
aacn.org,1,1,0,0,1.0
aacnnursing.org,1,1,0,0,1.0
abilitycentral.org,1,1,0,0,1.0
acl.gov,1,0,0,0,0.0
aclu-il.org,1,1,0,0,1.0
aclu.org,3,3,0,0,1.0
activatedinsights.com,1,0,0,0,0.0
acus.gov,1,0,0,0,0.0
adata.org,1,1,0,0,1.0
adp.com,1,0,0,0,0.0
advancingpretrial.org,1,0,0,0,0.0
advocate.com,1,1,0,0,1.0
aeaweb.org,1,1,0,0,1.0
aeisadvisors.com,2,2,0,0,1.0
aft.org,1,1,0,0,1.0
aibm.org,1,1,0,0,1.0
ajpmonline.org,1,0,0,0,0.0
alight.com,1,1,0,0,1.0
americanbar.org,1,0,0,0,0.0
americanprogress.org,12,0,0,0,0.0
ameriprise.com,1,1,0,0,1.0
ameritas.com,1,1,0,0,1.0
apa.org,1,1,0,0,1.0
aptia-group.com,1,1,0,0,1.0
arxiv.org,1,1,0,0,1.0
asanet.org,2,0,0,0,0.0
askearn.org,1,1,0,0,1.0
aspeninstitute.org,1,0,0,0,0.0
auckland.ac.nz,1,1,0,0,1.0
autismspeaks.org,1,1,0,0,1.0
avp.org,1,1,0,0,1.0
azcentralcu.org,1,1,0,0,1.0
bankpullman.com,1,1,0,0,1.0
bannerbank.com,1,1,0,0,1.0
benefitspro.com,1,0,0,0,0.0
benefitwerks.com,1,0,0,0,0.0
berkeley.edu,1,1,0,0,1.0
bestcolleges.com,3,3,0,0,1.0
bipartisanpolicy.org,1,0,0,0,0.0
bls.gov,2,0,0,0,0.0
bofa.com,1,1,0,0,1.0
brainly.com,1,0,0,0,0.0
brookfieldresidential.com,1,1,0,0,1.0
brookings.edu,5,5,0,0,1.0
bu.edu,2,2,0,0,1.0
cambridge.org,2,0,0,0,0.0
canada.ca,1,0,0,0,0.0
cbcfinc.org,1,1,0,0,1.0
cbpp.org,1,0,0,0,0.0
cdc.gov,2,0,0,0,0.0
centier.com,1,1,0,0,1.0
cepr.net,1,0,0,0,0.0
chartspan.com,1,1,0,0,1.0
chci.org,1,1,0,0,1.0
chop.edu,1,1,0,0,1.0
christensengroup.com,1,1,0,0,1.0
chro.org,1,0,0,0,0.0
cjcenter.org,1,1,0,0,1.0
clarku.edu,1,1,0,0,1.0
clasp.org,1,1,0,0,1.0
cms.gov,1,1,0,0,1.0
cnbc.com,1,1,0,0,1.0
confex.com,1,1,0,0,1.0
counciloncj.org,3,3,0,0,1.0
covey.org,1,1,0,0,1.0
creditkarma.com,1,1,0,0,1.0
csgjusticecenter.org,1,1,0,0,1.0
cuny.edu,2,1,0,0,0.5
cuofga.org,1,1,0,0,1.0
db101.org,2,2,0,0,1.0
dc.gov,1,1,0,0,1.0
dcba.org,1,0,0,0,0.0
debtekawa.com,1,1,0,0,1.0
deel.com,1,1,0,0,1.0
digitalgovernmenthub.org,3,1,0,2,0.3333333333333333
disabilityrightsca.org,1,0,0,0,0.0
dol.gov,1,0,0,0,0.0
dukeupress.edu,2,0,0,0,0.0
eab.com,1,1,0,0,1.0
eastersealsar.com,1,1,0,0,1.0
ebpa.net,1,1,0,0,1.0
ebsco.com,4,4,0,0,1.0
ed.gov,4,3,0,0,0.75
edexcelencia.org,2,2,0,0,1.0
edsurge.com,1,1,0,0,1.0
edtrust.org,1,1,0,0,1.0
eeoc.gov,1,1,0,0,1.0
eesipeo.com,1,0,0,0,0.0
elevancehealth.com,1,1,0,0,1.0
emerald.com,3,0,0,0,0.0
enablingdevices.com,1,0,0,0,0.0
endhomelessness.org,1,1,0,0,1.0
epgn.com,1,1,0,0,1.0
epi.org,2,0,0,0,0.0
equitablegrowth.org,1,1,0,0,1.0
equityinhighered.org,1,1,0,0,1.0
evawintl.org,1,0,0,0,0.0
experian.com,7,7,0,0,1.0
facebook.com,2,0,0,2,0.0
fbi.gov,1,0,0,0,0.0
federalreserve.gov,2,2,0,0,1.0
fenwayhealth.org,1,1,0,0,1.0
forbes.com,1,0,0,0,0.0
fordhaminstitute.org,1,1,0,0,1.0
freedomcu.org,1,1,0,0,1.0
ftc.gov,1,1,0,0,1.0
georgetown.edu,2,1,1,0,0.5
getebm.com,1,1,0,0,1.0
globalcu.org,1,1,0,0,1.0
go-vip.net,1,0,0,0,0.0
gradpartnership.org,2,2,0,0,1.0
gsdrc.org,1,1,0,0,1.0
guardianlife.com,1,1,0,0,1.0
habitat.org,1,1,0,0,1.0
habitatcltregion.org,1,1,0,0,1.0
har.com,1,0,0,0,0.0
harvard.edu,1,1,0,0,1.0
harvardmagazine.com,1,0,0,0,0.0
hbs.edu,1,1,0,0,1.0
hbtbank.com,1,1,0,0,1.0
health.gov,2,2,0,0,1.0
healthaffairs.org,3,0,0,0,0.0
healthriskgroupbenefits.ca,2,0,0,0,0.0
hhs.gov,1,0,0,0,0.0
higheredtoday.org,1,1,0,0,1.0
hispanicresearchcenter.org,2,2,0,0,1.0
house.gov,2,2,0,0,1.0
housingsolutionstulsa.org,1,1,0,0,1.0
housingstudies.org,1,1,0,0,1.0
hrc.org,4,4,0,0,1.0
hruth.org,1,0,0,0,0.0
hsaforamerica.com,1,1,0,0,1.0
hss.edu,1,1,0,0,1.0
ifebp.org,1,1,0,0,1.0
ifstudies.org,1,1,0,0,1.0
illinois.edu,2,2,0,0,1.0
imacorp.com,1,1,0,0,1.0
informedpoliceresponses.com,1,0,0,0,0.0
investopedia.com,2,0,0,0,0.0
jbhe.com,1,1,0,0,1.0
jhu.edu,4,0,0,2,0.0
joinforma.com,1,1,0,0,1.0
journal-bpa.org,2,2,0,0,1.0
kansascityfed.org,1,0,1,0,0.0
kff.org,1,1,0,0,1.0
latimes.com,1,1,0,0,1.0
learn2care.us,1,1,0,0,1.0
linkedin.com,1,0,0,1,0.0
lrn.com,1,1,0,0,1.0
lsuhsc.edu,1,1,0,0,1.0
luminafoundation.org,3,3,0,0,1.0
marquette.edu,1,0,0,0,0.0
mavenclinic.com,1,1,0,0,1.0
mdpi.com,3,0,0,0,0.0
medium.com,2,0,0,0,0.0
medpro.com,1,1,0,0,1.0
mercer.com,1,1,0,0,1.0
minneapolisfed.org,1,1,0,0,1.0
moneymanagement.org,1,1,0,0,1.0
mortgageequitypartners.com,1,0,0,0,0.0
ms.now,1,1,0,0,1.0
myfico.com,1,1,0,0,1.0
nacdd.org,1,1,0,0,1.0
nacdl.org,1,1,0,0,1.0
nationaldisabilityinstitute.org,2,2,0,0,1.0
nationalfairhousing.org,1,1,0,0,1.0
nature.com,1,1,0,0,1.0
nbcnews.com,2,2,0,0,1.0
nclc.org,1,1,0,0,1.0
ncld.org,2,2,0,0,1.0
nefe.org,1,1,0,0,1.0
nelp.org,3,3,0,0,1.0
nerdwallet.com,2,1,0,0,0.5
nextcity.org,1,0,0,0,0.0
nih.gov,101,101,0,0,1.0
nisbenefits.com,1,1,0,0,1.0
njcommonground.org,1,1,0,0,1.0
nlihc.org,2,2,0,0,1.0
nscresearchcenter.org,1,1,0,0,1.0
nursingtimes.net,1,1,0,0,1.0
nursingworld.org,1,1,0,0,1.0
ojp.gov,8,8,0,0,1.0
oliviabergman.com,1,1,0,0,1.0
opportunityhome.org,1,0,0,0,0.0
opportunityinsights.org,1,1,0,0,1.0
oup.com,7,0,0,0,0.0
outandequal.org,1,1,0,0,1.0
pcc.edu,1,1,0,0,1.0
penncapital-star.com,1,0,0,0,0.0
pewresearch.org,5,4,0,0,0.8
philadelphiafed.org,1,1,0,0,1.0
planadviser.com,1,0,0,0,0.0
planningmalaysia.org,1,0,0,0,0.0
pn3policy.org,1,1,0,0,1.0
pointfoundation.org,1,1,0,0,1.0
policechiefmagazine.org,3,3,0,0,1.0
policinginsight.com,1,1,0,0,1.0
policingproject.org,1,1,0,0,1.0
policycommons.net,1,0,0,0,0.0
powertofly.com,1,1,0,0,1.0
ppic.org,1,0,0,0,0.0
prestigepeo.com,1,1,0,0,1.0
princeton.edu,1,0,1,0,0.0
prisonpolicy.org,2,2,0,0,1.0
prospects.ac.uk,1,1,0,0,1.0
protectingconsumerrights.com,1,0,0,0,0.0
providentcu.org,1,0,0,0,0.0
pschousing.org,1,0,0,0,0.0
psichi.org,1,0,0,0,0.0
psychiatricnursing.org,1,0,0,0,0.0
psychology.town,1,1,0,0,1.0
publicjustice.net,1,1,0,0,1.0
pulte.com,1,1,0,0,1.0
qic-wd.org,1,1,0,0,1.0
qualityinteractions.com,1,0,0,0,0.0
redfin.com,1,1,0,0,1.0
redshoemovement.com,1,1,0,0,1.0
researchgate.net,6,0,0,0,0.0
results4america.org,1,1,0,0,1.0
rice.edu,2,2,0,0,1.0
riosassociates.com,1,1,0,0,1.0
rockymountainada.org,1,1,0,0,1.0
rsfjournal.org,6,0,4,0,0.0
rueinsurance.com,1,1,0,0,1.0
safetyandquality.gov.au,1,0,0,0,0.0
sagepub.com,7,0,0,0,0.0
salud-america.org,1,1,0,0,1.0
samcon.ca,1,1,0,0,1.0
scholars.org,1,0,0,0,0.0
science.org,1,0,0,0,0.0
sciencedirect.com,13,0,0,0,0.0
scribd.com,1,1,0,0,1.0
scu.edu,1,1,0,0,1.0
seattleu.edu,1,0,0,0,0.0
sentencingproject.org,2,2,0,0,1.0
smu.edu,1,0,0,0,0.0
southerneducation.org,1,1,0,0,1.0
springer.com,3,0,0,3,0.0
sralab.org,1,1,0,0,1.0
ssoar.info,1,1,0,0,1.0
stanfordlawreview.org,1,1,0,0,1.0
statcan.gc.ca,1,1,0,0,1.0
statista.com,1,1,0,0,1.0
stonybrook.edu,1,0,0,0,0.0
substack.com,1,1,0,0,1.0
tamu.edu,1,0,0,0,0.0
tandfonline.com,7,0,0,0,0.0
tchabitat.org,1,1,0,0,1.0
tdl.org,1,0,0,0,0.0
thanksben.com,1,1,0,0,1.0
thearc.org,1,1,0,0,1.0
theccd.org,1,1,0,0,1.0
thedecisionlab.com,1,1,0,0,1.0
theeduledger.com,1,0,0,0,0.0
theguardian.com,1,1,0,0,1.0
thehrcfoundation.org,1,1,0,0,1.0
theregreview.org,2,2,0,0,1.0
thesilbermangroup.com,1,0,0,0,0.0
thesouthern.com,1,1,0,0,1.0
thetaskforce.org,1,0,0,0,0.0
time.com,1,1,0,0,1.0
transgenderlawcenter.org,1,1,0,0,1.0
treasury.gov,2,2,0,0,1.0
trinet.com,1,1,0,0,1.0
ucd.ie,1,0,0,0,0.0
uchicago.edu,1,0,0,0,0.0
ucla.edu,10,10,0,0,1.0
umassmed.edu,1,0,0,0,0.0
umich.edu,1,0,0,0,0.0
unidosus.org,1,1,0,0,1.0
unitedwayla.org,1,1,0,0,1.0
unomaha.edu,1,0,0,0,0.0
unwomen.org,1,1,0,0,1.0
upenn.edu,1,0,0,0,0.0
upgrade.com,1,1,0,0,1.0
upjohn.org,1,0,0,0,0.0
urban.org,16,0,0,0,0.0
ushe.edu,1,0,0,0,0.0
usnews.com,1,0,0,0,0.0
uspsfcu.org,1,1,0,0,1.0
uvm.edu,1,0,0,0,0.0
vantagescore.com,2,0,0,0,0.0
wa.gov,1,1,0,0,1.0
waldenu.edu,1,0,0,0,0.0
washington.edu,2,2,0,0,1.0
washingtonblade.com,2,2,0,0,1.0
wcnc.com,1,0,0,0,0.0
wiley.com,9,0,0,0,0.0
wisc.edu,1,1,0,0,1.0
wmich.edu,1,0,0,0,0.0
workrisenetwork.org,2,0,0,0,0.0
wustl.edu,2,1,0,0,0.5
yahoo.com,1,1,0,0,1.0
youtube.com,3,3,0,0,1.0
