measure_id,measure,dimension,full_mean,min_leave_one_out_mean,max_leave_one_out_mean,n_sign_reversals,maximum_absolute_change,most_influential_outcome_id,most_influential_outcome,most_influential_domain
citation_count,Citation count,Race,3.7777777777777777,3.3666666666666663,4.033333333333333,0,0.4111111111111114,Education :: Harassment/bullying,Harassment/bullying,Education
citation_count,Citation count,Ethnicity,2.5396825396825395,2.333333333333333,2.8833333333333333,0,0.34365079365079376,Education :: College access/admission,College access/admission,Education
citation_count,Citation count,Gender,1.650793650793651,1.2833333333333332,1.8500000000000003,0,0.3674603174603177,Government Benefits :: Application/approval,Application/approval,Government Benefits
citation_count,Citation count,Disability,4.031746031746032,3.7666666666666657,4.316666666666666,0,0.2849206349206348,Housing :: Access to housing,Access to housing,Housing
citation_count,Citation count,Sexual Orientation,0.8730158730158729,0.6166666666666667,1.2666666666666668,0,0.3936507936507939,Education :: Harassment/bullying,Harassment/bullying,Education
citation_count,Citation count,Gender Identity,2.698412698412698,2.2333333333333334,3.333333333333333,0,0.6349206349206349,Criminal Justice :: Arrest / detention by police,Arrest / detention by police,Criminal Justice
source_url_displacement,Source URL displacement,Race,0.026720929470209955,0.0215093568961014,0.028982901869646378,0,0.0052115725741085535,Credit & Financial Services :: Access to credit,Access to credit,Credit & Financial Services
source_url_displacement,Source URL displacement,Ethnicity,0.019679981437075583,0.012772566367515217,0.02432698417193302,0,0.006907415069560366,Employment :: Workplace harassment,Workplace harassment,Employment
source_url_displacement,Source URL displacement,Gender,0.12949104115572518,0.11410661885453707,0.13776297883442648,0,0.015384422301188111,Housing :: Housing stability,Housing stability,Housing
source_url_displacement,Source URL displacement,Disability,0.08955951455951457,0.07682692307692307,0.09403749028749028,0,0.012732591482591496,Healthcare :: Patient safety,Patient safety,Healthcare
source_url_displacement,Source URL displacement,Sexual Orientation,0.0501464572160921,0.04234676253303705,0.05265378007689671,0,0.007799694683055053,Employment :: Workplace harassment,Workplace harassment,Employment
source_url_displacement,Source URL displacement,Gender Identity,0.018677700127157092,0.014710350565613716,0.01961158513351495,0,0.003967349561543376,Criminal Justice :: Arrest / detention by police,Arrest / detention by police,Criminal Justice
answer_semantic_displacement,Answer semantic displacement,Race,0.01218637161784702,0.006207057336966199,0.017157149811585747,0,0.005979314280880821,Government Benefits :: Access to government benefits,Access to government benefits,Government Benefits
answer_semantic_displacement,Answer semantic displacement,Ethnicity,0.047631864982938005,0.043650212387243904,0.051723178724447885,0,0.0040913137415098805,Credit & Financial Services :: Access to credit,Access to credit,Credit & Financial Services
answer_semantic_displacement,Answer semantic displacement,Gender,0.016548584851007613,0.007996366421381634,0.022597809135913853,0,0.00855221842962598,Healthcare :: Patient safety,Patient safety,Healthcare
answer_semantic_displacement,Answer semantic displacement,Disability,0.07053366539970278,0.06246844033400219,0.07984880308310191,0,0.00931513768339913,Credit & Financial Services :: Access to credit,Access to credit,Credit & Financial Services
answer_semantic_displacement,Answer semantic displacement,Sexual Orientation,0.08971755182932294,0.08272988299528758,0.09955072204271953,0,0.009833170213396594,Education :: College access/admission,College access/admission,Education
answer_semantic_displacement,Answer semantic displacement,Gender Identity,0.1447295962818085,0.1356416309873263,0.15398619671662647,0,0.009256600434817963,Government Benefits :: Access to government benefits,Access to government benefits,Government Benefits
