measure_id,measure,dimension,omitted_outcome_id,omitted_domain,omitted_outcome,omitted_outcome_effect,full_mean,leave_one_out_mean,change_from_full_mean,absolute_change,sign_reversal
citation_count,Citation count,Race,Credit & Financial Services :: Access to banking services,Credit & Financial Services,Access to banking services,1.6666666666666667,3.7777777777777777,3.883333333333333,0.10555555555555518,0.10555555555555518,False
citation_count,Citation count,Race,Credit & Financial Services :: Access to credit,Credit & Financial Services,Access to credit,3.3333333333333335,3.7777777777777777,3.8,0.022222222222222143,0.022222222222222143,False
citation_count,Citation count,Race,Credit & Financial Services :: Credit/loan approval,Credit & Financial Services,Credit/loan approval,6.333333333333333,3.7777777777777777,3.65,-0.12777777777777777,0.12777777777777777,False
citation_count,Citation count,Race,Criminal Justice :: Arrest / detention by police,Criminal Justice,Arrest / detention by police,1.6666666666666667,3.7777777777777777,3.883333333333333,0.10555555555555518,0.10555555555555518,False
citation_count,Citation count,Race,Criminal Justice :: Incarceration,Criminal Justice,Incarceration,4.0,3.7777777777777777,3.7666666666666666,-0.011111111111111072,0.011111111111111072,False
citation_count,Citation count,Race,Criminal Justice :: Police use of force,Criminal Justice,Police use of force,3.0,3.7777777777777777,3.8166666666666664,0.03888888888888875,0.03888888888888875,False
citation_count,Citation count,Race,Education :: College access/admission,Education,College access/admission,2.6666666666666665,3.7777777777777777,3.8333333333333335,0.0555555555555558,0.0555555555555558,False
citation_count,Citation count,Race,Education :: Educational opportunity/access,Education,Educational opportunity/access,5.666666666666667,3.7777777777777777,3.6833333333333336,-0.09444444444444411,0.09444444444444411,False
citation_count,Citation count,Race,Education :: Harassment/bullying,Education,Harassment/bullying,12.0,3.7777777777777777,3.3666666666666663,-0.4111111111111114,0.4111111111111114,False
citation_count,Citation count,Race,Employment :: Career advancement,Employment,Career advancement,4.0,3.7777777777777777,3.7666666666666666,-0.011111111111111072,0.011111111111111072,False
citation_count,Citation count,Race,Employment :: Hiring,Employment,Hiring,4.666666666666667,3.7777777777777777,3.7333333333333334,-0.04444444444444429,0.04444444444444429,False
citation_count,Citation count,Race,Employment :: Workplace harassment,Employment,Workplace harassment,2.6666666666666665,3.7777777777777777,3.8333333333333335,0.0555555555555558,0.0555555555555558,False
citation_count,Citation count,Race,Government Benefits :: Access to government benefits,Government Benefits,Access to government benefits,3.0,3.7777777777777777,3.8166666666666664,0.03888888888888875,0.03888888888888875,False
citation_count,Citation count,Race,Government Benefits :: Application/approval,Government Benefits,Application/approval,-1.3333333333333333,3.7777777777777777,4.033333333333333,0.25555555555555554,0.25555555555555554,False
citation_count,Citation count,Race,Government Benefits :: Benefit retention / renewal,Government Benefits,Benefit retention / renewal,3.0,3.7777777777777777,3.8166666666666664,0.03888888888888875,0.03888888888888875,False
citation_count,Citation count,Race,Healthcare :: Insurance coverage,Healthcare,Insurance coverage,2.0,3.7777777777777777,3.8666666666666663,0.08888888888888857,0.08888888888888857,False
citation_count,Citation count,Race,Healthcare :: Patient safety,Healthcare,Patient safety,2.6666666666666665,3.7777777777777777,3.833333333333333,0.05555555555555536,0.05555555555555536,False
citation_count,Citation count,Race,Healthcare :: Preventive care,Healthcare,Preventive care,4.0,3.7777777777777777,3.7666666666666666,-0.011111111111111072,0.011111111111111072,False
citation_count,Citation count,Race,Housing :: Access to housing,Housing,Access to housing,8.333333333333334,3.7777777777777777,3.55,-0.22777777777777786,0.22777777777777786,False
citation_count,Citation count,Race,Housing :: Homelessness,Housing,Homelessness,3.6666666666666665,3.7777777777777777,3.7833333333333328,0.005555555555555092,0.005555555555555092,False
citation_count,Citation count,Race,Housing :: Housing stability,Housing,Housing stability,2.3333333333333335,3.7777777777777777,3.85,0.07222222222222241,0.07222222222222241,False
citation_count,Citation count,Ethnicity,Credit & Financial Services :: Access to banking services,Credit & Financial Services,Access to banking services,5.0,2.5396825396825395,2.416666666666667,-0.12301587301587258,0.12301587301587258,False
citation_count,Citation count,Ethnicity,Credit & Financial Services :: Access to credit,Credit & Financial Services,Access to credit,6.666666666666667,2.5396825396825395,2.333333333333333,-0.2063492063492065,0.2063492063492065,False
citation_count,Citation count,Ethnicity,Credit & Financial Services :: Credit/loan approval,Credit & Financial Services,Credit/loan approval,6.0,2.5396825396825395,2.3666666666666667,-0.17301587301587285,0.17301587301587285,False
citation_count,Citation count,Ethnicity,Criminal Justice :: Arrest / detention by police,Criminal Justice,Arrest / detention by police,0.6666666666666666,2.5396825396825395,2.6333333333333333,0.09365079365079376,0.09365079365079376,False
citation_count,Citation count,Ethnicity,Criminal Justice :: Incarceration,Criminal Justice,Incarceration,3.3333333333333335,2.5396825396825395,2.5,-0.03968253968253954,0.03968253968253954,False
citation_count,Citation count,Ethnicity,Criminal Justice :: Police use of force,Criminal Justice,Police use of force,0.6666666666666666,2.5396825396825395,2.6333333333333333,0.09365079365079376,0.09365079365079376,False
citation_count,Citation count,Ethnicity,Education :: College access/admission,Education,College access/admission,-4.333333333333333,2.5396825396825395,2.8833333333333333,0.34365079365079376,0.34365079365079376,False
citation_count,Citation count,Ethnicity,Education :: Educational opportunity/access,Education,Educational opportunity/access,5.0,2.5396825396825395,2.4166666666666665,-0.12301587301587302,0.12301587301587302,False
citation_count,Citation count,Ethnicity,Education :: Harassment/bullying,Education,Harassment/bullying,-1.3333333333333333,2.5396825396825395,2.7333333333333334,0.19365079365079385,0.19365079365079385,False
citation_count,Citation count,Ethnicity,Employment :: Career advancement,Employment,Career advancement,3.6666666666666665,2.5396825396825395,2.4833333333333334,-0.05634920634920615,0.05634920634920615,False
citation_count,Citation count,Ethnicity,Employment :: Hiring,Employment,Hiring,1.6666666666666667,2.5396825396825395,2.583333333333333,0.043650793650793496,0.043650793650793496,False
citation_count,Citation count,Ethnicity,Employment :: Workplace harassment,Employment,Workplace harassment,6.333333333333333,2.5396825396825395,2.35,-0.18968253968253945,0.18968253968253945,False
citation_count,Citation count,Ethnicity,Government Benefits :: Access to government benefits,Government Benefits,Access to government benefits,0.3333333333333333,2.5396825396825395,2.65,0.11031746031746037,0.11031746031746037,False
citation_count,Citation count,Ethnicity,Government Benefits :: Application/approval,Government Benefits,Application/approval,6.333333333333333,2.5396825396825395,2.35,-0.18968253968253945,0.18968253968253945,False
citation_count,Citation count,Ethnicity,Government Benefits :: Benefit retention / renewal,Government Benefits,Benefit retention / renewal,-3.3333333333333335,2.5396825396825395,2.833333333333333,0.2936507936507935,0.2936507936507935,False
citation_count,Citation count,Ethnicity,Healthcare :: Insurance coverage,Healthcare,Insurance coverage,-0.6666666666666666,2.5396825396825395,2.7,0.16031746031746064,0.16031746031746064,False
citation_count,Citation count,Ethnicity,Healthcare :: Patient safety,Healthcare,Patient safety,4.666666666666667,2.5396825396825395,2.433333333333333,-0.10634920634920642,0.10634920634920642,False
citation_count,Citation count,Ethnicity,Healthcare :: Preventive care,Healthcare,Preventive care,2.6666666666666665,2.5396825396825395,2.533333333333333,-0.006349206349206327,0.006349206349206327,False
citation_count,Citation count,Ethnicity,Housing :: Access to housing,Housing,Access to housing,4.0,2.5396825396825395,2.4666666666666663,-0.0730158730158732,0.0730158730158732,False
citation_count,Citation count,Ethnicity,Housing :: Homelessness,Housing,Homelessness,3.3333333333333335,2.5396825396825395,2.4999999999999996,-0.039682539682539986,0.039682539682539986,False
citation_count,Citation count,Ethnicity,Housing :: Housing stability,Housing,Housing stability,2.6666666666666665,2.5396825396825395,2.533333333333333,-0.006349206349206327,0.006349206349206327,False
citation_count,Citation count,Gender,Credit & Financial Services :: Access to banking services,Credit & Financial Services,Access to banking services,2.0,1.650793650793651,1.6333333333333333,-0.01746031746031762,0.01746031746031762,False
citation_count,Citation count,Gender,Credit & Financial Services :: Access to credit,Credit & Financial Services,Access to credit,3.3333333333333335,1.650793650793651,1.5666666666666667,-0.08412698412698427,0.08412698412698427,False
citation_count,Citation count,Gender,Credit & Financial Services :: Credit/loan approval,Credit & Financial Services,Credit/loan approval,3.0,1.650793650793651,1.5833333333333335,-0.06746031746031744,0.06746031746031744,False
citation_count,Citation count,Gender,Criminal Justice :: Arrest / detention by police,Criminal Justice,Arrest / detention by police,0.3333333333333333,1.650793650793651,1.7166666666666668,0.06587301587301586,0.06587301587301586,False
citation_count,Citation count,Gender,Criminal Justice :: Incarceration,Criminal Justice,Incarceration,0.6666666666666666,1.650793650793651,1.7000000000000004,0.049206349206349476,0.049206349206349476,False
citation_count,Citation count,Gender,Criminal Justice :: Police use of force,Criminal Justice,Police use of force,0.0,1.650793650793651,1.7333333333333336,0.08253968253968269,0.08253968253968269,False
citation_count,Citation count,Gender,Education :: College access/admission,Education,College access/admission,1.6666666666666667,1.650793650793651,1.6499999999999997,-0.0007936507936512349,0.0007936507936512349,False
citation_count,Citation count,Gender,Education :: Educational opportunity/access,Education,Educational opportunity/access,0.6666666666666666,1.650793650793651,1.7,0.04920634920634903,0.04920634920634903,False
citation_count,Citation count,Gender,Education :: Harassment/bullying,Education,Harassment/bullying,-2.3333333333333335,1.650793650793651,1.8500000000000003,0.1992063492063494,0.1992063492063494,False
citation_count,Citation count,Gender,Employment :: Career advancement,Employment,Career advancement,3.6666666666666665,1.650793650793651,1.55,-0.10079365079365088,0.10079365079365088,False
citation_count,Citation count,Gender,Employment :: Hiring,Employment,Hiring,0.0,1.650793650793651,1.7333333333333336,0.08253968253968269,0.08253968253968269,False
citation_count,Citation count,Gender,Employment :: Workplace harassment,Employment,Workplace harassment,0.3333333333333333,1.650793650793651,1.7166666666666668,0.06587301587301586,0.06587301587301586,False
citation_count,Citation count,Gender,Government Benefits :: Access to government benefits,Government Benefits,Access to government benefits,1.0,1.650793650793651,1.6833333333333336,0.032539682539682646,0.032539682539682646,False
citation_count,Citation count,Gender,Government Benefits :: Application/approval,Government Benefits,Application/approval,9.0,1.650793650793651,1.2833333333333332,-0.3674603174603177,0.3674603174603177,False
citation_count,Citation count,Gender,Government Benefits :: Benefit retention / renewal,Government Benefits,Benefit retention / renewal,7.666666666666667,1.650793650793651,1.3499999999999999,-0.30079365079365106,0.30079365079365106,False
citation_count,Citation count,Gender,Healthcare :: Insurance coverage,Healthcare,Insurance coverage,-0.3333333333333333,1.650793650793651,1.7500000000000004,0.09920634920634952,0.09920634920634952,False
citation_count,Citation count,Gender,Healthcare :: Patient safety,Healthcare,Patient safety,-1.3333333333333333,1.650793650793651,1.8000000000000003,0.14920634920634934,0.14920634920634934,False
citation_count,Citation count,Gender,Healthcare :: Preventive care,Healthcare,Preventive care,0.0,1.650793650793651,1.7333333333333336,0.08253968253968269,0.08253968253968269,False
citation_count,Citation count,Gender,Housing :: Access to housing,Housing,Access to housing,4.666666666666667,1.650793650793651,1.5,-0.15079365079365092,0.15079365079365092,False
citation_count,Citation count,Gender,Housing :: Homelessness,Housing,Homelessness,-0.6666666666666666,1.650793650793651,1.7666666666666668,0.1158730158730159,0.1158730158730159,False
citation_count,Citation count,Gender,Housing :: Housing stability,Housing,Housing stability,1.3333333333333333,1.650793650793651,1.6666666666666667,0.015873015873015817,0.015873015873015817,False
citation_count,Citation count,Disability,Credit & Financial Services :: Access to banking services,Credit & Financial Services,Access to banking services,7.0,4.031746031746032,3.883333333333333,-0.14841269841269877,0.14841269841269877,False
citation_count,Citation count,Disability,Credit & Financial Services :: Access to credit,Credit & Financial Services,Access to credit,2.6666666666666665,4.031746031746032,4.1,0.06825396825396801,0.06825396825396801,False
citation_count,Citation count,Disability,Credit & Financial Services :: Credit/loan approval,Credit & Financial Services,Credit/loan approval,4.333333333333333,4.031746031746032,4.016666666666666,-0.015079365079365914,0.015079365079365914,False
citation_count,Citation count,Disability,Criminal Justice :: Arrest / detention by police,Criminal Justice,Arrest / detention by police,3.3333333333333335,4.031746031746032,4.0666666666666655,0.03492063492063391,0.03492063492063391,False
citation_count,Citation count,Disability,Criminal Justice :: Incarceration,Criminal Justice,Incarceration,6.333333333333333,4.031746031746032,3.9166666666666656,-0.115079365079366,0.115079365079366,False
citation_count,Citation count,Disability,Criminal Justice :: Police use of force,Criminal Justice,Police use of force,1.0,4.031746031746032,4.183333333333333,0.15158730158730105,0.15158730158730105,False
citation_count,Citation count,Disability,Education :: College access/admission,Education,College access/admission,9.333333333333334,4.031746031746032,3.7666666666666657,-0.2650793650793659,0.2650793650793659,False
citation_count,Citation count,Disability,Education :: Educational opportunity/access,Education,Educational opportunity/access,6.666666666666667,4.031746031746032,3.8999999999999995,-0.13174603174603217,0.13174603174603217,False
citation_count,Citation count,Disability,Education :: Harassment/bullying,Education,Harassment/bullying,5.333333333333333,4.031746031746032,3.966666666666666,-0.06507936507936574,0.06507936507936574,False
citation_count,Citation count,Disability,Employment :: Career advancement,Employment,Career advancement,8.333333333333334,4.031746031746032,3.8166666666666655,-0.2150793650793661,0.2150793650793661,False
citation_count,Citation count,Disability,Employment :: Hiring,Employment,Hiring,5.333333333333333,4.031746031746032,3.966666666666666,-0.06507936507936574,0.06507936507936574,False
citation_count,Citation count,Disability,Employment :: Workplace harassment,Employment,Workplace harassment,6.666666666666667,4.031746031746032,3.8999999999999995,-0.13174603174603217,0.13174603174603217,False
citation_count,Citation count,Disability,Government Benefits :: Access to government benefits,Government Benefits,Access to government benefits,1.6666666666666667,4.031746031746032,4.1499999999999995,0.11825396825396783,0.11825396825396783,False
citation_count,Citation count,Disability,Government Benefits :: Application/approval,Government Benefits,Application/approval,2.3333333333333335,4.031746031746032,4.116666666666665,0.08492063492063373,0.08492063492063373,False
citation_count,Citation count,Disability,Government Benefits :: Benefit retention / renewal,Government Benefits,Benefit retention / renewal,2.3333333333333335,4.031746031746032,4.116666666666665,0.08492063492063373,0.08492063492063373,False
citation_count,Citation count,Disability,Healthcare :: Insurance coverage,Healthcare,Insurance coverage,3.0,4.031746031746032,4.083333333333333,0.051587301587301404,0.051587301587301404,False
citation_count,Citation count,Disability,Healthcare :: Patient safety,Healthcare,Patient safety,4.666666666666667,4.031746031746032,3.999999999999999,-0.03174603174603252,0.03174603174603252,False
citation_count,Citation count,Disability,Healthcare :: Preventive care,Healthcare,Preventive care,3.3333333333333335,4.031746031746032,4.066666666666666,0.0349206349206348,0.0349206349206348,False
citation_count,Citation count,Disability,Housing :: Access to housing,Housing,Access to housing,-1.6666666666666667,4.031746031746032,4.316666666666666,0.2849206349206348,0.2849206349206348,False
citation_count,Citation count,Disability,Housing :: Homelessness,Housing,Homelessness,0.3333333333333333,4.031746031746032,4.216666666666667,0.18492063492063515,0.18492063492063515,False
citation_count,Citation count,Disability,Housing :: Housing stability,Housing,Housing stability,2.3333333333333335,4.031746031746032,4.116666666666666,0.08492063492063462,0.08492063492063462,False
citation_count,Citation count,Sexual Orientation,Credit & Financial Services :: Access to banking services,Credit & Financial Services,Access to banking services,0.6666666666666666,0.8730158730158729,0.8833333333333334,0.010317460317460503,0.010317460317460503,False
citation_count,Citation count,Sexual Orientation,Credit & Financial Services :: Access to credit,Credit & Financial Services,Access to credit,2.0,0.8730158730158729,0.8166666666666667,-0.05634920634920626,0.05634920634920626,False
citation_count,Citation count,Sexual Orientation,Credit & Financial Services :: Credit/loan approval,Credit & Financial Services,Credit/loan approval,3.3333333333333335,0.8730158730158729,0.75,-0.12301587301587291,0.12301587301587291,False
citation_count,Citation count,Sexual Orientation,Criminal Justice :: Arrest / detention by police,Criminal Justice,Arrest / detention by police,-6.0,0.8730158730158729,1.2166666666666668,0.3436507936507939,0.3436507936507939,False
citation_count,Citation count,Sexual Orientation,Criminal Justice :: Incarceration,Criminal Justice,Incarceration,4.0,0.8730158730158729,0.7166666666666667,-0.15634920634920624,0.15634920634920624,False
citation_count,Citation count,Sexual Orientation,Criminal Justice :: Police use of force,Criminal Justice,Police use of force,-1.3333333333333333,0.8730158730158729,0.9833333333333334,0.11031746031746048,0.11031746031746048,False
citation_count,Citation count,Sexual Orientation,Education :: College access/admission,Education,College access/admission,-3.6666666666666665,0.8730158730158729,1.1,0.22698412698412718,0.22698412698412718,False
citation_count,Citation count,Sexual Orientation,Education :: Educational opportunity/access,Education,Educational opportunity/access,-1.3333333333333333,0.8730158730158729,0.9833333333333334,0.11031746031746048,0.11031746031746048,False
citation_count,Citation count,Sexual Orientation,Education :: Harassment/bullying,Education,Harassment/bullying,-7.0,0.8730158730158729,1.2666666666666668,0.3936507936507939,0.3936507936507939,False
citation_count,Citation count,Sexual Orientation,Employment :: Career advancement,Employment,Career advancement,3.0,0.8730158730158729,0.7666666666666666,-0.1063492063492063,0.1063492063492063,False
citation_count,Citation count,Sexual Orientation,Employment :: Hiring,Employment,Hiring,5.333333333333333,0.8730158730158729,0.65,-0.2230158730158729,0.2230158730158729,False
citation_count,Citation count,Sexual Orientation,Employment :: Workplace harassment,Employment,Workplace harassment,-4.0,0.8730158730158729,1.1166666666666667,0.24365079365079378,0.24365079365079378,False
citation_count,Citation count,Sexual Orientation,Government Benefits :: Access to government benefits,Government Benefits,Access to government benefits,0.6666666666666666,0.8730158730158729,0.8833333333333334,0.010317460317460503,0.010317460317460503,False
citation_count,Citation count,Sexual Orientation,Government Benefits :: Application/approval,Government Benefits,Application/approval,6.0,0.8730158730158729,0.6166666666666667,-0.2563492063492062,0.2563492063492062,False
citation_count,Citation count,Sexual Orientation,Government Benefits :: Benefit retention / renewal,Government Benefits,Benefit retention / renewal,2.3333333333333335,0.8730158730158729,0.8,-0.07301587301587287,0.07301587301587287,False
citation_count,Citation count,Sexual Orientation,Healthcare :: Insurance coverage,Healthcare,Insurance coverage,4.0,0.8730158730158729,0.7166666666666667,-0.15634920634920624,0.15634920634920624,False
citation_count,Citation count,Sexual Orientation,Healthcare :: Patient safety,Healthcare,Patient safety,3.0,0.8730158730158729,0.7666666666666666,-0.1063492063492063,0.1063492063492063,False
citation_count,Citation count,Sexual Orientation,Healthcare :: Preventive care,Healthcare,Preventive care,1.6666666666666667,0.8730158730158729,0.8333333333333334,-0.03968253968253954,0.03968253968253954,False
citation_count,Citation count,Sexual Orientation,Housing :: Access to housing,Housing,Access to housing,3.0,0.8730158730158729,0.7666666666666666,-0.1063492063492063,0.1063492063492063,False
citation_count,Citation count,Sexual Orientation,Housing :: Homelessness,Housing,Homelessness,2.0,0.8730158730158729,0.8166666666666667,-0.05634920634920626,0.05634920634920626,False
citation_count,Citation count,Sexual Orientation,Housing :: Housing stability,Housing,Housing stability,0.6666666666666666,0.8730158730158729,0.8833333333333332,0.01031746031746028,0.01031746031746028,False
citation_count,Citation count,Gender Identity,Credit & Financial Services :: Access to banking services,Credit & Financial Services,Access to banking services,-1.6666666666666667,2.698412698412698,2.916666666666667,0.2182539682539688,0.2182539682539688,False
citation_count,Citation count,Gender Identity,Credit & Financial Services :: Access to credit,Credit & Financial Services,Access to credit,-1.3333333333333333,2.698412698412698,2.9,0.20158730158730176,0.20158730158730176,False
citation_count,Citation count,Gender Identity,Credit & Financial Services :: Credit/loan approval,Credit & Financial Services,Credit/loan approval,6.0,2.698412698412698,2.5333333333333337,-0.1650793650793645,0.1650793650793645,False
citation_count,Citation count,Gender Identity,Criminal Justice :: Arrest / detention by police,Criminal Justice,Arrest / detention by police,-10.0,2.698412698412698,3.333333333333333,0.6349206349206349,0.6349206349206349,False
citation_count,Citation count,Gender Identity,Criminal Justice :: Incarceration,Criminal Justice,Incarceration,3.6666666666666665,2.698412698412698,2.65,-0.04841269841269824,0.04841269841269824,False
citation_count,Citation count,Gender Identity,Criminal Justice :: Police use of force,Criminal Justice,Police use of force,5.666666666666667,2.698412698412698,2.55,-0.14841269841269833,0.14841269841269833,False
citation_count,Citation count,Gender Identity,Education :: College access/admission,Education,College access/admission,12.0,2.698412698412698,2.2333333333333334,-0.46507936507936476,0.46507936507936476,False
citation_count,Citation count,Gender Identity,Education :: Educational opportunity/access,Education,Educational opportunity/access,-1.0,2.698412698412698,2.8833333333333333,0.18492063492063515,0.18492063492063515,False
citation_count,Citation count,Gender Identity,Education :: Harassment/bullying,Education,Harassment/bullying,-1.0,2.698412698412698,2.8833333333333333,0.18492063492063515,0.18492063492063515,False
citation_count,Citation count,Gender Identity,Employment :: Career advancement,Employment,Career advancement,0.0,2.698412698412698,2.833333333333333,0.13492063492063489,0.13492063492063489,False
citation_count,Citation count,Gender Identity,Employment :: Hiring,Employment,Hiring,4.0,2.698412698412698,2.6333333333333333,-0.06507936507936485,0.06507936507936485,False
citation_count,Citation count,Gender Identity,Employment :: Workplace harassment,Employment,Workplace harassment,6.0,2.698412698412698,2.533333333333333,-0.16507936507936494,0.16507936507936494,False
citation_count,Citation count,Gender Identity,Government Benefits :: Access to government benefits,Government Benefits,Access to government benefits,-3.0,2.698412698412698,2.9833333333333334,0.28492063492063524,0.28492063492063524,False
citation_count,Citation count,Gender Identity,Government Benefits :: Application/approval,Government Benefits,Application/approval,3.0,2.698412698412698,2.683333333333333,-0.015079365079365026,0.015079365079365026,False
citation_count,Citation count,Gender Identity,Government Benefits :: Benefit retention / renewal,Government Benefits,Benefit retention / renewal,1.6666666666666667,2.698412698412698,2.75,0.05158730158730185,0.05158730158730185,False
citation_count,Citation count,Gender Identity,Healthcare :: Insurance coverage,Healthcare,Insurance coverage,3.0,2.698412698412698,2.683333333333333,-0.015079365079365026,0.015079365079365026,False
citation_count,Citation count,Gender Identity,Healthcare :: Patient safety,Healthcare,Patient safety,8.0,2.698412698412698,2.433333333333333,-0.265079365079365,0.265079365079365,False
citation_count,Citation count,Gender Identity,Healthcare :: Preventive care,Healthcare,Preventive care,6.666666666666667,2.698412698412698,2.5,-0.19841269841269815,0.19841269841269815,False
citation_count,Citation count,Gender Identity,Housing :: Access to housing,Housing,Access to housing,5.333333333333333,2.698412698412698,2.5666666666666664,-0.13174603174603172,0.13174603174603172,False
citation_count,Citation count,Gender Identity,Housing :: Homelessness,Housing,Homelessness,2.6666666666666665,2.698412698412698,2.7,0.0015873015873020258,0.0015873015873020258,False
citation_count,Citation count,Gender Identity,Housing :: Housing stability,Housing,Housing stability,7.0,2.698412698412698,2.4833333333333334,-0.21507936507936476,0.21507936507936476,False
source_url_displacement,Source URL displacement,Race,Credit & Financial Services :: Access to banking services,Credit & Financial Services,Access to banking services,0.055555555555555546,0.026720929470209955,0.025279198165942672,-0.0014417313042672832,0.0014417313042672832,False
source_url_displacement,Source URL displacement,Race,Credit & Financial Services :: Access to credit,Credit & Financial Services,Access to credit,0.13095238095238093,0.026720929470209955,0.0215093568961014,-0.0052115725741085535,0.0052115725741085535,False
source_url_displacement,Source URL displacement,Race,Credit & Financial Services :: Credit/loan approval,Credit & Financial Services,Credit/loan approval,0.0,0.026720929470209955,0.028056975943720454,0.0013360464735104986,0.0013360464735104986,False
source_url_displacement,Source URL displacement,Race,Criminal Justice :: Arrest / detention by police,Criminal Justice,Arrest / detention by police,-0.018518518518518528,0.026720929470209955,0.028982901869646378,0.0022619723994364224,0.0022619723994364224,False
source_url_displacement,Source URL displacement,Race,Criminal Justice :: Incarceration,Criminal Justice,Incarceration,0.0,0.026720929470209955,0.028056975943720454,0.0013360464735104986,0.0013360464735104986,False
source_url_displacement,Source URL displacement,Race,Criminal Justice :: Police use of force,Criminal Justice,Police use of force,0.07424242424242418,0.026720929470209955,0.024344854731599242,-0.002376074738610713,0.002376074738610713,False
source_url_displacement,Source URL displacement,Race,Education :: College access/admission,Education,College access/admission,0.0,0.026720929470209955,0.028056975943720454,0.0013360464735104986,0.0013360464735104986,False
source_url_displacement,Source URL displacement,Race,Education :: Educational opportunity/access,Education,Educational opportunity/access,0.061896135265700515,0.026720929470209955,0.024962169180435423,-0.0017587602897745323,0.0017587602897745323,False
source_url_displacement,Source URL displacement,Race,Education :: Harassment/bullying,Education,Harassment/bullying,0.0,0.026720929470209955,0.028056975943720454,0.0013360464735104986,0.0013360464735104986,False
source_url_displacement,Source URL displacement,Race,Employment :: Career advancement,Employment,Career advancement,0.0,0.026720929470209955,0.028056975943720454,0.0013360464735104986,0.0013360464735104986,False
source_url_displacement,Source URL displacement,Race,Employment :: Hiring,Employment,Hiring,0.0,0.026720929470209955,0.028056975943720454,0.0013360464735104986,0.0013360464735104986,False
source_url_displacement,Source URL displacement,Race,Employment :: Workplace harassment,Employment,Workplace harassment,0.09372327019385836,0.026720929470209955,0.023370812434027534,-0.0033501170361824213,0.0033501170361824213,False
source_url_displacement,Source URL displacement,Race,Government Benefits :: Access to government benefits,Government Benefits,Access to government benefits,0.0,0.026720929470209955,0.028056975943720454,0.0013360464735104986,0.0013360464735104986,False
source_url_displacement,Source URL displacement,Race,Government Benefits :: Application/approval,Government Benefits,Application/approval,0.0,0.026720929470209955,0.028056975943720454,0.0013360464735104986,0.0013360464735104986,False
source_url_displacement,Source URL displacement,Race,Government Benefits :: Benefit retention / renewal,Government Benefits,Benefit retention / renewal,0.056349206349206336,0.026720929470209955,0.025239515626260135,-0.0014814138439498206,0.0014814138439498206,False
source_url_displacement,Source URL displacement,Race,Healthcare :: Insurance coverage,Healthcare,Insurance coverage,0.0,0.026720929470209955,0.028056975943720454,0.0013360464735104986,0.0013360464735104986,False
source_url_displacement,Source URL displacement,Race,Healthcare :: Patient safety,Healthcare,Patient safety,0.022222222222222254,0.026720929470209955,0.026945864832609336,0.00022493536239938036,0.00022493536239938036,False
source_url_displacement,Source URL displacement,Race,Healthcare :: Preventive care,Healthcare,Preventive care,0.0,0.026720929470209955,0.028056975943720454,0.0013360464735104986,0.0013360464735104986,False
source_url_displacement,Source URL displacement,Race,Housing :: Access to housing,Housing,Access to housing,0.0,0.026720929470209955,0.028056975943720454,0.0013360464735104986,0.0013360464735104986,False
source_url_displacement,Source URL displacement,Race,Housing :: Homelessness,Housing,Homelessness,0.08471684261157941,0.026720929470209955,0.02382113381314148,-0.002899795657068476,0.002899795657068476,False
source_url_displacement,Source URL displacement,Race,Housing :: Housing stability,Housing,Housing stability,0.0,0.026720929470209955,0.028056975943720454,0.0013360464735104986,0.0013360464735104986,False
source_url_displacement,Source URL displacement,Ethnicity,Credit & Financial Services :: Access to banking services,Credit & Financial Services,Access to banking services,0.07214775964775959,0.019679981437075583,0.017056592526541382,-0.002623388910534201,0.002623388910534201,False
source_url_displacement,Source URL displacement,Ethnicity,Credit & Financial Services :: Access to credit,Credit & Financial Services,Access to credit,0.0,0.019679981437075583,0.020663980508929362,0.0009839990718537792,0.0009839990718537792,False
source_url_displacement,Source URL displacement,Ethnicity,Credit & Financial Services :: Credit/loan approval,Credit & Financial Services,Credit/loan approval,0.0,0.019679981437075583,0.020663980508929362,0.0009839990718537792,0.0009839990718537792,False
source_url_displacement,Source URL displacement,Ethnicity,Criminal Justice :: Arrest / detention by police,Criminal Justice,Arrest / detention by police,0.023809523809523798,0.019679981437075583,0.01947350431845317,-0.00020647711862241402,0.00020647711862241402,False
source_url_displacement,Source URL displacement,Ethnicity,Criminal Justice :: Incarceration,Criminal Justice,Incarceration,0.0,0.019679981437075583,0.020663980508929362,0.0009839990718537792,0.0009839990718537792,False
source_url_displacement,Source URL displacement,Ethnicity,Criminal Justice :: Police use of force,Criminal Justice,Police use of force,-0.07326007326007318,0.019679981437075583,0.02432698417193302,0.004647002734857436,0.004647002734857436,False
source_url_displacement,Source URL displacement,Ethnicity,Education :: College access/admission,Education,College access/admission,0.015873015873015855,0.019679981437075583,0.019870329715278568,0.00019034827820298486,0.00019034827820298486,False
source_url_displacement,Source URL displacement,Ethnicity,Education :: Educational opportunity/access,Education,Educational opportunity/access,0.02777777777777779,0.019679981437075583,0.01927509162004047,-0.00040488981703511173,0.00040488981703511173,False
source_url_displacement,Source URL displacement,Ethnicity,Education :: Harassment/bullying,Education,Harassment/bullying,0.0,0.019679981437075583,0.020663980508929362,0.0009839990718537792,0.0009839990718537792,False
source_url_displacement,Source URL displacement,Ethnicity,Employment :: Career advancement,Employment,Career advancement,0.0,0.019679981437075583,0.020663980508929362,0.0009839990718537792,0.0009839990718537792,False
source_url_displacement,Source URL displacement,Ethnicity,Employment :: Hiring,Employment,Hiring,0.0,0.019679981437075583,0.020663980508929362,0.0009839990718537792,0.0009839990718537792,False
source_url_displacement,Source URL displacement,Ethnicity,Employment :: Workplace harassment,Employment,Workplace harassment,0.15782828282828285,0.019679981437075583,0.012772566367515217,-0.006907415069560366,0.006907415069560366,False
source_url_displacement,Source URL displacement,Ethnicity,Government Benefits :: Access to government benefits,Government Benefits,Access to government benefits,0.0,0.019679981437075583,0.020663980508929362,0.0009839990718537792,0.0009839990718537792,False
source_url_displacement,Source URL displacement,Ethnicity,Government Benefits :: Application/approval,Government Benefits,Application/approval,0.011608596007573024,0.019679981437075583,0.02008355070855071,0.00040356927147512656,0.00040356927147512656,False
source_url_displacement,Source URL displacement,Ethnicity,Government Benefits :: Benefit retention / renewal,Government Benefits,Benefit retention / renewal,0.029487179487179493,0.019679981437075583,0.019189621534570385,-0.0004903599025051983,0.0004903599025051983,False
source_url_displacement,Source URL displacement,Ethnicity,Healthcare :: Insurance coverage,Healthcare,Insurance coverage,0.0,0.019679981437075583,0.020663980508929362,0.0009839990718537792,0.0009839990718537792,False
source_url_displacement,Source URL displacement,Ethnicity,Healthcare :: Patient safety,Healthcare,Patient safety,0.047619047619047596,0.019679981437075583,0.018283028127976983,-0.0013969533090986003,0.0013969533090986003,False
source_url_displacement,Source URL displacement,Ethnicity,Healthcare :: Preventive care,Healthcare,Preventive care,0.0,0.019679981437075583,0.020663980508929362,0.0009839990718537792,0.0009839990718537792,False
source_url_displacement,Source URL displacement,Ethnicity,Housing :: Access to housing,Housing,Access to housing,0.0,0.019679981437075583,0.020663980508929362,0.0009839990718537792,0.0009839990718537792,False
source_url_displacement,Source URL displacement,Ethnicity,Housing :: Homelessness,Housing,Homelessness,0.07816627816627812,0.019679981437075583,0.016755666600615456,-0.0029243148364601276,0.0029243148364601276,False
source_url_displacement,Source URL displacement,Ethnicity,Housing :: Housing stability,Housing,Housing stability,0.022222222222222254,0.019679981437075583,0.01955286939781825,-0.00012711203925733217,0.00012711203925733217,False
source_url_displacement,Source URL displacement,Gender,Credit & Financial Services :: Access to banking services,Credit & Financial Services,Access to banking services,0.3386243386243386,0.12949104115572518,0.11903437628229449,-0.010456664873430693,0.010456664873430693,False
source_url_displacement,Source URL displacement,Gender,Credit & Financial Services :: Access to credit,Credit & Financial Services,Access to credit,0.130976430976431,0.12949104115572518,0.12941677166468984,-7.42694910353392e-05,7.42694910353392e-05,False
source_url_displacement,Source URL displacement,Gender,Credit & Financial Services :: Credit/loan approval,Credit & Financial Services,Credit/loan approval,0.19259259259259257,0.12949104115572518,0.1263359635838818,-0.0031550775718433843,0.0031550775718433843,False
source_url_displacement,Source URL displacement,Gender,Criminal Justice :: Arrest / detention by police,Criminal Justice,Arrest / detention by police,0.21978021978021978,0.12949104115572518,0.12497658222450045,-0.004514458931224735,0.004514458931224735,False
source_url_displacement,Source URL displacement,Gender,Criminal Justice :: Incarceration,Criminal Justice,Incarceration,0.10049019607843142,0.12949104115572518,0.13094108340958988,0.0014500422538646918,0.0014500422538646918,False
source_url_displacement,Source URL displacement,Gender,Criminal Justice :: Police use of force,Criminal Justice,Police use of force,0.21129426129426124,0.12949104115572518,0.12540088014879838,-0.004090161006926801,0.004090161006926801,False
source_url_displacement,Source URL displacement,Gender,Education :: College access/admission,Education,College access/admission,-0.0359477124183006,0.12949104115572518,0.13776297883442648,0.008271937678701297,0.008271937678701297,False
source_url_displacement,Source URL displacement,Gender,Education :: Educational opportunity/access,Education,Educational opportunity/access,0.0,0.12949104115572518,0.13596559321351145,0.00647455205778627,0.00647455205778627,False
source_url_displacement,Source URL displacement,Gender,Education :: Harassment/bullying,Education,Harassment/bullying,0.09320892099529869,0.12949104115572518,0.13130514716374647,0.0018141060080212879,0.0018141060080212879,False
source_url_displacement,Source URL displacement,Gender,Employment :: Career advancement,Employment,Career advancement,0.0,0.12949104115572518,0.1359655932135114,0.006474552057786215,0.006474552057786215,False
source_url_displacement,Source URL displacement,Gender,Employment :: Hiring,Employment,Hiring,0.0,0.12949104115572518,0.1359655932135114,0.006474552057786215,0.006474552057786215,False
source_url_displacement,Source URL displacement,Gender,Employment :: Workplace harassment,Employment,Workplace harassment,0.04477004477004468,0.12949104115572518,0.13372709097500918,0.0042360498192839935,0.0042360498192839935,False
source_url_displacement,Source URL displacement,Gender,Government Benefits :: Access to government benefits,Government Benefits,Access to government benefits,0.27777777777777773,0.12949104115572518,0.12207670432462252,-0.007414336831102666,0.007414336831102666,False
source_url_displacement,Source URL displacement,Gender,Government Benefits :: Application/approval,Government Benefits,Application/approval,0.0027777777777778048,0.12949104115572518,0.13582670432462254,0.00633566316889736,0.00633566316889736,False
source_url_displacement,Source URL displacement,Gender,Government Benefits :: Benefit retention / renewal,Government Benefits,Benefit retention / renewal,0.005070993914807254,0.12949104115572518,0.13571204351777105,0.006221002362045869,0.006221002362045869,False
source_url_displacement,Source URL displacement,Gender,Healthcare :: Insurance coverage,Healthcare,Insurance coverage,0.06611721611721606,0.12949104115572518,0.1326597324076506,0.0031686912519254262,0.0031686912519254262,False
source_url_displacement,Source URL displacement,Gender,Healthcare :: Patient safety,Healthcare,Patient safety,0.11111111111111112,0.12949104115572518,0.13041003765795586,0.000918996502230679,0.000918996502230679,False
source_url_displacement,Source URL displacement,Gender,Healthcare :: Preventive care,Healthcare,Preventive care,0.0,0.12949104115572518,0.13596559321351145,0.00647455205778627,0.00647455205778627,False
source_url_displacement,Source URL displacement,Gender,Housing :: Access to housing,Housing,Access to housing,0.08636977058029689,0.12949104115572518,0.1316471046844966,0.002156063528771429,0.002156063528771429,False
source_url_displacement,Source URL displacement,Gender,Housing :: Homelessness,Housing,Homelessness,0.4371184371184371,0.12949104115572518,0.11410967135758958,-0.015381369798135605,0.015381369798135605,False
source_url_displacement,Source URL displacement,Gender,Housing :: Housing stability,Housing,Housing stability,0.4371794871794872,0.12949104115572518,0.11410661885453707,-0.015384422301188111,0.015384422301188111,False
source_url_displacement,Source URL displacement,Disability,Credit & Financial Services :: Access to banking services,Credit & Financial Services,Access to banking services,0.08585858585858581,0.08955951455951457,0.08974456099456099,0.0001850464350464237,0.0001850464350464237,False
source_url_displacement,Source URL displacement,Disability,Credit & Financial Services :: Access to credit,Credit & Financial Services,Access to credit,0.06730769230769225,0.08955951455951457,0.09067210567210567,0.0011125911125910992,0.0011125911125910992,False
source_url_displacement,Source URL displacement,Disability,Credit & Financial Services :: Credit/loan approval,Credit & Financial Services,Credit/loan approval,0.0,0.08955951455951457,0.09403749028749028,0.0044779757279757165,0.0044779757279757165,False
source_url_displacement,Source URL displacement,Disability,Criminal Justice :: Arrest / detention by police,Criminal Justice,Arrest / detention by police,0.0625,0.08955951455951457,0.0909124902874903,0.0013529757279757276,0.0013529757279757276,False
source_url_displacement,Source URL displacement,Disability,Criminal Justice :: Incarceration,Criminal Justice,Incarceration,0.0,0.08955951455951457,0.09403749028749028,0.0044779757279757165,0.0044779757279757165,False
source_url_displacement,Source URL displacement,Disability,Criminal Justice :: Police use of force,Criminal Justice,Police use of force,0.08333333333333333,0.08955951455951457,0.08987082362082362,0.0003113090613090508,0.0003113090613090508,False
source_url_displacement,Source URL displacement,Disability,Education :: College access/admission,Education,College access/admission,0.0,0.08955951455951457,0.09403749028749028,0.0044779757279757165,0.0044779757279757165,False
source_url_displacement,Source URL displacement,Disability,Education :: Educational opportunity/access,Education,Educational opportunity/access,0.06388888888888893,0.08955951455951457,0.09084304584304584,0.0012835312835312723,0.0012835312835312723,False
source_url_displacement,Source URL displacement,Disability,Education :: Harassment/bullying,Education,Harassment/bullying,0.0,0.08955951455951457,0.09403749028749028,0.0044779757279757165,0.0044779757279757165,False
source_url_displacement,Source URL displacement,Disability,Employment :: Career advancement,Employment,Career advancement,0.0,0.08955951455951457,0.09403749028749028,0.0044779757279757165,0.0044779757279757165,False
source_url_displacement,Source URL displacement,Disability,Employment :: Hiring,Employment,Hiring,0.0,0.08955951455951457,0.09403749028749028,0.0044779757279757165,0.0044779757279757165,False
source_url_displacement,Source URL displacement,Disability,Employment :: Workplace harassment,Employment,Workplace harassment,0.2571428571428571,0.08955951455951457,0.08118034743034744,-0.008379167129167128,0.008379167129167128,False
source_url_displacement,Source URL displacement,Disability,Government Benefits :: Access to government benefits,Government Benefits,Access to government benefits,0.13034188034188035,0.08955951455951457,0.08752039627039628,-0.0020391182891182913,0.0020391182891182913,False
source_url_displacement,Source URL displacement,Disability,Government Benefits :: Application/approval,Government Benefits,Application/approval,0.02777777777777779,0.08955951455951457,0.09264860139860139,0.0030890868390868187,0.0030890868390868187,False
source_url_displacement,Source URL displacement,Disability,Government Benefits :: Benefit retention / renewal,Government Benefits,Benefit retention / renewal,0.0064935064935064775,0.08955951455951457,0.09371281496281496,0.004153300403300392,0.004153300403300392,False
source_url_displacement,Source URL displacement,Disability,Healthcare :: Insurance coverage,Healthcare,Insurance coverage,0.030303030303030276,0.08955951455951457,0.09252233877233877,0.0029628242128242055,0.0029628242128242055,False
source_url_displacement,Source URL displacement,Disability,Healthcare :: Patient safety,Healthcare,Patient safety,0.3442113442113442,0.08955951455951457,0.07682692307692307,-0.012732591482591496,0.012732591482591496,False
source_url_displacement,Source URL displacement,Disability,Healthcare :: Preventive care,Healthcare,Preventive care,0.16666666666666666,0.08955951455951457,0.08570415695415694,-0.003855357605357629,0.003855357605357629,False
source_url_displacement,Source URL displacement,Disability,Housing :: Access to housing,Housing,Access to housing,0.0,0.08955951455951457,0.09403749028749028,0.0044779757279757165,0.0044779757279757165,False
source_url_displacement,Source URL displacement,Disability,Housing :: Homelessness,Housing,Homelessness,0.3027597402597403,0.08955951455951457,0.07889950327450328,-0.01066001128501129,0.01066001128501129,False
source_url_displacement,Source URL displacement,Disability,Housing :: Housing stability,Housing,Housing stability,0.25216450216450215,0.08955951455951457,0.08142926517926519,-0.00813024938024938,0.00813024938024938,False
source_url_displacement,Source URL displacement,Sexual Orientation,Credit & Financial Services :: Access to banking services,Credit & Financial Services,Access to banking services,0.06527777777777777,0.0501464572160921,0.04938989118800781,-0.000756566028084292,0.000756566028084292,False
source_url_displacement,Source URL displacement,Sexual Orientation,Credit & Financial Services :: Access to credit,Credit & Financial Services,Access to credit,0.14805194805194802,0.0501464572160921,0.0452511826742993,-0.004895274541792803,0.004895274541792803,False
source_url_displacement,Source URL displacement,Sexual Orientation,Credit & Financial Services :: Credit/loan approval,Credit & Financial Services,Credit/loan approval,0.2025641025641026,0.0501464572160921,0.042525574948691566,-0.007620882267400535,0.007620882267400535,False
source_url_displacement,Source URL displacement,Sexual Orientation,Criminal Justice :: Arrest / detention by police,Criminal Justice,Arrest / detention by police,0.0534567901234568,0.0501464572160921,0.04998094057072386,-0.00016551664536824245,0.00016551664536824245,False
source_url_displacement,Source URL displacement,Sexual Orientation,Criminal Justice :: Incarceration,Criminal Justice,Incarceration,0.0,0.0501464572160921,0.05265378007689671,0.0025073228608046075,0.0025073228608046075,False
source_url_displacement,Source URL displacement,Sexual Orientation,Criminal Justice :: Police use of force,Criminal Justice,Police use of force,0.053968253968254,0.0501464572160921,0.049955367378484,-0.0001910898376080994,0.0001910898376080994,False
source_url_displacement,Source URL displacement,Sexual Orientation,Education :: College access/admission,Education,College access/admission,0.06888888888888889,0.0501464572160921,0.04920933563245226,-0.0009371215836398439,0.0009371215836398439,False
source_url_displacement,Source URL displacement,Sexual Orientation,Education :: Educational opportunity/access,Education,Educational opportunity/access,0.0,0.0501464572160921,0.05265378007689671,0.0025073228608046075,0.0025073228608046075,False
source_url_displacement,Source URL displacement,Sexual Orientation,Education :: Harassment/bullying,Education,Harassment/bullying,0.0384615384615384,0.0501464572160921,0.05073070315381978,0.0005842459377276774,0.0005842459377276774,False
source_url_displacement,Source URL displacement,Sexual Orientation,Employment :: Career advancement,Employment,Career advancement,0.0,0.0501464572160921,0.05265378007689671,0.0025073228608046075,0.0025073228608046075,False
source_url_displacement,Source URL displacement,Sexual Orientation,Employment :: Hiring,Employment,Hiring,0.0,0.0501464572160921,0.05265378007689671,0.0025073228608046075,0.0025073228608046075,False
source_url_displacement,Source URL displacement,Sexual Orientation,Employment :: Workplace harassment,Employment,Workplace harassment,0.20614035087719298,0.0501464572160921,0.04234676253303705,-0.007799694683055053,0.007799694683055053,False
source_url_displacement,Source URL displacement,Sexual Orientation,Government Benefits :: Access to government benefits,Government Benefits,Access to government benefits,0.022222222222222254,0.0501464572160921,0.05154266896578559,0.0013962117496934892,0.0013962117496934892,False
source_url_displacement,Source URL displacement,Sexual Orientation,Government Benefits :: Application/approval,Government Benefits,Application/approval,0.0,0.0501464572160921,0.05265378007689671,0.0025073228608046075,0.0025073228608046075,False
source_url_displacement,Source URL displacement,Sexual Orientation,Government Benefits :: Benefit retention / renewal,Government Benefits,Benefit retention / renewal,0.04738562091503273,0.0501464572160921,0.050284499031145055,0.00013804181505295415,0.00013804181505295415,False
source_url_displacement,Source URL displacement,Sexual Orientation,Healthcare :: Insurance coverage,Healthcare,Insurance coverage,0.0,0.0501464572160921,0.05265378007689671,0.0025073228608046075,0.0025073228608046075,False
source_url_displacement,Source URL displacement,Sexual Orientation,Healthcare :: Patient safety,Healthcare,Patient safety,0.0625,0.0501464572160921,0.0495287800768967,-0.0006176771391954022,0.0006176771391954022,False
source_url_displacement,Source URL displacement,Sexual Orientation,Healthcare :: Preventive care,Healthcare,Preventive care,0.0,0.0501464572160921,0.05265378007689671,0.0025073228608046075,0.0025073228608046075,False
source_url_displacement,Source URL displacement,Sexual Orientation,Housing :: Access to housing,Housing,Access to housing,0.0,0.0501464572160921,0.05265378007689671,0.0025073228608046075,0.0025073228608046075,False
source_url_displacement,Source URL displacement,Sexual Orientation,Housing :: Homelessness,Housing,Homelessness,0.04074074074074078,0.0501464572160921,0.050616743039859656,0.000470285823767555,0.000470285823767555,False
source_url_displacement,Source URL displacement,Sexual Orientation,Housing :: Housing stability,Housing,Housing stability,0.043417366946778745,0.0501464572160921,0.05048291172955777,0.00033645451346566574,0.00033645451346566574,False
source_url_displacement,Source URL displacement,Gender Identity,Credit & Financial Services :: Access to banking services,Credit & Financial Services,Access to banking services,0.0,0.018677700127157092,0.01961158513351495,0.0009338850063578576,0.0009338850063578576,False
source_url_displacement,Source URL displacement,Gender Identity,Credit & Financial Services :: Access to credit,Credit & Financial Services,Access to credit,0.0,0.018677700127157092,0.01961158513351495,0.0009338850063578576,0.0009338850063578576,False
source_url_displacement,Source URL displacement,Gender Identity,Credit & Financial Services :: Credit/loan approval,Credit & Financial Services,Credit/loan approval,0.0,0.018677700127157092,0.01961158513351495,0.0009338850063578576,0.0009338850063578576,False
source_url_displacement,Source URL displacement,Gender Identity,Criminal Justice :: Arrest / detention by police,Criminal Justice,Arrest / detention by police,0.09802469135802465,0.018677700127157092,0.014710350565613716,-0.003967349561543376,0.003967349561543376,False
source_url_displacement,Source URL displacement,Gender Identity,Criminal Justice :: Incarceration,Criminal Justice,Incarceration,0.0,0.018677700127157092,0.01961158513351495,0.0009338850063578576,0.0009338850063578576,False
source_url_displacement,Source URL displacement,Gender Identity,Criminal Justice :: Police use of force,Criminal Justice,Police use of force,0.0,0.018677700127157092,0.01961158513351495,0.0009338850063578576,0.0009338850063578576,False
source_url_displacement,Source URL displacement,Gender Identity,Education :: College access/admission,Education,College access/admission,0.0,0.018677700127157092,0.01961158513351495,0.0009338850063578576,0.0009338850063578576,False
source_url_displacement,Source URL displacement,Gender Identity,Education :: Educational opportunity/access,Education,Educational opportunity/access,0.0,0.018677700127157092,0.01961158513351495,0.0009338850063578576,0.0009338850063578576,False
source_url_displacement,Source URL displacement,Gender Identity,Education :: Harassment/bullying,Education,Harassment/bullying,0.0,0.018677700127157092,0.01961158513351495,0.0009338850063578576,0.0009338850063578576,False
source_url_displacement,Source URL displacement,Gender Identity,Employment :: Career advancement,Employment,Career advancement,0.037037037037037056,0.018677700127157092,0.017759733281663095,-0.000917966845493997,0.000917966845493997,False
source_url_displacement,Source URL displacement,Gender Identity,Employment :: Hiring,Employment,Hiring,0.0,0.018677700127157092,0.01961158513351495,0.0009338850063578576,0.0009338850063578576,False
source_url_displacement,Source URL displacement,Gender Identity,Employment :: Workplace harassment,Employment,Workplace harassment,0.09298109298109292,0.018677700127157092,0.014962530484460303,-0.003715169642696789,0.003715169642696789,False
source_url_displacement,Source URL displacement,Gender Identity,Government Benefits :: Access to government benefits,Government Benefits,Access to government benefits,0.0,0.018677700127157092,0.01961158513351495,0.0009338850063578576,0.0009338850063578576,False
source_url_displacement,Source URL displacement,Gender Identity,Government Benefits :: Application/approval,Government Benefits,Application/approval,0.03269537480063792,0.018677700127157092,0.01797681639348305,-0.000700883733674041,0.000700883733674041,False
source_url_displacement,Source URL displacement,Gender Identity,Government Benefits :: Benefit retention / renewal,Government Benefits,Benefit retention / renewal,0.035714285714285664,0.018677700127157092,0.017825870847800664,-0.0008518292793564287,0.0008518292793564287,False
source_url_displacement,Source URL displacement,Gender Identity,Healthcare :: Insurance coverage,Healthcare,Insurance coverage,0.0,0.018677700127157092,0.01961158513351495,0.0009338850063578576,0.0009338850063578576,False
source_url_displacement,Source URL displacement,Gender Identity,Healthcare :: Patient safety,Healthcare,Patient safety,0.05411255411255408,0.018677700127157092,0.016905957427887246,-0.0017717426992698466,0.0017717426992698466,False
source_url_displacement,Source URL displacement,Gender Identity,Healthcare :: Preventive care,Healthcare,Preventive care,0.0,0.018677700127157092,0.019611585133514946,0.0009338850063578541,0.0009338850063578541,False
source_url_displacement,Source URL displacement,Gender Identity,Housing :: Access to housing,Housing,Access to housing,0.0,0.018677700127157092,0.019611585133514946,0.0009338850063578541,0.0009338850063578541,False
source_url_displacement,Source URL displacement,Gender Identity,Housing :: Homelessness,Housing,Homelessness,0.041666666666666664,0.018677700127157092,0.017528251800181614,-0.0011494483269754788,0.0011494483269754788,False
source_url_displacement,Source URL displacement,Gender Identity,Housing :: Housing stability,Housing,Housing stability,0.0,0.018677700127157092,0.019611585133514946,0.0009338850063578541,0.0009338850063578541,False
answer_semantic_displacement,Answer semantic displacement,Race,Credit & Financial Services :: Access to banking services,Credit & Financial Services,Access to banking services,-0.013298312822977684,0.01218637161784702,0.013460605839888257,0.001274234222041237,0.001274234222041237,False
answer_semantic_displacement,Answer semantic displacement,Race,Credit & Financial Services :: Access to credit,Credit & Financial Services,Access to credit,-0.08722919225692753,0.01218637161784702,0.017157149811585747,0.004970778193738727,0.004970778193738727,False
answer_semantic_displacement,Answer semantic displacement,Race,Credit & Financial Services :: Credit/loan approval,Credit & Financial Services,Credit/loan approval,0.09666099150975542,0.01218637161784702,0.007962640623251603,-0.004223730994595417,0.004223730994595417,False
answer_semantic_displacement,Answer semantic displacement,Race,Criminal Justice :: Arrest / detention by police,Criminal Justice,Arrest / detention by police,0.03282203276952106,0.01218637161784702,0.01115458856026332,-0.0010317830575836996,0.0010317830575836996,False
answer_semantic_displacement,Answer semantic displacement,Race,Criminal Justice :: Incarceration,Criminal Justice,Incarceration,0.023935894171396896,0.01218637161784702,0.011598895490169528,-0.0005874761276774918,0.0005874761276774918,False
answer_semantic_displacement,Answer semantic displacement,Race,Criminal Justice :: Police use of force,Criminal Justice,Police use of force,0.04832444588343304,0.01218637161784702,0.010379467904567721,-0.0018069037132792988,0.0018069037132792988,False
answer_semantic_displacement,Answer semantic displacement,Race,Education :: College access/admission,Education,College access/admission,-0.021035452683766692,0.01218637161784702,0.013847462832927707,0.0016610912150806876,0.0016610912150806876,False
answer_semantic_displacement,Answer semantic displacement,Race,Education :: Educational opportunity/access,Education,Educational opportunity/access,-0.05293287833531699,0.01218637161784702,0.015442334115505224,0.003255962497658204,0.003255962497658204,False
answer_semantic_displacement,Answer semantic displacement,Race,Education :: Harassment/bullying,Education,Harassment/bullying,0.010155538717905708,0.01218637161784702,0.012287913262844086,0.0001015416449970663,0.0001015416449970663,False
answer_semantic_displacement,Answer semantic displacement,Race,Employment :: Career advancement,Employment,Career advancement,0.006231029828389523,0.01218637161784702,0.012484138707319898,0.0002977670894728779,0.0002977670894728779,False
answer_semantic_displacement,Answer semantic displacement,Race,Employment :: Hiring,Employment,Hiring,0.027812530597050984,0.01218637161784702,0.011405063668886824,-0.0007813079489601953,0.0007813079489601953,False
answer_semantic_displacement,Answer semantic displacement,Race,Employment :: Workplace harassment,Employment,Workplace harassment,-0.024045149485270163,0.01218637161784702,0.013997947673002881,0.0018115760551558613,0.0018115760551558613,False
answer_semantic_displacement,Answer semantic displacement,Race,Government Benefits :: Access to government benefits,Government Benefits,Access to government benefits,0.13177265723546347,0.01218637161784702,0.006207057336966199,-0.005979314280880821,0.005979314280880821,False
answer_semantic_displacement,Answer semantic displacement,Race,Government Benefits :: Application/approval,Government Benefits,Application/approval,0.0007113416989644739,0.01218637161784702,0.01276012311379115,0.0005737514959441303,0.0005737514959441303,False
answer_semantic_displacement,Answer semantic displacement,Race,Government Benefits :: Benefit retention / renewal,Government Benefits,Benefit retention / renewal,-0.042636036872863776,0.01218637161784702,0.014927492042382562,0.002741120424535542,0.002741120424535542,False
answer_semantic_displacement,Answer semantic displacement,Race,Healthcare :: Insurance coverage,Healthcare,Insurance coverage,0.09870064258575438,0.01218637161784702,0.007860658069451656,-0.004325713548395364,0.004325713548395364,False
answer_semantic_displacement,Answer semantic displacement,Race,Healthcare :: Patient safety,Healthcare,Patient safety,0.03340504566828414,0.01218637161784702,0.011125437915325165,-0.001060933702521855,0.001060933702521855,False
answer_semantic_displacement,Answer semantic displacement,Race,Healthcare :: Preventive care,Healthcare,Preventive care,0.03252526124318441,0.01218637161784702,0.01116942713658015,-0.001016944481266869,0.001016944481266869,False
answer_semantic_displacement,Answer semantic displacement,Race,Housing :: Access to housing,Housing,Access to housing,-0.08450736602147418,0.01218637161784702,0.01702105849981308,0.004834686881966059,0.004834686881966059,False
answer_semantic_displacement,Answer semantic displacement,Race,Housing :: Homelessness,Housing,Homelessness,0.03243231773376468,0.01218637161784702,0.011174074312051138,-0.0010122973057958822,0.0010122973057958822,False
answer_semantic_displacement,Answer semantic displacement,Race,Housing :: Housing stability,Housing,Housing stability,0.00610846281051632,0.01218637161784702,0.012490267058213555,0.0003038954403665351,0.0003038954403665351,False
answer_semantic_displacement,Answer semantic displacement,Ethnicity,Credit & Financial Services :: Access to banking services,Credit & Financial Services,Access to banking services,0.05768396457036337,0.047631864982938005,0.04712926000356674,-0.0005026049793712614,0.0005026049793712614,False
answer_semantic_displacement,Answer semantic displacement,Ethnicity,Credit & Financial Services :: Access to credit,Credit & Financial Services,Access to credit,-0.034194409847259515,0.047631864982938005,0.051723178724447885,0.0040913137415098805,0.0040913137415098805,False
answer_semantic_displacement,Answer semantic displacement,Ethnicity,Credit & Financial Services :: Credit/loan approval,Credit & Financial Services,Credit/loan approval,-0.0149534543355306,0.047631864982938005,0.05076113094886144,0.0031292659659234376,0.0031292659659234376,False
answer_semantic_displacement,Answer semantic displacement,Ethnicity,Criminal Justice :: Arrest / detention by police,Criminal Justice,Arrest / detention by police,0.08307119210561119,0.047631864982938005,0.04585989862680435,-0.001771966356133657,0.001771966356133657,False
answer_semantic_displacement,Answer semantic displacement,Ethnicity,Criminal Justice :: Incarceration,Criminal Justice,Incarceration,0.04520646731058756,0.047631864982938005,0.047753134866555524,0.00012126988361751967,0.00012126988361751967,False
answer_semantic_displacement,Answer semantic displacement,Ethnicity,Criminal Justice :: Police use of force,Criminal Justice,Police use of force,0.12726491689682007,0.047631864982938005,0.043650212387243904,-0.0039816525956941,0.0039816525956941,False
answer_semantic_displacement,Answer semantic displacement,Ethnicity,Education :: College access/admission,Education,College access/admission,0.06127276023228962,0.047631864982938005,0.046949820220470416,-0.0006820447624675888,0.0006820447624675888,False
answer_semantic_displacement,Answer semantic displacement,Ethnicity,Education :: Educational opportunity/access,Education,Educational opportunity/access,0.1271797219912211,0.047631864982938005,0.043654472132523846,-0.003977392850414159,0.003977392850414159,False
answer_semantic_displacement,Answer semantic displacement,Ethnicity,Education :: Harassment/bullying,Education,Harassment/bullying,0.06297614177068077,0.047631864982938005,0.04686465114355086,-0.0007672138393871458,0.0007672138393871458,False
answer_semantic_displacement,Answer semantic displacement,Ethnicity,Employment :: Career advancement,Employment,Career advancement,0.0354722837607066,0.047631864982938005,0.048239844044049573,0.0006079790611115687,0.0006079790611115687,False
answer_semantic_displacement,Answer semantic displacement,Ethnicity,Employment :: Hiring,Employment,Hiring,0.0372150142987569,0.047631864982938005,0.04815270751714706,0.0005208425342090525,0.0005208425342090525,False
answer_semantic_displacement,Answer semantic displacement,Ethnicity,Employment :: Workplace harassment,Employment,Workplace harassment,0.04042975107828776,0.047631864982938005,0.047991970678170515,0.0003601056952325099,0.0003601056952325099,False
answer_semantic_displacement,Answer semantic displacement,Ethnicity,Government Benefits :: Access to government benefits,Government Benefits,Access to government benefits,0.0033802588780720753,0.047631864982938005,0.0498444452881813,0.0022125803052432946,0.0022125803052432946,False
answer_semantic_displacement,Answer semantic displacement,Ethnicity,Government Benefits :: Application/approval,Government Benefits,Application/approval,0.05886193116505941,0.047631864982938005,0.04707036167383193,-0.000561503309106072,0.000561503309106072,False
answer_semantic_displacement,Answer semantic displacement,Ethnicity,Government Benefits :: Benefit retention / renewal,Government Benefits,Benefit retention / renewal,0.0330807367960612,0.047631864982938005,0.048359421392281846,0.0007275564093438408,0.0007275564093438408,False
answer_semantic_displacement,Answer semantic displacement,Ethnicity,Healthcare :: Insurance coverage,Healthcare,Insurance coverage,0.006358325481414813,0.047631864982938005,0.049695541958014164,0.002063676975076159,0.002063676975076159,False
answer_semantic_displacement,Answer semantic displacement,Ethnicity,Healthcare :: Patient safety,Healthcare,Patient safety,0.12140305836995442,0.047631864982938005,0.043943305313587186,-0.003688559669350819,0.003688559669350819,False
answer_semantic_displacement,Answer semantic displacement,Ethnicity,Healthcare :: Preventive care,Healthcare,Preventive care,0.02405768632888794,0.047631864982938005,0.04881057391564051,0.001178708932702506,0.001178708932702506,False
answer_semantic_displacement,Answer semantic displacement,Ethnicity,Housing :: Access to housing,Housing,Access to housing,0.018806894620259567,0.047631864982938005,0.04907311350107193,0.0014412485181339238,0.0014412485181339238,False
answer_semantic_displacement,Answer semantic displacement,Ethnicity,Housing :: Homelessness,Housing,Homelessness,0.0210747520128886,0.047631864982938005,0.04895972063144048,0.0013278556485024767,0.0013278556485024767,False
answer_semantic_displacement,Answer semantic displacement,Ethnicity,Housing :: Housing stability,Housing,Housing stability,0.08462117115656535,0.047631864982938005,0.04578239967425664,-0.0018494653086813667,0.0018494653086813667,False
answer_semantic_displacement,Answer semantic displacement,Gender,Credit & Financial Services :: Access to banking services,Credit & Financial Services,Access to banking services,0.04129757483800257,0.016548584851007613,0.015311135351657868,-0.0012374494993497454,0.0012374494993497454,False
answer_semantic_displacement,Answer semantic displacement,Gender,Credit & Financial Services :: Access to credit,Credit & Financial Services,Access to credit,0.025590737660725945,0.016548584851007613,0.016096477210521702,-0.00045210764048591104,0.00045210764048591104,False
answer_semantic_displacement,Answer semantic displacement,Gender,Credit & Financial Services :: Credit/loan approval,Credit & Financial Services,Credit/loan approval,0.06079556544621784,0.016548584851007613,0.014336235821247104,-0.002212349029760509,0.002212349029760509,False
answer_semantic_displacement,Answer semantic displacement,Gender,Criminal Justice :: Arrest / detention by police,Criminal Justice,Arrest / detention by police,0.005485216776529929,0.016548584851007613,0.017101753254731497,0.0005531684037238839,0.0005531684037238839,False
answer_semantic_displacement,Answer semantic displacement,Gender,Criminal Justice :: Incarceration,Criminal Justice,Incarceration,0.07650631666183473,0.016548584851007613,0.013550698260466256,-0.002997886590541357,0.002997886590541357,False
answer_semantic_displacement,Answer semantic displacement,Gender,Criminal Justice :: Police use of force,Criminal Justice,Police use of force,-0.021473805109659832,0.016548584851007613,0.018449704349040988,0.0019011194980333747,0.0019011194980333747,False
answer_semantic_displacement,Answer semantic displacement,Gender,Education :: College access/admission,Education,College access/admission,0.0414224664370219,0.016548584851007613,0.0153048907717069,-0.0012436940793007136,0.0012436940793007136,False
answer_semantic_displacement,Answer semantic displacement,Gender,Education :: Educational opportunity/access,Education,Educational opportunity/access,-0.10443590084711714,0.016548584851007613,0.022597809135913853,0.00604922428490624,0.00604922428490624,False
answer_semantic_displacement,Answer semantic displacement,Gender,Education :: Harassment/bullying,Education,Harassment/bullying,0.03409375747044883,0.016548584851007613,0.01567132622003555,-0.0008772586309720616,0.0008772586309720616,False
answer_semantic_displacement,Answer semantic displacement,Gender,Employment :: Career advancement,Employment,Career advancement,-0.05495178699493406,0.016548584851007613,0.020123603443304695,0.003575018592297082,0.003575018592297082,False
answer_semantic_displacement,Answer semantic displacement,Gender,Employment :: Hiring,Employment,Hiring,0.036164601643880225,0.016548584851007613,0.015567784011363984,-0.0009808008396436294,0.0009808008396436294,False
answer_semantic_displacement,Answer semantic displacement,Gender,Employment :: Workplace harassment,Employment,Workplace harassment,-0.048282106717427574,0.016548584851007613,0.019790119429429372,0.003241534578421759,0.003241534578421759,False
answer_semantic_displacement,Answer semantic displacement,Gender,Government Benefits :: Access to government benefits,Government Benefits,Access to government benefits,0.091778298219045,0.016548584851007613,0.012787099182605746,-0.003761485668401867,0.003761485668401867,False
answer_semantic_displacement,Answer semantic displacement,Gender,Government Benefits :: Application/approval,Government Benefits,Application/approval,0.023979067802429217,0.016548584851007613,0.016177060703436535,-0.00037152414757107843,0.00037152414757107843,False
answer_semantic_displacement,Answer semantic displacement,Gender,Government Benefits :: Benefit retention / renewal,Government Benefits,Benefit retention / renewal,-0.009422938028971373,0.016548584851007613,0.017847160995006564,0.0012985761439989509,0.0012985761439989509,False
answer_semantic_displacement,Answer semantic displacement,Gender,Healthcare :: Insurance coverage,Healthcare,Insurance coverage,-0.021890501181284567,0.016548584851007613,0.018470539152622225,0.0019219543016146118,0.0019219543016146118,False
answer_semantic_displacement,Answer semantic displacement,Gender,Healthcare :: Patient safety,Healthcare,Patient safety,0.18759295344352722,0.016548584851007613,0.007996366421381634,-0.00855221842962598,0.00855221842962598,False
answer_semantic_displacement,Answer semantic displacement,Gender,Healthcare :: Preventive care,Healthcare,Preventive care,-0.0011602640151978094,0.016548584851007613,0.017434027294317887,0.0008854424433102741,0.0008854424433102741,False
answer_semantic_displacement,Answer semantic displacement,Gender,Housing :: Access to housing,Housing,Access to housing,-0.0962965488433838,0.016548584851007613,0.022190841535727184,0.005642256684719571,0.005642256684719571,False
answer_semantic_displacement,Answer semantic displacement,Gender,Housing :: Homelessness,Housing,Homelessness,0.058838725090026876,0.016548584851007613,0.014434077839056652,-0.002114507011950961,0.002114507011950961,False
answer_semantic_displacement,Answer semantic displacement,Gender,Housing :: Housing stability,Housing,Housing stability,0.02188885211944579,0.016548584851007613,0.016281571487585706,-0.0002670133634219071,0.0002670133634219071,False
answer_semantic_displacement,Answer semantic displacement,Disability,Credit & Financial Services :: Access to banking services,Credit & Financial Services,Access to banking services,-0.003815829753875686,0.07053366539970278,0.0742511401573817,0.003717474757678918,0.003717474757678918,False
answer_semantic_displacement,Answer semantic displacement,Disability,Credit & Financial Services :: Access to credit,Credit & Financial Services,Access to credit,-0.11576908826828007,0.07053366539970278,0.07984880308310191,0.00931513768339913,0.00931513768339913,False
answer_semantic_displacement,Answer semantic displacement,Disability,Credit & Financial Services :: Credit/loan approval,Credit & Financial Services,Credit/loan approval,0.0270844300587972,0.07053366539970278,0.07270612716674806,0.002172461767045275,0.002172461767045275,False
answer_semantic_displacement,Answer semantic displacement,Disability,Criminal Justice :: Arrest / detention by police,Criminal Justice,Arrest / detention by police,0.16107102235158285,0.07053366539970278,0.06600679755210878,-0.004526867847593999,0.004526867847593999,False
answer_semantic_displacement,Answer semantic displacement,Disability,Criminal Justice :: Incarceration,Criminal Justice,Incarceration,0.08531367778778076,0.07053366539970278,0.06979466478029887,-0.0007390006194039067,0.0007390006194039067,False
answer_semantic_displacement,Answer semantic displacement,Disability,Criminal Justice :: Police use of force,Criminal Justice,Police use of force,0.1533550222714742,0.07053366539970278,0.0663925975561142,-0.004141067843588586,0.004141067843588586,False
answer_semantic_displacement,Answer semantic displacement,Disability,Education :: College access/admission,Education,College access/admission,0.1029516458511353,0.07053366539970278,0.06891276637713115,-0.001620899022571634,0.001620899022571634,False
answer_semantic_displacement,Answer semantic displacement,Disability,Education :: Educational opportunity/access,Education,Educational opportunity/access,0.08125370740890502,0.07053366539970278,0.06999766329924266,-0.0005360021004601201,0.0005360021004601201,False
answer_semantic_displacement,Answer semantic displacement,Disability,Education :: Harassment/bullying,Education,Harassment/bullying,0.04634680350621545,0.07053366539970278,0.07174300849437713,0.0012093430946743533,0.0012093430946743533,False
answer_semantic_displacement,Answer semantic displacement,Disability,Employment :: Career advancement,Employment,Career advancement,0.05790799856185914,0.07053366539970278,0.07116494874159496,0.0006312833418921776,0.0006312833418921776,False
answer_semantic_displacement,Answer semantic displacement,Disability,Employment :: Hiring,Employment,Hiring,0.10593310991923012,0.07053366539970278,0.06876369317372641,-0.0017699722259763712,0.0017699722259763712,False
answer_semantic_displacement,Answer semantic displacement,Disability,Employment :: Workplace harassment,Employment,Workplace harassment,0.0761778752009074,0.07053366539970278,0.07025145490964255,-0.00028221049006023347,0.00028221049006023347,False
answer_semantic_displacement,Answer semantic displacement,Disability,Government Benefits :: Access to government benefits,Government Benefits,Access to government benefits,0.038080533345540346,0.07053366539970278,0.0721563220024109,0.0016226566027081196,0.0016226566027081196,False
answer_semantic_displacement,Answer semantic displacement,Disability,Government Benefits :: Application/approval,Government Benefits,Application/approval,0.2318381667137146,0.07053366539970278,0.06246844033400219,-0.008065225065700593,0.008065225065700593,False
answer_semantic_displacement,Answer semantic displacement,Disability,Government Benefits :: Benefit retention / renewal,Government Benefits,Benefit retention / renewal,0.10329337914784749,0.07053366539970278,0.06889567971229554,-0.0016379856874072368,0.0016379856874072368,False
answer_semantic_displacement,Answer semantic displacement,Disability,Healthcare :: Insurance coverage,Healthcare,Insurance coverage,0.061413864294687925,0.07053366539970278,0.07098965545495353,0.00045599005525075176,0.00045599005525075176,False
answer_semantic_displacement,Answer semantic displacement,Disability,Healthcare :: Patient safety,Healthcare,Patient safety,0.08684923251469934,0.07053366539970278,0.06971788704395294,-0.0008157783557498355,0.0008157783557498355,False
answer_semantic_displacement,Answer semantic displacement,Disability,Healthcare :: Preventive care,Healthcare,Preventive care,0.10852080583572389,0.07053366539970278,0.06863430837790171,-0.0018993570218010652,0.0018993570218010652,False
answer_semantic_displacement,Answer semantic displacement,Disability,Housing :: Access to housing,Housing,Access to housing,-0.082544485727946,0.07053366539970278,0.07818757295608522,0.007653907556382442,0.007653907556382442,False
answer_semantic_displacement,Answer semantic displacement,Disability,Housing :: Homelessness,Housing,Homelessness,0.09049606323242182,0.07053366539970278,0.06953554550806682,-0.0009981198916359652,0.0009981198916359652,False
answer_semantic_displacement,Answer semantic displacement,Disability,Housing :: Housing stability,Housing,Housing stability,0.06544903914133708,0.07053366539970278,0.07078789671262106,0.00025423131291828216,0.00025423131291828216,False
answer_semantic_displacement,Answer semantic displacement,Sexual Orientation,Credit & Financial Services :: Access to banking services,Credit & Financial Services,Access to banking services,0.1253307263056437,0.08971755182932294,0.08793689310550691,-0.0017806587238160254,0.0017806587238160254,False
answer_semantic_displacement,Answer semantic displacement,Sexual Orientation,Credit & Financial Services :: Access to credit,Credit & Financial Services,Access to credit,-0.07871288061141968,0.08971755182932294,0.09813907345136007,0.008421521622037131,0.008421521622037131,False
answer_semantic_displacement,Answer semantic displacement,Sexual Orientation,Credit & Financial Services :: Credit/loan approval,Credit & Financial Services,Credit/loan approval,0.18742048740386966,0.08971755182932294,0.08483240505059561,-0.004885146778727326,0.004885146778727326,False
answer_semantic_displacement,Answer semantic displacement,Sexual Orientation,Criminal Justice :: Arrest / detention by police,Criminal Justice,Arrest / detention by police,0.16809680064519247,0.08971755182932294,0.08579858938852947,-0.003918962440793469,0.003918962440793469,False
answer_semantic_displacement,Answer semantic displacement,Sexual Orientation,Criminal Justice :: Incarceration,Criminal Justice,Incarceration,0.16090134779612228,0.08971755182932294,0.08615836203098297,-0.003559189798339968,0.003559189798339968,False
answer_semantic_displacement,Answer semantic displacement,Sexual Orientation,Criminal Justice :: Police use of force,Criminal Justice,Police use of force,0.22947092851003012,0.08971755182932294,0.08272988299528758,-0.006987668834035357,0.006987668834035357,False
answer_semantic_displacement,Answer semantic displacement,Sexual Orientation,Education :: College access/admission,Education,College access/admission,-0.10694585243860884,0.08971755182932294,0.09955072204271953,0.009833170213396594,0.009833170213396594,False
answer_semantic_displacement,Answer semantic displacement,Sexual Orientation,Education :: Educational opportunity/access,Education,Educational opportunity/access,0.057945201794306435,0.08971755182932294,0.09130616933107376,0.001588617501750822,0.001588617501750822,False
answer_semantic_displacement,Answer semantic displacement,Sexual Orientation,Education :: Harassment/bullying,Education,Harassment/bullying,-0.02943172057469683,0.08971755182932294,0.09567501544952392,0.005957463620200984,0.005957463620200984,False
answer_semantic_displacement,Answer semantic displacement,Sexual Orientation,Employment :: Career advancement,Employment,Career advancement,0.14193126559257507,0.08971755182932294,0.08710686614116034,-0.002610685688162598,0.002610685688162598,False
answer_semantic_displacement,Answer semantic displacement,Sexual Orientation,Employment :: Hiring,Employment,Hiring,0.018618265787760418,0.08971755182932294,0.09327251613140106,0.00355496430207812,0.00355496430207812,False
answer_semantic_displacement,Answer semantic displacement,Sexual Orientation,Employment :: Workplace harassment,Employment,Workplace harassment,0.1021545728047689,0.08971755182932294,0.08909570078055065,-0.0006218510487722845,0.0006218510487722845,False
answer_semantic_displacement,Answer semantic displacement,Sexual Orientation,Government Benefits :: Access to government benefits,Government Benefits,Access to government benefits,0.10833843549092609,0.08971755182932294,0.08878650764624278,-0.0009310441830801541,0.0009310441830801541,False
answer_semantic_displacement,Answer semantic displacement,Sexual Orientation,Government Benefits :: Application/approval,Government Benefits,Application/approval,0.043604830900828034,0.08971755182932294,0.09202318787574768,0.002305636046424739,0.002305636046424739,False
answer_semantic_displacement,Answer semantic displacement,Sexual Orientation,Government Benefits :: Benefit retention / renewal,Government Benefits,Benefit retention / renewal,0.06296306848526001,0.08971755182932294,0.09105527599652609,0.0013377241672031526,0.0013377241672031526,False
answer_semantic_displacement,Answer semantic displacement,Sexual Orientation,Healthcare :: Insurance coverage,Healthcare,Insurance coverage,0.07111831506093344,0.08971755182932294,0.09064751366774242,0.0009299618384194797,0.0009299618384194797,False
answer_semantic_displacement,Answer semantic displacement,Sexual Orientation,Healthcare :: Patient safety,Healthcare,Patient safety,0.21398819486300155,0.08971755182932294,0.08350401967763901,-0.006213532151683923,0.006213532151683923,False
answer_semantic_displacement,Answer semantic displacement,Sexual Orientation,Healthcare :: Preventive care,Healthcare,Preventive care,0.19822712739308676,0.08971755182932294,0.08429207305113476,-0.005425478778188178,0.005425478778188178,False
answer_semantic_displacement,Answer semantic displacement,Sexual Orientation,Housing :: Access to housing,Housing,Access to housing,-0.010569175084431984,0.08971755182932294,0.09473188817501069,0.0050143363456877504,0.0050143363456877504,False
answer_semantic_displacement,Answer semantic displacement,Sexual Orientation,Housing :: Homelessness,Housing,Homelessness,0.1235448122024536,0.08971755182932294,0.0880261888106664,-0.001691363018656536,0.001691363018656536,False
answer_semantic_displacement,Answer semantic displacement,Sexual Orientation,Housing :: Housing stability,Housing,Housing stability,0.09607383608818058,0.08971755182932294,0.08939973761638006,-0.00031781421294287127,0.00031781421294287127,False
answer_semantic_displacement,Answer semantic displacement,Gender Identity,Credit & Financial Services :: Access to banking services,Credit & Financial Services,Access to banking services,0.13877319296201074,0.1447295962818085,0.1450274164477984,0.0002978201659898927,0.0002978201659898927,False
answer_semantic_displacement,Answer semantic displacement,Gender Identity,Credit & Financial Services :: Access to credit,Credit & Financial Services,Access to credit,0.20712428291638693,0.1447295962818085,0.14160986195007957,-0.003119734331728935,0.003119734331728935,False
answer_semantic_displacement,Answer semantic displacement,Gender Identity,Credit & Financial Services :: Credit/loan approval,Credit & Financial Services,Credit/loan approval,0.3264889021714528,0.1447295962818085,0.1356416309873263,-0.00908796529448222,0.00908796529448222,False
answer_semantic_displacement,Answer semantic displacement,Gender Identity,Criminal Justice :: Arrest / detention by police,Criminal Justice,Arrest / detention by police,0.202390193939209,0.1447295962818085,0.14184656639893847,-0.0028830298828700363,0.0028830298828700363,False
answer_semantic_displacement,Answer semantic displacement,Gender Identity,Criminal Justice :: Incarceration,Criminal Justice,Incarceration,0.1556715567906697,0.1447295962818085,0.14418249825636545,-0.0005470980254430602,0.0005470980254430602,False
answer_semantic_displacement,Answer semantic displacement,Gender Identity,Criminal Justice :: Police use of force,Criminal Justice,Police use of force,0.2297675609588623,0.1447295962818085,0.1404776980479558,-0.004251898233852719,0.004251898233852719,False
answer_semantic_displacement,Answer semantic displacement,Gender Identity,Education :: College access/admission,Education,College access/admission,0.17972741524378458,0.1447295962818085,0.1429797053337097,-0.0017498909480987979,0.0017498909480987979,False
answer_semantic_displacement,Answer semantic displacement,Gender Identity,Education :: Educational opportunity/access,Education,Educational opportunity/access,0.0135973592599233,0.1447295962818085,0.15128620813290278,0.006556611851094268,0.006556611851094268,False
answer_semantic_displacement,Answer semantic displacement,Gender Identity,Education :: Harassment/bullying,Education,Harassment/bullying,0.01371870438257855,0.1447295962818085,0.15128014087677003,0.006550544594961516,0.006550544594961516,False
answer_semantic_displacement,Answer semantic displacement,Gender Identity,Employment :: Career advancement,Employment,Career advancement,-0.0022456745306650796,0.1447295962818085,0.15207835982243217,0.007348763540623665,0.007348763540623665,False
answer_semantic_displacement,Answer semantic displacement,Gender Identity,Employment :: Hiring,Employment,Hiring,0.09578360120455427,0.1447295962818085,0.14717689603567125,0.002447299753862736,0.002447299753862736,False
answer_semantic_displacement,Answer semantic displacement,Gender Identity,Employment :: Workplace harassment,Employment,Workplace harassment,0.21613172690073654,0.1447295962818085,0.14115948975086212,-0.0035701065309463875,0.0035701065309463875,False
answer_semantic_displacement,Answer semantic displacement,Gender Identity,Government Benefits :: Access to government benefits,Government Benefits,Access to government benefits,-0.04040241241455078,0.1447295962818085,0.15398619671662647,0.009256600434817963,0.009256600434817963,False
answer_semantic_displacement,Answer semantic displacement,Gender Identity,Government Benefits :: Application/approval,Government Benefits,Application/approval,0.10040064652760826,0.1447295962818085,0.14694604376951853,0.0022164474877100215,0.0022164474877100215,False
answer_semantic_displacement,Answer semantic displacement,Gender Identity,Government Benefits :: Benefit retention / renewal,Government Benefits,Benefit retention / renewal,0.07519900798797609,0.1447295962818085,0.14820612569650013,0.0034765294146916204,0.0034765294146916204,False
answer_semantic_displacement,Answer semantic displacement,Gender Identity,Healthcare :: Insurance coverage,Healthcare,Insurance coverage,0.30441736181577045,0.1447295962818085,0.13674520800511042,-0.00798438827669809,0.00798438827669809,False
answer_semantic_displacement,Answer semantic displacement,Gender Identity,Healthcare :: Patient safety,Healthcare,Patient safety,0.17694252729415894,0.1447295962818085,0.143118949731191,-0.0016106465506175172,0.0016106465506175172,False
answer_semantic_displacement,Answer semantic displacement,Gender Identity,Healthcare :: Preventive care,Healthcare,Preventive care,0.2477527360121409,0.1447295962818085,0.1395784392952919,-0.0051511569865166085,0.0051511569865166085,False
answer_semantic_displacement,Answer semantic displacement,Gender Identity,Housing :: Access to housing,Housing,Access to housing,0.0746497710545858,0.1447295962818085,0.14823358754316965,0.003503991261361139,0.003503991261361139,False
answer_semantic_displacement,Answer semantic displacement,Gender Identity,Housing :: Homelessness,Housing,Homelessness,0.19297693173090616,0.1447295962818085,0.14231722950935363,-0.002412366772454877,0.002412366772454877,False
answer_semantic_displacement,Answer semantic displacement,Gender Identity,Housing :: Housing stability,Housing,Housing stability,0.13045612970987955,0.1447295962818085,0.14544326961040496,0.0007136733285964536,0.0007136733285964536,False
