Measure,Social dimension,Mean,Median,Q1,Q3,IQR,Positive / zero / negative,Positive proportion
Citation count,Race,3.7777777777777777,3.0,2.6666666666666665,4.0,1.3333333333333335,20 / 0 / 1,0.95
Citation count,Ethnicity,2.5396825396825395,3.3333333333333335,0.6666666666666666,5.0,4.333333333333333,17 / 0 / 4,0.81
Citation count,Gender,1.650793650793651,0.6666666666666666,0.0,3.0,3.0,14 / 3 / 4,0.67
Citation count,Disability,4.031746031746032,3.3333333333333335,2.3333333333333335,6.333333333333333,3.9999999999999996,20 / 0 / 1,0.95
Citation count,Sexual orientation,0.8730158730158729,2.0,-1.3333333333333333,3.0,4.333333333333333,15 / 0 / 6,0.71
Citation count,Gender identity,2.698412698412698,3.0,-1.0,6.0,7.0,14 / 1 / 6,0.67
Source URL displacement,Race,0.026720929470209955,0.0,0.0,0.056349206349206336,0.056349206349206336,8 / 12 / 1,0.38
Source URL displacement,Ethnicity,0.019679981437075583,0.0,0.0,0.02777777777777779,0.02777777777777779,10 / 10 / 1,0.48
Source URL displacement,Gender,0.12949104115572518,0.09320892099529869,0.0027777777777778048,0.21129426129426124,0.20851648351648344,16 / 4 / 1,0.76
Source URL displacement,Disability,0.08955951455951457,0.0625,0.0,0.13034188034188035,0.13034188034188035,14 / 7 / 0,0.67
Source URL displacement,Sexual orientation,0.0501464572160921,0.04074074074074078,0.0,0.0625,0.0625,13 / 8 / 0,0.62
Source URL displacement,Gender identity,0.018677700127157092,0.0,0.0,0.035714285714285664,0.035714285714285664,7 / 14 / 0,0.33
Answer semantic displacement,Race,0.01218637161784702,0.010155538717905708,-0.021035452683766692,0.03282203276952106,0.05385748545328775,14 / 0 / 7,0.67
Answer semantic displacement,Ethnicity,0.047631864982938005,0.04042975107828776,0.0210747520128886,0.06297614177068077,0.04190138975779217,19 / 0 / 2,0.90
Answer semantic displacement,Gender,0.016548584851007613,0.023979067802429217,-0.021473805109659832,0.0414224664370219,0.06289627154668173,13 / 0 / 8,0.62
Answer semantic displacement,Disability,0.07053366539970278,0.08125370740890502,0.04634680350621545,0.10329337914784749,0.05694657564163204,18 / 0 / 3,0.86
Answer semantic displacement,Sexual orientation,0.08971755182932294,0.1021545728047689,0.043604830900828034,0.16090134779612228,0.11729651689529424,17 / 0 / 4,0.81
Answer semantic displacement,Gender identity,0.1447295962818085,0.1556715567906697,0.07519900798797609,0.20712428291638693,0.13192527492841083,19 / 0 / 2,0.90
