scope,omitted_domain,n_domains,n_outcomes,n_observations,blocked_rank_correlation,ci_low,ci_high,p_permutation_raw,n_permutations,n_bootstrap,full_sample_correlation,change_from_full_sample,positive_estimate,ci_excludes_zero
Pooled,None (full sample),7,21,252,0.4010567820206754,0.28202249267446655,0.5066416635720579,4.999750012499375e-05,20000,5000,0.4010567820206754,0.0,True,True
Pooled,Healthcare,6,18,216,0.3815821221145141,0.2459012582721028,0.49755734412330993,4.999750012499375e-05,20000,5000,0.4010567820206754,-0.019474659906161318,True,True
Pooled,Employment,6,18,216,0.4184353225477877,0.3059718152362794,0.5173719766333733,4.999750012499375e-05,20000,5000,0.4010567820206754,0.017378540527112296,True,True
Pooled,Education,6,18,216,0.39947939184227216,0.26794235745057665,0.5129961983462838,4.999750012499375e-05,20000,5000,0.4010567820206754,-0.0015773901784032485,True,True
Pooled,Housing,6,18,216,0.3767730538063527,0.24787505350155958,0.4925417825729361,4.999750012499375e-05,20000,5000,0.4010567820206754,-0.02428372821432273,True,True
Pooled,Credit & Financial Services,6,18,216,0.4259415993301898,0.30777441112372683,0.5337641394558811,4.999750012499375e-05,20000,5000,0.4010567820206754,0.024884817309514418,True,True
Pooled,Criminal Justice,6,18,216,0.3890002597825872,0.24943635043333956,0.5129365882530434,4.999750012499375e-05,20000,5000,0.4010567820206754,-0.01205652223808823,True,True
Pooled,Government Benefits,6,18,216,0.4166651877916992,0.27289478533103784,0.531453555997517,4.999750012499375e-05,20000,5000,0.4010567820206754,0.015608405771023792,True,True
Dallas,None (full sample),7,21,252,0.4110702554796415,0.31229505255682183,0.5040872045254727,4.999750012499375e-05,20000,5000,0.4110702554796415,0.0,True,True
Dallas,Healthcare,6,18,216,0.39557303789926707,0.284765684256034,0.5017406576215053,4.999750012499375e-05,20000,5000,0.4110702554796415,-0.015497217580374423,True,True
Dallas,Employment,6,18,216,0.4184950191172309,0.31694870398527586,0.5166031346012776,4.999750012499375e-05,20000,5000,0.4110702554796415,0.007424763637589427,True,True
Dallas,Education,6,18,216,0.43377262777834563,0.3267413445172627,0.5315513178894078,4.999750012499375e-05,20000,5000,0.4110702554796415,0.022702372298704143,True,True
Dallas,Housing,6,18,216,0.4024888005503261,0.29549613983695194,0.510244267364046,4.999750012499375e-05,20000,5000,0.4110702554796415,-0.00858145492931539,True,True
Dallas,Credit & Financial Services,6,18,216,0.4481692467440466,0.34583370161027877,0.5414636401070322,4.999750012499375e-05,20000,5000,0.4110702554796415,0.037098991264405135,True,True
Dallas,Criminal Justice,6,18,216,0.3589592341916134,0.26248976672734975,0.44728690253816117,4.999750012499375e-05,20000,5000,0.4110702554796415,-0.05211102128802808,True,True
Dallas,Government Benefits,6,18,216,0.4197434025813997,0.3031843443822448,0.5287023147205757,4.999750012499375e-05,20000,5000,0.4110702554796415,0.008673147101758205,True,True
New York,None (full sample),7,21,252,0.28098691983876994,0.15617422248066876,0.39065511667836456,4.999750012499375e-05,20000,5000,0.28098691983876994,0.0,True,True
New York,Healthcare,6,18,216,0.2433163037929437,0.11074586515774298,0.3602927136401055,0.000599970001499925,20000,5000,0.28098691983876994,-0.03767061604582625,True,True
New York,Employment,6,18,216,0.2880789445505272,0.16509018158624497,0.39604465518656423,4.999750012499375e-05,20000,5000,0.28098691983876994,0.007092024711757239,True,True
New York,Education,6,18,216,0.26619392560320976,0.11793590893957695,0.38890503480080524,0.00014999250037498125,20000,5000,0.28098691983876994,-0.014792994235560186,True,True
New York,Housing,6,18,216,0.2608254463276733,0.12069306830173067,0.3853387226559017,0.00034998250087495624,20000,5000,0.28098691983876994,-0.02016147351109665,True,True
New York,Credit & Financial Services,6,18,216,0.3044011575715661,0.1866418482955928,0.4073616812146546,9.99950002499875e-05,20000,5000,0.28098691983876994,0.02341423773279616,True,True
New York,Criminal Justice,6,18,216,0.308070731865965,0.16736857111580314,0.41934403323748565,9.99950002499875e-05,20000,5000,0.28098691983876994,0.027083812027195064,True,True
New York,Government Benefits,6,18,216,0.2959126489436204,0.15946552436237718,0.4109881361401543,4.999750012499375e-05,20000,5000,0.28098691983876994,0.01492572910485046,True,True
Los Angeles,None (full sample),7,21,252,0.41986450308662965,0.2900532531969972,0.5250351838179647,4.999750012499375e-05,20000,5000,0.41986450308662965,0.0,True,True
Los Angeles,Healthcare,6,18,216,0.4072666177740175,0.2595648759924183,0.52043153808043,4.999750012499375e-05,20000,5000,0.41986450308662965,-0.012597885312612134,True,True
Los Angeles,Employment,6,18,216,0.4264428841505469,0.28820124937813746,0.5399402132562788,4.999750012499375e-05,20000,5000,0.41986450308662965,0.006578381063917227,True,True
Los Angeles,Education,6,18,216,0.43531231672730325,0.31513762439174253,0.5347088418451235,4.999750012499375e-05,20000,5000,0.41986450308662965,0.015447813640673602,True,True
Los Angeles,Housing,6,18,216,0.42273385548697223,0.2725041175777527,0.5455103225580902,4.999750012499375e-05,20000,5000,0.41986450308662965,0.002869352400342584,True,True
Los Angeles,Credit & Financial Services,6,18,216,0.4234371199565678,0.3014191459248604,0.5181198277587818,4.999750012499375e-05,20000,5000,0.41986450308662965,0.00357261686993815,True,True
Los Angeles,Criminal Justice,6,18,216,0.41324454209154154,0.2594666631407265,0.5343879784369208,4.999750012499375e-05,20000,5000,0.41986450308662965,-0.006619960995088103,True,True
Los Angeles,Government Benefits,6,18,216,0.4108967645472985,0.2541307548036666,0.5356649594697087,4.999750012499375e-05,20000,5000,0.41986450308662965,-0.008967738539331138,True,True
