file,group,condition,dimension,domain,outcome,outcome_id,fetch_coverage,n_available_sources,evidence_alignment_source_balanced,evidence_semantic_gap_source_balanced,answer_support_alignment,answer_support_semantic_gap,url_jaccard_distance,domain_jaccard_distance,url_generic_coverage,domain_generic_coverage,dense_distance_subject_normalized,generic_coverage_distance,group_novelty_distance,symmetric_sentence_distance
black_people/credit_and_financial_services__access_to_banking_services.txt,Black people,minority,Race,Credit & Financial Services,Access to banking services,Credit & Financial Services :: Access to banking services,0.9,9,0.7500702672534518,0.24992973274654817,0.7657535672187805,0.23424643278121948,1.0,1.0,0.0,0.0,0.3311854600906372,0.5847349464893341,0.4026344418525696,0.4936846941709518
black_people/credit_and_financial_services__access_to_credit.txt,Black people,minority,Race,Credit & Financial Services,Access to credit,Credit & Financial Services :: Access to credit,0.6153846153846154,8,0.7706065252423286,0.22939347475767136,0.7718289494514465,0.22817105054855347,1.0,0.875,0.0,0.4,0.2191213369369506,0.3451141119003296,0.3767547011375427,0.3609344065189361
black_people/credit_and_financial_services__credit_loan_approval.txt,Black people,minority,Race,Credit & Financial Services,Credit/loan approval,Credit & Financial Services :: Credit/loan approval,0.6666666666666666,8,0.7435216829180717,0.25647831708192825,0.7883750796318054,0.21162492036819458,1.0,1.0,0.0,0.0,0.4223195314407348,0.6042989194393158,0.4329423308372497,0.5186206251382828
black_people/criminal_justice__arrest_detention_by_police.txt,Black people,minority,Race,Criminal Justice,Arrest / detention by police,Criminal Justice :: Arrest / detention by police,0.7777777777777778,7,0.7933373706681388,0.2066626293318612,0.8088214993476868,0.19117850065231323,0.9444444444444444,0.7,0.1,0.5,0.2333920001983642,0.5269896388053894,0.2535487413406372,0.3902691900730133
black_people/criminal_justice__incarceration.txt,Black people,minority,Race,Criminal Justice,Incarceration,Criminal Justice :: Incarceration,0.75,6,0.7773278057575226,0.22267219424247742,0.7709493041038513,0.22905069589614868,1.0,0.8333333333333334,0.0,0.25,0.190098762512207,0.5048938691616058,0.2159467339515686,0.3604203015565872
black_people/criminal_justice__police_use_of_force.txt,Black people,minority,Race,Criminal Justice,Police use of force,Criminal Justice :: Police use of force,0.5714285714285714,4,0.8097810447216034,0.1902189552783966,0.812521755695343,0.18747824430465698,0.9333333333333332,0.8333333333333334,0.1111111111111111,0.2222222222222222,0.1324045658111572,0.4992725849151611,0.1482166647911071,0.3237446248531341
black_people/education__college_access_admission.txt,Black people,minority,Race,Education,College access/admission,Education :: College access/admission,0.75,9,0.789690183268653,0.21030981673134697,0.7599996328353882,0.24000036716461182,1.0,1.0,0.0,0.0,0.2252360582351684,0.5169063210487366,0.317943811416626,0.4174250662326813
black_people/education__educational_opportunity_access.txt,Black people,minority,Race,Education,Educational opportunity/access,Education :: Educational opportunity/access,0.7777777777777778,7,0.7184779409851346,0.2815220590148654,0.8260471224784851,0.1739528775215149,1.0,0.9285714285714286,0.0,0.1666666666666666,0.2658550143241882,0.5800417363643646,0.2950614690780639,0.4375516027212143
black_people/education__harassment_bullying.txt,Black people,minority,Race,Education,Harassment/bullying,Education :: Harassment/bullying,0.8461538461538461,11,0.7683766755190763,0.2316233244809237,0.7848743796348572,0.21512562036514282,1.0,0.9,0.0,0.2,0.1672320365905761,0.5634721219539642,0.2948098182678222,0.4291409701108932
black_people/employment__career_advancement.txt,Black people,minority,Race,Employment,Career advancement,Employment :: Career advancement,0.4444444444444444,4,0.7676044702529907,0.23239552974700928,0.784605085849762,0.21539491415023804,1.0,1.0,0.0,0.0,0.4532626271247864,0.6229521036148071,0.3971309065818786,0.5100415050983429
black_people/employment__hiring.txt,Black people,minority,Race,Employment,Hiring,Employment :: Hiring,0.6,6,0.7922714650630951,0.2077285349369049,0.7695969343185425,0.23040306568145752,1.0,0.9375,0.0,0.125,0.446454107761383,0.5671787858009338,0.4028904438018799,0.4850346148014068
black_people/employment__workplace_harassment.txt,Black people,minority,Race,Employment,Workplace harassment,Employment :: Workplace harassment,0.5454545454545454,6,0.7748939692974091,0.22510603070259094,0.7789371013641357,0.22106289863586426,0.9411764705882352,0.8571428571428572,0.1428571428571428,0.2857142857142857,0.2146950364112854,0.5355873703956604,0.2816833257675171,0.4086353480815887
black_people/government_benefits__access_to_government_benefits.txt,Black people,minority,Race,Government Benefits,Access to government benefits,Government Benefits :: Access to government benefits,0.25,2,0.7282076179981232,0.27179238200187683,0.732029139995575,0.26797086000442505,1.0,0.9285714285714286,0.0,0.125,0.3397375345230102,0.634964793920517,0.4149426221847534,0.5249537080526352
black_people/government_benefits__application_approval.txt,Black people,minority,Race,Government Benefits,Application/approval,Government Benefits :: Application/approval,0.5,3,0.6846587061882019,0.3153412938117981,0.6665888428688049,0.33341115713119507,1.0,0.9411764705882352,0.0,0.0833333333333333,0.2645648121833801,0.6896818578243256,0.3047864437103271,0.4972341507673263
black_people/government_benefits__benefit_retention_renewal.txt,Black people,minority,Race,Government Benefits,Benefit retention / renewal,Government Benefits :: Benefit retention / renewal,0.4666666666666667,7,0.6902753114700317,0.30972468852996826,0.6622974872589111,0.33770251274108887,1.0,0.9130434782608696,0.0,0.1666666666666666,0.2010939121246338,0.511201798915863,0.4035820364952087,0.4573919177055359
black_people/healthcare__insurance_coverage.txt,Black people,minority,Race,Healthcare,Insurance coverage,Healthcare :: Insurance coverage,0.2857142857142857,2,0.7727504968643188,0.22724950313568115,0.7705817222595215,0.22941827774047852,1.0,0.9090909090909092,0.0,0.1428571428571428,0.3369832038879394,0.5513560175895691,0.3104720711708069,0.430914044380188
black_people/healthcare__patient_safety.txt,Black people,minority,Race,Healthcare,Patient safety,Healthcare :: Patient safety,0.4444444444444444,4,0.7824248820543289,0.21757511794567108,0.7765522599220276,0.2234477400779724,1.0,0.9166666666666666,0.0,0.1428571428571428,0.3342829942703247,0.6061051189899445,0.4180091023445129,0.5120571106672287
black_people/healthcare__preventive_care.txt,Black people,minority,Race,Healthcare,Preventive care,Healthcare :: Preventive care,0.5,3,0.7890051205952963,0.21099487940470374,0.7820500135421753,0.2179499864578247,1.0,0.875,0.0,0.3333333333333333,0.2711577415466308,0.4840949177742004,0.3229312896728515,0.403513103723526
black_people/housing__access_to_housing.txt,Black people,minority,Race,Housing,Access to housing,Housing :: Access to housing,0.4166666666666667,5,0.7935707092285156,0.20642929077148442,0.7882652878761292,0.21173471212387085,1.0,0.8461538461538461,0.0,0.3333333333333333,0.2120782136917114,0.4773731827735901,0.1977919340133667,0.3375825583934784
black_people/housing__homelessness.txt,Black people,minority,Race,Housing,Homelessness,Housing :: Homelessness,0.6666666666666666,8,0.8036272749304771,0.19637272506952286,0.7629583477973938,0.2370416522026062,0.9444444444444444,0.9375,0.1428571428571428,0.1666666666666666,0.3028443455696106,0.5775201618671417,0.3700102567672729,0.4737652093172073
black_people/housing__housing_stability.txt,Black people,minority,Race,Housing,Housing stability,Housing :: Housing stability,0.125,1,0.7994535565376282,0.20054644346237183,0.745001494884491,0.25499850511550903,1.0,1.0,0.0,0.0,0.2862009406089782,0.5694395899772644,0.3239767551422119,0.4467081725597381
cisgender_people/credit_and_financial_services__access_to_banking_services.txt,cisgender people,majority,Gender Identity,Credit & Financial Services,Access to banking services,Credit & Financial Services :: Access to banking services,0.625,5,0.7232578754425049,0.27674212455749514,0.6603821516036987,0.33961784839630127,1.0,0.9230769230769232,0.0,0.125,0.3291250467300415,0.6086954772472382,0.4182659387588501,0.5134807080030441
cisgender_people/credit_and_financial_services__access_to_credit.txt,cisgender people,majority,Gender Identity,Credit & Financial Services,Access to credit,Credit & Financial Services :: Access to credit,0.5,4,0.7101268470287323,0.2898731529712677,0.6940558552742004,0.30594414472579956,1.0,1.0,0.0,0.0,0.3105891942977905,0.4869043827056885,0.3736805319786072,0.4302924573421478
cisgender_people/credit_and_financial_services__credit_loan_approval.txt,cisgender people,majority,Gender Identity,Credit & Financial Services,Credit/loan approval,Credit & Financial Services :: Credit/loan approval,,0,,,,,1.0,1.0,0.0,0.0,0.1342897415161132,0.3595793843269348,0.2826219797134399,0.3211006820201874
cisgender_people/criminal_justice__arrest_detention_by_police.txt,cisgender people,majority,Gender Identity,Criminal Justice,Arrest / detention by police,Criminal Justice :: Arrest / detention by police,0.4166666666666667,5,0.7142004132270813,0.2857995867729187,0.7240517139434814,0.27594828605651855,0.9,0.8333333333333334,0.2,0.3333333333333333,0.1934279799461364,0.3541980385780334,0.3790066242218017,0.3666023313999176
cisgender_people/criminal_justice__incarceration.txt,cisgender people,majority,Gender Identity,Criminal Justice,Incarceration,Criminal Justice :: Incarceration,0.6666666666666666,2,0.6882389783859253,0.3117610216140747,0.6810405850410461,0.31895941495895386,1.0,0.9,0.0,0.125,0.2837626338005066,0.5028994679450989,0.3866701126098633,0.4447847902774811
cisgender_people/criminal_justice__police_use_of_force.txt,cisgender people,majority,Gender Identity,Criminal Justice,Police use of force,Criminal Justice :: Police use of force,0.375,3,0.78052685658137,0.21947314341863,0.7372148036956787,0.2627851963043213,1.0,0.9230769230769232,0.0,0.1111111111111111,0.1437491178512573,0.4767776727676391,0.4962478876113891,0.4865127801895141
cisgender_people/education__college_access_admission.txt,cisgender people,majority,Gender Identity,Education,College access/admission,Education :: College access/admission,,0,,,,,1.0,1.0,0.0,0.0,0.2197499275207519,0.4106776118278503,0.3162636756896972,0.3634706437587738
cisgender_people/education__educational_opportunity_access.txt,cisgender people,majority,Gender Identity,Education,Educational opportunity/access,Education :: Educational opportunity/access,0.5714285714285714,8,0.748944416642189,0.251055583357811,0.7730114459991455,0.2269885540008545,1.0,0.9411764705882352,0.0,0.1666666666666666,0.5045375227928162,0.6266407370567322,0.4319950342178345,0.5293178856372833
cisgender_people/education__harassment_bullying.txt,cisgender people,majority,Gender Identity,Education,Harassment/bullying,Education :: Harassment/bullying,0.7857142857142857,11,0.7953215837478638,0.20467841625213623,0.8094515800476074,0.19054841995239258,1.0,0.9090909090909092,0.0,0.2,0.1608629822731018,0.5099198520183563,0.2622421383857727,0.3860809952020645
cisgender_people/employment__career_advancement.txt,cisgender people,majority,Gender Identity,Employment,Career advancement,Employment :: Career advancement,0.7,7,0.7016449400356838,0.2983550599643162,0.7076737284660339,0.29232627153396606,1.0,0.9285714285714286,0.0,0.2,0.5285372138023376,0.6477284729480743,0.5208200514316559,0.5842742621898651
cisgender_people/employment__hiring.txt,cisgender people,majority,Gender Identity,Employment,Hiring,Employment :: Hiring,0.7142857142857143,5,0.7163825511932373,0.28361744880676265,0.7419194579124451,0.25808054208755493,1.0,1.0,0.0,0.0,0.4355404376983642,0.570921003818512,0.4770815968513489,0.5240013003349304
cisgender_people/employment__workplace_harassment.txt,cisgender people,majority,Gender Identity,Employment,Workplace harassment,Employment :: Workplace harassment,0.6,3,0.8322367469469706,0.16776325305302942,0.7577990293502808,0.24220097064971924,0.9090909090909092,0.9,0.1428571428571428,0.1428571428571428,0.1890279054641723,0.5070372521877289,0.2887774705886841,0.3979073613882065
cisgender_people/government_benefits__access_to_government_benefits.txt,cisgender people,majority,Gender Identity,Government Benefits,Access to government benefits,Government Benefits :: Access to government benefits,0.6,6,0.6987811227639517,0.30121887723604834,0.6733127236366272,0.3266872763633728,1.0,0.8666666666666667,0.0,0.25,0.4064174294471741,0.5657924115657806,0.4652819037437439,0.5155371576547623
cisgender_people/government_benefits__application_approval.txt,cisgender people,majority,Gender Identity,Government Benefits,Application/approval,Government Benefits :: Application/approval,0.8181818181818182,9,0.686922570069631,0.313077429930369,0.6954261660575867,0.30457383394241333,0.9545454545454546,0.8947368421052632,0.0833333333333333,0.1666666666666666,0.3852448463439941,0.5913694500923157,0.4358968734741211,0.5136331617832184
cisgender_people/government_benefits__benefit_retention_renewal.txt,cisgender people,majority,Gender Identity,Government Benefits,Benefit retention / renewal,Government Benefits :: Benefit retention / renewal,0.1875,3,0.6587539712587992,0.3412460287412008,0.5999935269355774,0.4000064730644226,0.9642857142857144,0.8333333333333334,0.0769230769230769,0.25,0.1392461061477661,0.4794541001319885,0.4230431318283081,0.4512486159801483
cisgender_people/healthcare__insurance_coverage.txt,cisgender people,majority,Gender Identity,Healthcare,Insurance coverage,Healthcare :: Insurance coverage,0.5,3,0.6585826873779297,0.3414173126220703,0.6241655349731445,0.37583446502685547,1.0,0.8888888888888888,0.0,0.1428571428571428,0.3318245410919189,0.4770789742469787,0.3376213312149048,0.4073501527309418
cisgender_people/healthcare__patient_safety.txt,cisgender people,majority,Gender Identity,Healthcare,Patient safety,Healthcare :: Patient safety,1.0,4,0.6477860808372498,0.35221391916275024,0.6638534069061279,0.33614659309387207,0.9285714285714286,0.75,0.0909090909090909,0.2857142857142857,0.2520325779914856,0.5438681244850159,0.3789109587669372,0.4613895416259765
cisgender_people/healthcare__preventive_care.txt,cisgender people,majority,Gender Identity,Healthcare,Preventive care,Healthcare :: Preventive care,,0,,,,,1.0,1.0,0.0,0.0,0.2458107471466064,0.5070664584636688,0.3777059912681579,0.4423862248659134
cisgender_people/housing__access_to_housing.txt,cisgender people,majority,Gender Identity,Housing,Access to housing,Housing :: Access to housing,0.7142857142857143,5,0.6626991152763366,0.3373008847236634,0.6716570854187012,0.32834291458129883,1.0,0.75,0.0,0.3333333333333333,0.2260431051254272,0.5266807079315186,0.2338526248931884,0.3802666664123535
cisgender_people/housing__homelessness.txt,cisgender people,majority,Gender Identity,Housing,Homelessness,Housing :: Homelessness,0.7272727272727273,8,0.688344806432724,0.311655193567276,0.7445709109306335,0.25542908906936646,0.875,0.8461538461538461,0.2857142857142857,0.3333333333333333,0.178618311882019,0.621521919965744,0.2592098712921142,0.4403658956289291
cisgender_people/housing__housing_stability.txt,cisgender people,majority,Gender Identity,Housing,Housing stability,Housing :: Housing stability,0.3333333333333333,1,0.6629258394241333,0.3370741605758667,0.6275949478149414,0.3724050521850586,1.0,1.0,0.0,0.0,0.1586226820945739,0.5080573558807373,0.1967928409576416,0.3524250984191894
heterosexual_people/credit_and_financial_services__access_to_banking_services.txt,heterosexual people,majority,Sexual Orientation,Credit & Financial Services,Access to banking services,Credit & Financial Services :: Access to banking services,0.7777777777777778,7,0.5985418898718697,0.40145811012813026,0.6141122579574585,0.3858877420425415,0.8666666666666667,0.75,0.25,0.375,0.3211333751678467,0.5449121594429016,0.3428797721862793,0.4438959658145904
heterosexual_people/credit_and_financial_services__access_to_credit.txt,heterosexual people,majority,Sexual Orientation,Credit & Financial Services,Access to credit,Credit & Financial Services :: Access to credit,0.7777777777777778,7,0.6362247807638985,0.36377521923610145,0.6704491376876831,0.3295508623123169,0.9285714285714286,0.7272727272727273,0.1666666666666666,0.6,0.4506863355636596,0.5594742298126221,0.4087199568748474,0.4840970933437347
heterosexual_people/credit_and_financial_services__credit_loan_approval.txt,heterosexual people,majority,Sexual Orientation,Credit & Financial Services,Credit/loan approval,Credit & Financial Services :: Credit/loan approval,0.75,3,0.6030442814032236,0.39695571859677636,0.6590827703475952,0.3409172296524048,0.8461538461538461,0.8461538461538461,0.1818181818181818,0.1818181818181818,0.31952565908432,0.6255467534065247,0.4167999029159546,0.5211733281612396
heterosexual_people/criminal_justice__arrest_detention_by_police.txt,heterosexual people,majority,Sexual Orientation,Criminal Justice,Arrest / detention by police,Criminal Justice :: Arrest / detention by police,0.625,10,0.7415141344070435,0.2584858655929565,0.7631986141204834,0.2368013858795166,0.9166666666666666,0.7692307692307692,0.2,0.5,0.2319816350936889,0.4113299250602722,0.3545172810554504,0.3829236030578613
heterosexual_people/criminal_justice__incarceration.txt,heterosexual people,majority,Sexual Orientation,Criminal Justice,Incarceration,Criminal Justice :: Incarceration,0.4,2,0.7341697812080383,0.26583021879196167,0.7321668863296509,0.2678331136703491,1.0,0.8181818181818181,0.0,0.25,0.2162830829620361,0.521172285079956,0.4469242095947265,0.4840482473373413
heterosexual_people/criminal_justice__police_use_of_force.txt,heterosexual people,majority,Sexual Orientation,Criminal Justice,Police use of force,Criminal Justice :: Police use of force,0.7142857142857143,5,0.7080318927764893,0.29196810722351074,0.723647952079773,0.27635204792022705,0.9333333333333332,0.8461538461538461,0.1111111111111111,0.2222222222222222,0.128676176071167,0.4316457509994507,0.3518833518028259,0.3917645514011383
heterosexual_people/education__college_access_admission.txt,heterosexual people,majority,Sexual Orientation,Education,College access/admission,Education :: College access/admission,,0,,,,,1.0,1.0,0.0,0.0,0.4025893211364746,0.6085207164287567,0.4201278686523437,0.5143242925405502
heterosexual_people/education__educational_opportunity_access.txt,heterosexual people,majority,Sexual Orientation,Education,Educational opportunity/access,Education :: Educational opportunity/access,0.4,4,0.7167013734579086,0.28329862654209137,0.689971923828125,0.310028076171875,1.0,0.9285714285714286,0.0,0.1666666666666666,0.4877747893333435,0.5538210868835449,0.4422342777252197,0.4980276823043823
heterosexual_people/education__harassment_bullying.txt,heterosexual people,majority,Sexual Orientation,Education,Harassment/bullying,Education :: Harassment/bullying,0.625,10,0.7911988854408264,0.2088011145591736,0.8170473575592041,0.1829526424407959,0.9230769230769232,0.85,0.1666666666666666,0.3,0.2171521782875061,0.5313006043434143,0.3372167944908142,0.4342586994171142
heterosexual_people/employment__career_advancement.txt,heterosexual people,majority,Sexual Orientation,Employment,Career advancement,Employment :: Career advancement,0.8333333333333334,5,0.6502762556076049,0.34972374439239506,0.6439197659492493,0.35608023405075073,1.0,1.0,0.0,0.0,0.5106422901153564,0.7111909985542297,0.4717721939086914,0.5914815962314606
heterosexual_people/employment__hiring.txt,heterosexual people,majority,Sexual Orientation,Employment,Hiring,Employment :: Hiring,,0,,,,,1.0,1.0,0.0,0.0,0.4726566076278686,0.607294499874115,0.4636921286582947,0.5354933142662048
heterosexual_people/employment__workplace_harassment.txt,heterosexual people,majority,Sexual Orientation,Employment,Workplace harassment,Employment :: Workplace harassment,0.5,4,0.748519092798233,0.25148090720176697,0.6732317805290222,0.3267682194709778,0.75,0.75,0.4285714285714285,0.4285714285714285,0.1795860528945922,0.584399938583374,0.2715152502059936,0.4279575943946838
heterosexual_people/government_benefits__access_to_government_benefits.txt,heterosexual people,majority,Sexual Orientation,Government Benefits,Access to government benefits,Government Benefits :: Access to government benefits,0.8333333333333334,5,0.7138565897941589,0.2861434102058411,0.717328667640686,0.28267133235931396,0.9333333333333332,0.8181818181818181,0.1,0.25,0.373645544052124,0.6522469818592072,0.3852670192718506,0.5187570005655289
heterosexual_people/government_benefits__application_approval.txt,heterosexual people,majority,Sexual Orientation,Government Benefits,Application/approval,Government Benefits :: Application/approval,,0,,,,,1.0,1.0,0.0,0.0,0.430930495262146,0.6406814754009247,0.4232475757598877,0.5319645255804062
heterosexual_people/government_benefits__benefit_retention_renewal.txt,heterosexual people,majority,Sexual Orientation,Government Benefits,Benefit retention / renewal,Government Benefits :: Benefit retention / renewal,0.3,3,0.6637407143910726,0.33625928560892737,0.656395435333252,0.34360456466674805,1.0,1.0,0.0,0.0,0.2267423868179321,0.5351247191429138,0.4523898959159851,0.4937573075294494
heterosexual_people/healthcare__insurance_coverage.txt,heterosexual people,majority,Sexual Orientation,Healthcare,Insurance coverage,Healthcare :: Insurance coverage,0.5714285714285714,4,0.6877692192792892,0.31223078072071075,0.7270666360855103,0.27293336391448975,1.0,0.9,0.0,0.1428571428571428,0.2466663718223571,0.5985371768474579,0.2649967074394226,0.4317669421434402
heterosexual_people/healthcare__patient_safety.txt,heterosexual people,majority,Sexual Orientation,Healthcare,Patient safety,Healthcare :: Patient safety,0.5714285714285714,4,0.7086858004331589,0.2913141995668411,0.721579909324646,0.278420090675354,0.875,0.7777777777777778,0.1818181818181818,0.2857142857142857,0.3992342948913574,0.5322149693965912,0.4420036673545837,0.4871093183755874
heterosexual_people/healthcare__preventive_care.txt,heterosexual people,majority,Sexual Orientation,Healthcare,Preventive care,Healthcare :: Preventive care,0.4,4,0.7237624526023865,0.2762375473976135,0.7320502400398254,0.26794975996017456,1.0,0.8571428571428572,0.0,0.3333333333333333,0.1487802267074585,0.4044917821884155,0.2806867361068725,0.342589259147644
heterosexual_people/housing__access_to_housing.txt,heterosexual people,majority,Sexual Orientation,Housing,Access to housing,Housing :: Access to housing,0.5,4,0.7259964048862457,0.2740035951137543,0.7423678040504456,0.25763219594955444,1.0,0.9166666666666666,0.0,0.1666666666666666,0.3323519825935364,0.5498458743095398,0.4691668748855591,0.5095063745975494
heterosexual_people/housing__homelessness.txt,heterosexual people,majority,Sexual Orientation,Housing,Homelessness,Housing :: Homelessness,0.6666666666666666,6,0.6770418112476667,0.3229581887523333,0.626916766166687,0.373083233833313,0.9333333333333332,0.9166666666666666,0.1428571428571428,0.1666666666666666,0.1691562533378601,0.568552702665329,0.2606856226921081,0.4146191626787185
heterosexual_people/housing__housing_stability.txt,heterosexual people,majority,Sexual Orientation,Housing,Housing stability,Housing :: Housing stability,0.6,3,0.699670652548472,0.30032934745152795,0.6785863637924194,0.32141363620758057,1.0,1.0,0.0,0.0,0.2317508459091186,0.5429180562496185,0.2656369209289551,0.4042774885892868
homosexual_people/credit_and_financial_services__access_to_banking_services.txt,homosexual people,minority,Sexual Orientation,Credit & Financial Services,Access to banking services,Credit & Financial Services :: Access to banking services,0.8333333333333334,5,0.7260029554367066,0.27399704456329343,0.7377095818519592,0.26229041814804077,1.0,1.0,0.0,0.0,0.4711995720863342,0.7050321102142334,0.5243043303489685,0.614668220281601
homosexual_people/credit_and_financial_services__access_to_credit.txt,homosexual people,minority,Sexual Orientation,Credit & Financial Services,Access to credit,Credit & Financial Services :: Access to credit,0.625,5,0.7567918181419373,0.2432081818580627,0.7665024399757385,0.23349756002426147,1.0,0.8181818181818181,0.0,0.4,0.3950580954551697,0.5257143378257751,0.485490083694458,0.5056022107601166
homosexual_people/credit_and_financial_services__credit_loan_approval.txt,homosexual people,minority,Sexual Orientation,Credit & Financial Services,Credit/loan approval,Credit & Financial Services :: Credit/loan approval,0.6,3,0.7487413088480631,0.2512586911519369,0.7344284653663635,0.2655715346336365,1.0,1.0,0.0,0.0,0.4813879132270813,0.5739991366863251,0.5645743906497955,0.5692867636680603
homosexual_people/criminal_justice__arrest_detention_by_police.txt,homosexual people,minority,Sexual Orientation,Criminal Justice,Arrest / detention by police,Criminal Justice :: Arrest / detention by police,0.42857142857142855,3,0.797514537970225,0.20248546202977502,0.7477221488952637,0.25227785110473633,1.0,0.9166666666666666,0.0,0.1666666666666666,0.3540701270103454,0.4792478680610657,0.4051408767700195,0.4421943724155426
homosexual_people/criminal_justice__incarceration.txt,homosexual people,minority,Sexual Orientation,Criminal Justice,Incarceration,Criminal Justice :: Incarceration,0.7,7,0.7859588265419006,0.21404117345809937,0.8176076412200928,0.18239235877990723,1.0,0.8666666666666667,0.0,0.25,0.4257574677467346,0.6154733002185822,0.3885937929153442,0.5020335465669632
homosexual_people/criminal_justice__police_use_of_force.txt,homosexual people,minority,Sexual Orientation,Criminal Justice,Police use of force,Criminal Justice :: Police use of force,0.7142857142857143,5,0.7705642938613891,0.22943570613861086,0.7925024032592773,0.20749759674072266,1.0,1.0,0.0,0.0,0.3999365568161011,0.684146374464035,0.3483179807662964,0.5162321776151657
homosexual_people/education__college_access_admission.txt,homosexual people,minority,Sexual Orientation,Education,College access/admission,Education :: College access/admission,0.5714285714285714,4,0.7892470210790634,0.21075297892093658,0.7924367189407349,0.20756328105926514,1.0,0.9090909090909092,0.0,0.1666666666666666,0.3789523839950561,0.585655152797699,0.4433960914611816,0.5145256221294403
homosexual_people/education__educational_opportunity_access.txt,homosexual people,minority,Sexual Orientation,Education,Educational opportunity/access,Education :: Educational opportunity/access,0.36363636363636365,4,0.6456728577613831,0.35432714223861694,0.673374354839325,0.32662564516067505,1.0,0.9285714285714286,0.0,0.1666666666666666,0.5066430270671844,0.6067425012588501,0.5022317469120026,0.5544871240854263
homosexual_people/education__harassment_bullying.txt,homosexual people,minority,Sexual Orientation,Education,Harassment/bullying,Education :: Harassment/bullying,0.6,6,0.8242088158925375,0.17579118410746253,0.8254126310348511,0.17458736896514893,1.0,0.9333333333333332,0.0,0.1,0.2089576721191406,0.6164515018463135,0.2850973010063171,0.4507744014263153
homosexual_people/employment__career_advancement.txt,homosexual people,minority,Sexual Orientation,Employment,Career advancement,Employment :: Career advancement,0.3333333333333333,2,0.7485100030899048,0.2514899969100952,0.7067232728004456,0.29327672719955444,1.0,0.7777777777777778,0.0,0.4,0.5899115204811096,0.5877754986286163,0.5174353122711182,0.5526054054498672
homosexual_people/employment__hiring.txt,homosexual people,minority,Sexual Orientation,Employment,Hiring,Employment :: Hiring,0.25,1,0.8640102744102478,0.1359897255897522,0.7632204294204712,0.2367795705795288,1.0,1.0,0.0,0.0,0.384015142917633,0.6041942834854126,0.4214048385620117,0.5127995610237122
homosexual_people/employment__workplace_harassment.txt,homosexual people,minority,Sexual Orientation,Employment,Workplace harassment,Employment :: Workplace harassment,0.8888888888888888,8,0.7989273145794868,0.20107268542051315,0.7831499576568604,0.21685004234313965,1.0,1.0,0.0,0.0,0.2845340371131897,0.5538851022720337,0.3477359414100647,0.4508105218410492
homosexual_people/government_benefits__access_to_government_benefits.txt,homosexual people,minority,Sexual Orientation,Government Benefits,Access to government benefits,Government Benefits :: Access to government benefits,0.5555555555555556,5,0.7751243710517883,0.22487562894821167,0.7810906171798706,0.2189093828201294,1.0,0.8666666666666667,0.0,0.25,0.4596442580223083,0.6633096635341644,0.4293887019157409,0.5463491827249527
homosexual_people/government_benefits__application_approval.txt,homosexual people,minority,Sexual Orientation,Government Benefits,Application/approval,Government Benefits :: Application/approval,0.5,3,0.7324751019477844,0.2675248980522156,0.6901307702064514,0.3098692297935486,1.0,0.9411764705882352,0.0,0.0833333333333333,0.3418608903884887,0.6158662736415863,0.4470929503440857,0.531479611992836
homosexual_people/government_benefits__benefit_retention_renewal.txt,homosexual people,minority,Sexual Orientation,Government Benefits,Benefit retention / renewal,Government Benefits :: Benefit retention / renewal,0.5,6,0.7463596562544504,0.25364034374554956,0.6859766244888306,0.31402337551116943,1.0,0.8333333333333334,0.0,0.25,0.2014039754867553,0.5171497762203217,0.4553650617599487,0.4862574189901352
homosexual_people/healthcare__insurance_coverage.txt,homosexual people,minority,Sexual Orientation,Healthcare,Insurance coverage,Healthcare :: Insurance coverage,0.6153846153846154,8,0.7780455127358437,0.22195448726415634,0.7848049402236938,0.21519505977630615,1.0,0.9285714285714286,0.0,0.1428571428571428,0.3809035420417785,0.6194897592067719,0.4084486961364746,0.5139692276716232
homosexual_people/healthcare__patient_safety.txt,homosexual people,minority,Sexual Orientation,Healthcare,Patient safety,Healthcare :: Patient safety,0.4,4,0.7885586619377136,0.21144133806228638,0.796525776386261,0.203474223613739,1.0,0.8461538461538461,0.0,0.2857142857142857,0.702632486820221,0.7992100417613983,0.7024514973163605,0.7508307695388794
homosexual_people/healthcare__preventive_care.txt,homosexual people,minority,Sexual Orientation,Healthcare,Preventive care,Healthcare :: Preventive care,0.25,2,0.7945978045463562,0.2054021954536438,0.7611497640609741,0.23885023593902588,1.0,0.8,0.0,0.3333333333333333,0.4266050457954407,0.568039745092392,0.423152208328247,0.4955959767103195
homosexual_people/housing__access_to_housing.txt,homosexual people,minority,Sexual Orientation,Housing,Access to housing,Housing :: Access to housing,0.6,6,0.8030538658301035,0.19694613416989648,0.7931226491928101,0.20687735080718994,1.0,1.0,0.0,0.0,0.2868821620941162,0.4908798336982727,0.3973340392112732,0.4441069364547729
homosexual_people/housing__homelessness.txt,homosexual people,minority,Sexual Orientation,Housing,Homelessness,Housing :: Homelessness,0.6666666666666666,6,0.7888392408688863,0.21116075913111365,0.7849424481391907,0.21505755186080933,1.0,0.9285714285714286,0.0,0.1666666666666666,0.2547009587287903,0.6183236837387085,0.3518730401992798,0.4850983619689941
homosexual_people/housing__housing_stability.txt,homosexual people,minority,Sexual Orientation,Housing,Housing stability,Housing :: Housing stability,0.5555555555555556,5,0.77626531124115,0.22373468875885005,0.7869521975517273,0.2130478024482727,1.0,1.0,0.0,0.0,0.3531705141067505,0.608146995306015,0.3865262269973755,0.4973366111516952
latino_people/credit_and_financial_services__access_to_banking_services.txt,Latino people,minority,Ethnicity,Credit & Financial Services,Access to banking services,Credit & Financial Services :: Access to banking services,0.5555555555555556,5,0.6567687034606934,0.3432312965393066,0.6581645607948303,0.3418354392051697,0.9375,0.9375,0.125,0.125,0.2866170406341553,0.5288884341716766,0.3485422134399414,0.438715323805809
latino_people/credit_and_financial_services__access_to_credit.txt,Latino people,minority,Ethnicity,Credit & Financial Services,Access to credit,Credit & Financial Services :: Access to credit,0.8461538461538461,11,0.7135029326785695,0.28649706732143054,0.7247976064682007,0.2752023935317993,1.0,1.0,0.0,0.0,0.2369407415390014,0.3640507459640503,0.4329849481582641,0.3985178470611572
latino_people/credit_and_financial_services__credit_loan_approval.txt,Latino people,minority,Ethnicity,Credit & Financial Services,Credit/loan approval,Credit & Financial Services :: Credit/loan approval,0.8333333333333334,10,0.6994019389152527,0.3005980610847473,0.7479075193405151,0.25209248065948486,1.0,1.0,0.0,0.0,0.3966774344444275,0.605521947145462,0.4724544286727905,0.5389881879091263
latino_people/criminal_justice__arrest_detention_by_police.txt,Latino people,minority,Ethnicity,Criminal Justice,Arrest / detention by police,Criminal Justice :: Arrest / detention by police,0.6666666666666666,6,0.781157006820043,0.21884299317995703,0.7969763278961182,0.20302367210388184,1.0,0.8181818181818181,0.0,0.3333333333333333,0.3107099533081054,0.6073886454105377,0.2897118330001831,0.4485502392053604
latino_people/criminal_justice__incarceration.txt,Latino people,minority,Ethnicity,Criminal Justice,Incarceration,Criminal Justice :: Incarceration,0.3333333333333333,2,0.7931945025920868,0.2068054974079132,0.7888513207435608,0.2111486792564392,1.0,0.8181818181818181,0.0,0.25,0.2725884914398193,0.531325489282608,0.3772469162940979,0.4542862027883529
latino_people/criminal_justice__police_use_of_force.txt,Latino people,minority,Ethnicity,Criminal Justice,Police use of force,Criminal Justice :: Police use of force,0.3333333333333333,2,0.7164568305015564,0.2835431694984436,0.7519304752349854,0.24806952476501465,0.9285714285714286,0.9166666666666666,0.1111111111111111,0.1111111111111111,0.219340980052948,0.5975108444690704,0.2422749996185302,0.4198929220438003
latino_people/education__college_access_admission.txt,Latino people,minority,Ethnicity,Education,College access/admission,Education :: College access/admission,0.6,6,0.7376623054345449,0.2623376945654551,0.7306551933288574,0.2693448066711426,1.0,1.0,0.0,0.0,0.2417484521865844,0.5242986381053925,0.36458820104599,0.4444434195756912
latino_people/education__educational_opportunity_access.txt,Latino people,minority,Ethnicity,Education,Educational opportunity/access,Education :: Educational opportunity/access,0.7777777777777778,7,0.7842955248696464,0.21570447513035362,0.792187511920929,0.20781248807907104,1.0,0.9285714285714286,0.0,0.1666666666666666,0.3852320909500122,0.6699939370155334,0.4512867927551269,0.5606403648853302
latino_people/education__harassment_bullying.txt,Latino people,minority,Ethnicity,Education,Harassment/bullying,Education :: Harassment/bullying,0.375,3,0.7460629741350809,0.25393702586491906,0.7325780987739563,0.2674219012260437,1.0,0.8666666666666667,0.0,0.2,0.2624361515045166,0.6109082996845245,0.3392391800880432,0.4750737398862839
latino_people/employment__career_advancement.txt,Latino people,minority,Ethnicity,Employment,Career advancement,Employment :: Career advancement,0.6,6,0.7394118706385294,0.2605881293614706,0.7165994644165039,0.2834005355834961,1.0,0.9285714285714286,0.0,0.2,0.4416582584381103,0.6691053807735443,0.4340113997459411,0.5515583902597427
latino_people/employment__hiring.txt,Latino people,minority,Ethnicity,Employment,Hiring,Employment :: Hiring,0.6666666666666666,8,0.725599430501461,0.27440056949853897,0.7560381889343262,0.24396181106567383,1.0,1.0,0.0,0.0,0.4356818199157715,0.4680117964744568,0.5104441940784454,0.4892279952764511
latino_people/employment__workplace_harassment.txt,Latino people,minority,Ethnicity,Employment,Workplace harassment,Employment :: Workplace harassment,0.5833333333333334,7,0.7063799841063363,0.2936200158936637,0.7139155268669128,0.28608447313308716,1.0,0.9375,0.0,0.1428571428571428,0.2311100959777832,0.5875281989574432,0.25063157081604,0.4190798848867416
latino_people/government_benefits__access_to_government_benefits.txt,Latino people,minority,Ethnicity,Government Benefits,Access to government benefits,Government Benefits :: Access to government benefits,0.5,4,0.7535653710365295,0.24643462896347046,0.7248513102531433,0.2751486897468567,1.0,0.9230769230769232,0.0,0.125,0.335241436958313,0.56440868973732,0.3984684348106384,0.4814385622739792
latino_people/government_benefits__application_approval.txt,Latino people,minority,Ethnicity,Government Benefits,Application/approval,Government Benefits :: Application/approval,0.75,9,0.7428762316703796,0.25712376832962036,0.7612180709838867,0.23878192901611328,0.9565217391304348,0.8947368421052632,0.0833333333333333,0.1666666666666666,0.3043773770332336,0.592674970626831,0.4577046632766723,0.5251898169517517
latino_people/government_benefits__benefit_retention_renewal.txt,Latino people,minority,Ethnicity,Government Benefits,Benefit retention / renewal,Government Benefits :: Benefit retention / renewal,0.5714285714285714,8,0.7244510725140572,0.27554892748594284,0.6922861337661743,0.3077138662338257,1.0,0.95,0.0,0.0833333333333333,0.2060494422912597,0.5065895617008209,0.3521435260772705,0.4293665438890457
latino_people/healthcare__insurance_coverage.txt,Latino people,minority,Ethnicity,Healthcare,Insurance coverage,Healthcare :: Insurance coverage,0.8333333333333334,5,0.7452017784118652,0.2547982215881348,0.7545196413993835,0.24548035860061646,1.0,0.8888888888888888,0.0,0.1428571428571428,0.2503706216812134,0.4456219673156738,0.4448747634887695,0.4452483654022217
latino_people/healthcare__patient_safety.txt,Latino people,minority,Ethnicity,Healthcare,Patient safety,Healthcare :: Patient safety,0.5,6,0.6790051261583964,0.32099487384160363,0.7319795489311218,0.2680204510688782,1.0,0.9166666666666666,0.0,0.1428571428571428,0.4650388956069946,0.5361396670341492,0.5664743781089783,0.5513070225715637
latino_people/healthcare__preventive_care.txt,Latino people,minority,Ethnicity,Healthcare,Preventive care,Healthcare :: Preventive care,0.5555555555555556,5,0.7436363458633423,0.25636365413665774,0.7644473910331726,0.2355526089668274,1.0,0.875,0.0,0.3333333333333333,0.2088701128959655,0.3990782499313354,0.4470436573028564,0.4230609536170959
latino_people/housing__access_to_housing.txt,Latino people,minority,Ethnicity,Housing,Access to housing,Housing :: Access to housing,0.5,4,0.7739496678113937,0.22605033218860626,0.7590928673744202,0.24090713262557983,1.0,1.0,0.0,0.0,0.2895989418029785,0.3589603900909424,0.4211333990097046,0.3900468945503235
latino_people/housing__homelessness.txt,Latino people,minority,Ethnicity,Housing,Homelessness,Housing :: Homelessness,0.875,7,0.7758859481130328,0.2241140518869672,0.7857488989830017,0.2142511010169983,1.0,0.9166666666666666,0.0,0.1666666666666666,0.2026863098144531,0.3513597846031189,0.3293237686157226,0.3403417766094208
latino_people/housing__housing_stability.txt,Latino people,minority,Ethnicity,Housing,Housing stability,Housing :: Housing stability,0.4,4,0.7731370031833649,0.22686299681663513,0.794766902923584,0.20523309707641602,1.0,0.9285714285714286,0.0,0.1111111111111111,0.3847960829734802,0.4376408457756042,0.4539605379104614,0.4458006918430328
men/credit_and_financial_services__access_to_banking_services.txt,Men,majority,Gender,Credit & Financial Services,Access to banking services,Credit & Financial Services :: Access to banking services,0.42857142857142855,3,0.6609541575113932,0.3390458424886068,0.6892798542976379,0.31072014570236206,0.5,0.125,0.625,0.875,0.1192876696586608,0.339910089969635,0.2828903198242187,0.3114002048969269
men/credit_and_financial_services__access_to_credit.txt,Men,majority,Gender,Credit & Financial Services,Access to credit,Credit & Financial Services :: Access to credit,0.8571428571428571,6,0.6343503221869469,0.36564967781305313,0.7157870531082153,0.28421294689178467,0.8181818181818181,0.8,0.3333333333333333,0.4,0.2270196676254272,0.3129979968070984,0.3821848630905151,0.3475914299488067
men/credit_and_financial_services__credit_loan_approval.txt,Men,majority,Gender,Credit & Financial Services,Credit/loan approval,Credit & Financial Services :: Credit/loan approval,0.6666666666666666,6,0.7285522321859995,0.2714477678140005,0.7084158658981323,0.2915841341018677,0.8888888888888888,0.8888888888888888,0.1818181818181818,0.1818181818181818,0.2222867012023925,0.2528461217880249,0.3229020833969116,0.2878741025924682
men/criminal_justice__arrest_detention_by_police.txt,Men,majority,Gender,Criminal Justice,Arrest / detention by police,Criminal Justice :: Arrest / detention by police,0.625,5,0.7499906659126282,0.2500093340873718,0.7466749548912048,0.25332504510879517,0.7142857142857143,0.5714285714285714,0.4,0.5,0.1645110249519348,0.3251839280128479,0.2635930180549621,0.294388473033905
men/criminal_justice__incarceration.txt,Men,majority,Gender,Criminal Justice,Incarceration,Criminal Justice :: Incarceration,0.7272727272727273,8,0.7649369910359383,0.23506300896406174,0.7832515835762024,0.2167484164237976,0.8823529411764706,0.6923076923076923,0.25,0.5,0.1244703531265258,0.329542338848114,0.299202024936676,0.314372181892395
men/criminal_justice__police_use_of_force.txt,Men,majority,Gender,Criminal Justice,Police use of force,Criminal Justice :: Police use of force,0.2857142857142857,2,0.6869266033172607,0.31307339668273926,0.6361925601959229,0.36380743980407715,0.8571428571428572,0.75,0.2222222222222222,0.3333333333333333,0.0833719968795776,0.3120675086975097,0.2723839879035949,0.2922257483005523
men/education__college_access_admission.txt,Men,majority,Gender,Education,College access/admission,Education :: College access/admission,0.5555555555555556,5,0.7416493654251098,0.25835063457489016,0.7231208682060242,0.27687913179397583,1.0,0.9166666666666666,0.0,0.1666666666666666,0.1800280213356018,0.3582226634025574,0.4243679046630859,0.3912952840328216
men/education__educational_opportunity_access.txt,Men,majority,Gender,Education,Educational opportunity/access,Education :: Educational opportunity/access,0.42857142857142855,3,0.6718418200810751,0.32815817991892493,0.691411554813385,0.308588445186615,1.0,0.9166666666666666,0.0,0.1666666666666666,0.422852873802185,0.4955115914344787,0.3764516711235046,0.4359816312789917
men/education__harassment_bullying.txt,Men,majority,Gender,Education,Harassment/bullying,Education :: Harassment/bullying,0.3,3,0.7175519665082296,0.2824480334917704,0.7056295275688171,0.29437047243118286,0.8421052631578947,0.7692307692307692,0.25,0.3,0.151163101196289,0.4712981581687927,0.3558277487754822,0.4135629534721374
men/employment__career_advancement.txt,Men,majority,Gender,Employment,Career advancement,Employment :: Career advancement,0.6666666666666666,4,0.6719707697629929,0.32802923023700714,0.691024124622345,0.30897587537765503,1.0,0.9,0.0,0.2,0.3191530704498291,0.4546858668327331,0.4057549834251404,0.4302204251289367
men/employment__hiring.txt,Men,majority,Gender,Employment,Hiring,Employment :: Hiring,0.8,4,0.7139870822429657,0.2860129177570343,0.7281107902526855,0.27188920974731445,1.0,1.0,0.0,0.0,0.3223246335983276,0.3969095945358276,0.4699569344520569,0.4334332644939422
men/employment__workplace_harassment.txt,Men,majority,Gender,Employment,Workplace harassment,Employment :: Workplace harassment,0.75,3,0.786258320013682,0.213741679986318,0.7427147626876831,0.2572852373123169,0.7777777777777778,0.7777777777777778,0.2857142857142857,0.2857142857142857,0.1290960311889648,0.3542432188987732,0.3124817609786987,0.3333624899387359
men/government_benefits__access_to_government_benefits.txt,Men,majority,Gender,Government Benefits,Access to government benefits,Government Benefits :: Access to government benefits,0.3333333333333333,2,0.6798355877399445,0.32016441226005554,0.6766442656517029,0.3233557343482971,0.6666666666666667,0.6,0.4,0.5,0.1207454204559326,0.3675001859664917,0.3417826890945434,0.3546414375305176
men/government_benefits__application_approval.txt,Men,majority,Gender,Government Benefits,Application/approval,Government Benefits :: Application/approval,0.3333333333333333,3,0.6684306859970093,0.3315693140029907,0.7026536464691162,0.2973463535308838,0.95,0.8947368421052632,0.0833333333333333,0.1666666666666666,0.2462336421012878,0.4622756838798523,0.4306874275207519,0.4464815557003021
men/government_benefits__benefit_retention_renewal.txt,Men,majority,Gender,Government Benefits,Benefit retention / renewal,Government Benefits :: Benefit retention / renewal,0.8,4,0.5835997760295868,0.4164002239704132,0.5413823127746582,0.4586176872253418,1.0,0.9375,0.0,0.0833333333333333,0.1471375226974487,0.4732424020767212,0.4559966921806335,0.4646195471286773
men/healthcare__insurance_coverage.txt,Men,majority,Gender,Healthcare,Insurance coverage,Healthcare :: Insurance coverage,0.5,4,0.7121609151363373,0.2878390848636627,0.700474739074707,0.29952526092529297,0.95,0.9166666666666666,0.0769230769230769,0.1428571428571428,0.1280251145362854,0.3227758407592773,0.3325473666191101,0.3276616036891937
men/healthcare__patient_safety.txt,Men,majority,Gender,Healthcare,Patient safety,Healthcare :: Patient safety,0.3333333333333333,1,0.6579787135124207,0.34202128648757935,0.6276801824569702,0.3723198175430298,0.8333333333333334,0.75,0.1818181818181818,0.2857142857142857,0.1614030599594116,0.4190943241119385,0.4610556364059448,0.4400749802589416
men/healthcare__preventive_care.txt,Men,majority,Gender,Healthcare,Preventive care,Healthcare :: Preventive care,0.75,3,0.6175060272216797,0.3824939727783203,0.610981822013855,0.389018177986145,1.0,1.0,0.0,0.0,0.1792466640472412,0.3984968662261963,0.4523156285285949,0.4254062473773956
men/housing__access_to_housing.txt,Men,majority,Gender,Housing,Access to housing,Housing :: Access to housing,0.3333333333333333,1,0.682358980178833,0.317641019821167,0.6666727662086487,0.3333272337913513,1.0,0.8571428571428572,0.0,0.1666666666666666,0.323928952217102,0.4897828102111816,0.4190937280654907,0.4544382691383362
men/housing__homelessness.txt,Men,majority,Gender,Housing,Homelessness,Housing :: Homelessness,0.9,9,0.7054533825980293,0.29454661740197075,0.6580469608306885,0.3419530391693115,0.6923076923076923,0.6666666666666667,0.5714285714285714,0.6666666666666666,0.0598885416984558,0.3467490673065185,0.3608078360557556,0.3537784516811371
men/housing__housing_stability.txt,Men,majority,Gender,Housing,Housing stability,Housing :: Housing stability,0.8,8,0.7441333457827568,0.2558666542172432,0.6895096302032471,0.31049036979675293,0.5384615384615384,0.5,0.6666666666666666,0.6666666666666666,0.092106819152832,0.3393892645835876,0.3560484647750854,0.3477188646793365
non_latino_people/credit_and_financial_services__access_to_banking_services.txt,non-Latino people,majority,Ethnicity,Credit & Financial Services,Access to banking services,Credit & Financial Services :: Access to banking services,0.75,3,0.7374973297119141,0.26250267028808594,0.7693667411804199,0.23063325881958008,0.9090909090909092,0.9090909090909092,0.125,0.125,0.1829952001571655,0.4354934096336365,0.3617381453514099,0.3986157774925232
non_latino_people/credit_and_financial_services__access_to_credit.txt,non-Latino people,majority,Ethnicity,Credit & Financial Services,Access to credit,Credit & Financial Services :: Access to credit,0.0,0,,,,,1.0,1.0,0.0,0.0,0.343829870223999,0.3753243684768677,0.3954110145568847,0.3853676915168762
non_latino_people/credit_and_financial_services__credit_loan_approval.txt,non-Latino people,majority,Ethnicity,Credit & Financial Services,Credit/loan approval,Credit & Financial Services :: Credit/loan approval,0.5,2,0.6329362690448761,0.3670637309551239,0.6229526996612549,0.3770473003387451,1.0,1.0,0.0,0.0,0.3469713926315307,0.3905569911003113,0.4719911217689514,0.4312740564346313
non_latino_people/criminal_justice__arrest_detention_by_police.txt,non-Latino people,majority,Ethnicity,Criminal Justice,Arrest / detention by police,Criminal Justice :: Arrest / detention by police,0.8,4,0.7506594806909561,0.24934051930904388,0.786903977394104,0.213096022605896,0.9285714285714286,0.6666666666666667,0.1,0.3333333333333333,0.1700799465179443,0.369794487953186,0.3333651423454284,0.3515798151493072
non_latino_people/criminal_justice__incarceration.txt,non-Latino people,majority,Ethnicity,Criminal Justice,Incarceration,Criminal Justice :: Incarceration,0.3333333333333333,1,0.7746760845184326,0.22532391548156738,0.7172676920890808,0.2827323079109192,1.0,0.9,0.0,0.125,0.2033880352973938,0.3770031929016113,0.3717504143714905,0.3743768036365509
non_latino_people/criminal_justice__police_use_of_force.txt,non-Latino people,majority,Ethnicity,Criminal Justice,Police use of force,Criminal Justice :: Police use of force,0.6666666666666666,4,0.7911982387304306,0.2088017612695694,0.743912398815155,0.25608760118484497,1.0,1.0,0.0,0.0,0.1122603416442871,0.4043188691139221,0.2166903614997863,0.3105046153068542
non_latino_people/education__college_access_admission.txt,non-Latino people,majority,Ethnicity,Education,College access/admission,Education :: College access/admission,0.625,10,0.750215220451355,0.24978477954864498,0.750926673412323,0.249073326587677,0.9523809523809524,0.95,0.1666666666666666,0.1666666666666666,0.1608430743217468,0.3708782196044922,0.3808140754699707,0.3758461475372314
non_latino_people/education__educational_opportunity_access.txt,non-Latino people,majority,Ethnicity,Education,Educational opportunity/access,Education :: Educational opportunity/access,0.5,1,0.7030856609344482,0.29691433906555176,0.647434651851654,0.35256534814834595,1.0,1.0,0.0,0.0,0.2002015113830566,0.4431540966033935,0.3271562457084656,0.3851551711559295
non_latino_people/education__harassment_bullying.txt,non-Latino people,majority,Ethnicity,Education,Harassment/bullying,Education :: Harassment/bullying,0.75,6,0.7795767386754354,0.22042326132456458,0.819107174873352,0.18089282512664795,1.0,0.9333333333333332,0.0,0.1,0.2259919643402099,0.4080697298049927,0.3635680675506592,0.3858188986778259
non_latino_people/employment__career_advancement.txt,non-Latino people,majority,Ethnicity,Employment,Career advancement,Employment :: Career advancement,0.4,2,0.6780936419963837,0.32190635800361633,0.6631898283958435,0.3368101716041565,1.0,1.0,0.0,0.0,0.4217119216918945,0.464050829410553,0.3554232716560364,0.4097370505332947
non_latino_people/employment__hiring.txt,non-Latino people,majority,Ethnicity,Employment,Hiring,Employment :: Hiring,,0,,,,,1.0,1.0,0.0,0.0,0.3641248941421509,0.4295943975448608,0.4551547765731811,0.442374587059021
non_latino_people/employment__workplace_harassment.txt,non-Latino people,majority,Ethnicity,Employment,Workplace harassment,Employment :: Workplace harassment,0.75,3,0.7737482984860738,0.22625170151392615,0.7119430303573608,0.28805696964263916,0.7777777777777778,0.7777777777777778,0.2857142857142857,0.2857142857142857,0.2345085144042968,0.3079177737236023,0.2532772421836853,0.2805975079536438
non_latino_people/government_benefits__access_to_government_benefits.txt,non-Latino people,majority,Ethnicity,Government Benefits,Access to government benefits,Government Benefits :: Access to government benefits,0.5,3,0.7626644571622213,0.2373355428377787,0.6755385398864746,0.3244614601135254,1.0,1.0,0.0,0.0,0.3115840554237366,0.4385036826133728,0.4349188208580017,0.4367112517356872
non_latino_people/government_benefits__application_approval.txt,non-Latino people,majority,Ethnicity,Government Benefits,Application/approval,Government Benefits :: Application/approval,0.16666666666666666,1,0.6889657974243164,0.3110342025756836,0.6234205961227417,0.3765794038772583,0.9411764705882352,0.8,0.0833333333333333,0.25,0.2293934822082519,0.5058203339576721,0.3860584497451782,0.4459393918514251
non_latino_people/government_benefits__benefit_retention_renewal.txt,non-Latino people,majority,Ethnicity,Government Benefits,Benefit retention / renewal,Government Benefits :: Benefit retention / renewal,0.35714285714285715,5,0.706888735294342,0.29311126470565796,0.6588935256004333,0.34110647439956665,0.9615384615384616,0.8947368421052632,0.0769230769230769,0.1666666666666666,0.1659028530120849,0.4798402786254883,0.5004286766052246,0.4901344776153564
non_latino_people/healthcare__insurance_coverage.txt,non-Latino people,majority,Ethnicity,Healthcare,Insurance coverage,Healthcare :: Insurance coverage,0.5714285714285714,4,0.7109354436397552,0.28906455636024475,0.694953441619873,0.30504655838012695,1.0,0.9,0.0,0.1428571428571428,0.2425678968429565,0.3915424346923828,0.3524548411369324,0.3719986379146576
non_latino_people/healthcare__patient_safety.txt,non-Latino people,majority,Ethnicity,Healthcare,Patient safety,Healthcare :: Patient safety,0.5,2,0.6632750332355499,0.3367249667644501,0.6441237926483154,0.35587620735168457,0.9285714285714286,0.75,0.0909090909090909,0.2857142857142857,0.358853280544281,0.4026731848716736,0.3380216360092163,0.3703474104404449
non_latino_people/healthcare__preventive_care.txt,non-Latino people,majority,Ethnicity,Healthcare,Preventive care,Healthcare :: Preventive care,0.25,1,0.6802986264228821,0.3197013735771179,0.643898606300354,0.356101393699646,1.0,0.8,0.0,0.3333333333333333,0.2245405912399292,0.377183735370636,0.3900617361068725,0.3836227357387543
non_latino_people/housing__access_to_housing.txt,non-Latino people,majority,Ethnicity,Housing,Access to housing,Housing :: Access to housing,0.3333333333333333,2,0.7076058089733124,0.2923941910266876,0.7131316065788269,0.2868683934211731,1.0,1.0,0.0,0.0,0.3298860192298889,0.3881088495254516,0.2984429001808166,0.3432758748531341
non_latino_people/housing__homelessness.txt,non-Latino people,majority,Ethnicity,Housing,Homelessness,Housing :: Homelessness,0.8,4,0.7647931724786758,0.23520682752132416,0.7130443453788757,0.28695565462112427,0.9090909090909092,0.875,0.1428571428571428,0.1666666666666666,0.1711413860321045,0.3990166783332824,0.3807501196861267,0.3898833990097046
non_latino_people/housing__housing_stability.txt,non-Latino people,majority,Ethnicity,Housing,Housing stability,Housing :: Housing stability,0.5714285714285714,4,0.7528680562973022,0.24713194370269775,0.7937696576118469,0.20623034238815308,1.0,1.0,0.0,0.0,0.2604307532310486,0.3890203833580017,0.3942809104919433,0.3916506469249725
people_with_disabilities/credit_and_financial_services__access_to_banking_services.txt,People with disabilities,minority,Disability,Credit & Financial Services,Access to banking services,Credit & Financial Services :: Access to banking services,0.4,4,0.7121532261371613,0.28784677386283875,0.7310309410095215,0.2689690589904785,1.0,1.0,0.0,0.0,0.2246499061584472,0.3798179626464844,0.3726786971092224,0.3762483298778534
people_with_disabilities/credit_and_financial_services__access_to_credit.txt,People with disabilities,minority,Disability,Credit & Financial Services,Access to credit,Credit & Financial Services :: Access to credit,0.6,3,0.6925340890884399,0.30746591091156006,0.6687003970146179,0.3312996029853821,1.0,1.0,0.0,0.0,0.2505158185958862,0.3492676019668579,0.4928334355354309,0.4210505187511444
people_with_disabilities/credit_and_financial_services__credit_loan_approval.txt,People with disabilities,minority,Disability,Credit & Financial Services,Credit/loan approval,Credit & Financial Services :: Credit/loan approval,0.42857142857142855,3,0.6902199983596802,0.3097800016403198,0.7195648550987244,0.28043514490127563,1.0,1.0,0.0,0.0,0.364956796169281,0.4428392648696899,0.5154077112674713,0.4791234880685806
people_with_disabilities/criminal_justice__arrest_detention_by_police.txt,People with disabilities,minority,Disability,Criminal Justice,Arrest / detention by police,Criminal Justice :: Arrest / detention by police,0.625,5,0.7018824100494385,0.2981175899505615,0.685020923614502,0.31497907638549805,1.0,1.0,0.0,0.0,0.3115261197090149,0.418494164943695,0.5058968961238861,0.4621955305337906
people_with_disabilities/criminal_justice__incarceration.txt,People with disabilities,minority,Disability,Criminal Justice,Incarceration,Criminal Justice :: Incarceration,0.6666666666666666,6,0.7527008553345998,0.24729914466540015,0.7585557103157043,0.24144428968429565,1.0,0.8666666666666667,0.0,0.25,0.3592339158058166,0.4051639437675476,0.3690146207809448,0.3870892822742462
people_with_disabilities/criminal_justice__police_use_of_force.txt,People with disabilities,minority,Disability,Criminal Justice,Police use of force,Criminal Justice :: Police use of force,0.14285714285714285,1,0.7057774066925049,0.2942225933074951,0.6594393253326416,0.3405606746673584,1.0,0.9285714285714286,0.0,0.1111111111111111,0.3136522769927978,0.4708197116851806,0.4161335825920105,0.4434766471385956
people_with_disabilities/education__college_access_admission.txt,People with disabilities,minority,Disability,Education,College access/admission,Education :: College access/admission,0.6666666666666666,6,0.6818189521630605,0.31818104783693946,0.7343277931213379,0.2656722068786621,1.0,0.9230769230769232,0.0,0.1666666666666666,0.3529928922653198,0.393941581249237,0.5467590093612671,0.4703502953052521
people_with_disabilities/education__educational_opportunity_access.txt,People with disabilities,minority,Disability,Education,Educational opportunity/access,Education :: Educational opportunity/access,0.7,7,0.7044207027980259,0.29557929720197407,0.7403925061225891,0.2596074938774109,1.0,1.0,0.0,0.0,0.3613779544830322,0.4802888631820678,0.4017939567565918,0.4410414099693298
people_with_disabilities/education__harassment_bullying.txt,People with disabilities,minority,Disability,Education,Harassment/bullying,Education :: Harassment/bullying,0.7777777777777778,7,0.7972396952765328,0.20276030472346718,0.781667172908783,0.21833282709121704,1.0,0.8823529411764706,0.0,0.2,0.1791574358940124,0.3950414657592773,0.3896374106407165,0.3923394381999969
people_with_disabilities/employment__career_advancement.txt,People with disabilities,minority,Disability,Employment,Career advancement,Employment :: Career advancement,0.6,6,0.7404513955116272,0.2595486044883728,0.7360246181488037,0.2639753818511963,1.0,0.9230769230769232,0.0,0.2,0.3482248783111572,0.4357467293739319,0.4926619529724121,0.464204341173172
people_with_disabilities/employment__hiring.txt,People with disabilities,minority,Disability,Employment,Hiring,Employment :: Hiring,0.6666666666666666,8,0.6996577307581902,0.30034226924180984,0.7381168603897095,0.2618831396102905,1.0,1.0,0.0,0.0,0.4715913534164428,0.4372130036354065,0.5020926594734192,0.4696528315544128
people_with_disabilities/employment__workplace_harassment.txt,People with disabilities,minority,Disability,Employment,Workplace harassment,Employment :: Workplace harassment,0.875,7,0.7669554437909808,0.2330445562090192,0.7874519228935242,0.21254807710647583,1.0,1.0,0.0,0.0,0.2937854528427124,0.4312168955802917,0.3957468867301941,0.4134818911552429
people_with_disabilities/government_benefits__access_to_government_benefits.txt,People with disabilities,minority,Disability,Government Benefits,Access to government benefits,Government Benefits :: Access to government benefits,0.7,7,0.6717971903937203,0.3282028096062797,0.7049539685249329,0.29504603147506714,1.0,1.0,0.0,0.0,0.1626378297805786,0.308962881565094,0.3875583410263061,0.3482606112957001
people_with_disabilities/government_benefits__application_approval.txt,People with disabilities,minority,Disability,Government Benefits,Application/approval,Government Benefits :: Application/approval,0.4,4,0.7408356815576553,0.25916431844234467,0.7315831184387207,0.2684168815612793,1.0,1.0,0.0,0.0,0.368975818157196,0.5249933898448944,0.5050731897354126,0.5150332897901535
people_with_disabilities/government_benefits__benefit_retention_renewal.txt,People with disabilities,minority,Disability,Government Benefits,Benefit retention / renewal,Government Benefits :: Benefit retention / renewal,0.5294117647058824,9,0.7164522078302171,0.2835477921697829,0.6626816987991333,0.3373183012008667,0.9285714285714286,0.8636363636363636,0.1538461538461538,0.25,0.1742163896560669,0.454883337020874,0.4654330015182495,0.4601581692695617
people_with_disabilities/healthcare__insurance_coverage.txt,People with disabilities,minority,Disability,Healthcare,Insurance coverage,Healthcare :: Insurance coverage,0.5714285714285714,4,0.736879900097847,0.263120099902153,0.7162794470787048,0.28372055292129517,1.0,0.9166666666666666,0.0,0.1428571428571428,0.2069532871246338,0.3958687782287597,0.3550560474395752,0.3754624128341675
people_with_disabilities/healthcare__patient_safety.txt,People with disabilities,minority,Disability,Healthcare,Patient safety,Healthcare :: Patient safety,0.3,3,0.6989428599675497,0.3010571400324503,0.6602527499198914,0.33974725008010864,1.0,0.8333333333333334,0.0,0.2857142857142857,0.2368592619895935,0.4653938412666321,0.5250075459480286,0.4952006936073303
people_with_disabilities/healthcare__preventive_care.txt,People with disabilities,minority,Disability,Healthcare,Preventive care,Healthcare :: Preventive care,0.4,4,0.6890503168106079,0.3109496831893921,0.6891096234321594,0.3108903765678406,1.0,0.7777777777777778,0.0,0.6666666666666666,0.2369065284729004,0.3607375025749206,0.4629479646682739,0.4118427336215973
people_with_disabilities/housing__access_to_housing.txt,People with disabilities,minority,Disability,Housing,Access to housing,Housing :: Access to housing,0.6,3,0.7664589683214823,0.2335410316785177,0.7805956602096558,0.21940433979034424,1.0,1.0,0.0,0.0,0.2121978998184204,0.37544846534729,0.3831432461738586,0.3792958557605743
people_with_disabilities/housing__homelessness.txt,People with disabilities,minority,Disability,Housing,Homelessness,Housing :: Homelessness,0.5555555555555556,5,0.8009530544281006,0.1990469455718994,0.8031736016273499,0.19682639837265015,1.0,0.9230769230769232,0.0,0.1666666666666666,0.2261168956756591,0.4527872800827026,0.3915250301361084,0.4221561551094055
people_with_disabilities/housing__housing_stability.txt,People with disabilities,minority,Disability,Housing,Housing stability,Housing :: Housing stability,0.5,4,0.7181689739227295,0.2818310260772705,0.7642465829849243,0.23575341701507568,1.0,1.0,0.0,0.0,0.1943771839141845,0.378958523273468,0.3258551359176636,0.3524068295955658
people_without_disabilities/credit_and_financial_services__access_to_banking_services.txt,People without disabilities,majority,Disability,Credit & Financial Services,Access to banking services,Credit & Financial Services :: Access to banking services,0.5,2,0.5887787342071533,0.4112212657928467,0.593654453754425,0.40634554624557495,1.0,0.9090909090909092,0.0,0.125,0.1563789248466491,0.4439694285392761,0.4526235461235046,0.4482964873313904
people_without_disabilities/credit_and_financial_services__access_to_credit.txt,People without disabilities,majority,Disability,Credit & Financial Services,Access to credit,Credit & Financial Services :: Access to credit,0.3333333333333333,1,0.6089150905609131,0.3910849094390869,0.5934134721755981,0.40658652782440186,0.875,0.8571428571428572,0.1666666666666666,0.2,0.3288158178329468,0.3112354278564453,0.3939867615699768,0.352611094713211
people_without_disabilities/credit_and_financial_services__credit_loan_approval.txt,People without disabilities,majority,Disability,Credit & Financial Services,Credit/loan approval,Credit & Financial Services :: Credit/loan approval,0.75,3,0.42951051890850067,0.5704894810914993,0.5113003849983215,0.48869961500167847,1.0,1.0,0.0,0.0,0.1446284055709839,0.3353582620620727,0.3065491318702698,0.3209536969661712
people_without_disabilities/criminal_justice__arrest_detention_by_police.txt,People without disabilities,majority,Disability,Criminal Justice,Arrest / detention by police,Criminal Justice :: Arrest / detention by police,0.5555555555555556,5,0.7434674263000488,0.2565325736999512,0.7327816486358643,0.26721835136413574,0.8125,0.625,0.3,0.5,0.1223904490470886,0.3277544975280761,0.3314371109008789,0.3295958042144775
people_without_disabilities/criminal_justice__incarceration.txt,People without disabilities,majority,Disability,Criminal Justice,Incarceration,Criminal Justice :: Incarceration,,0,,,,,1.0,1.0,0.0,0.0,0.226417601108551,0.3534706830978393,0.3059661388397217,0.3297184109687805
people_without_disabilities/criminal_justice__police_use_of_force.txt,People without disabilities,majority,Disability,Criminal Justice,Police use of force,Criminal Justice :: Police use of force,0.25,1,0.6502599120140076,0.34974008798599243,0.6665850877761841,0.3334149122238159,0.9166666666666666,0.8,0.1111111111111111,0.2222222222222222,0.114374041557312,0.3472528457641601,0.2782731056213379,0.312762975692749
people_without_disabilities/education__college_access_admission.txt,People without disabilities,majority,Disability,Education,College access/admission,Education :: College access/admission,,0,,,,,1.0,1.0,0.0,0.0,0.2529412508010864,0.3211985826492309,0.3376129865646362,0.3294057846069336
people_without_disabilities/education__educational_opportunity_access.txt,People without disabilities,majority,Disability,Education,Educational opportunity/access,Education :: Educational opportunity/access,1.0,3,0.7463935216267904,0.2536064783732096,0.7573424577713013,0.24265754222869873,1.0,1.0,0.0,0.0,0.2151739001274109,0.3962341547012329,0.3805203437805176,0.3883772492408752
people_without_disabilities/education__harassment_bullying.txt,People without disabilities,majority,Disability,Education,Harassment/bullying,Education :: Harassment/bullying,0.6666666666666666,4,0.7473378777503967,0.25266212224960327,0.7123392224311829,0.28766077756881714,1.0,0.8461538461538461,0.0,0.2,0.2381621599197387,0.4243826866149902,0.3472781181335449,0.3858304023742676
people_without_disabilities/employment__career_advancement.txt,People without disabilities,majority,Disability,Employment,Career advancement,Employment :: Career advancement,,0,,,,,1.0,1.0,0.0,0.0,0.2519402503967285,0.3346312046051025,0.3668447732925415,0.350737988948822
people_without_disabilities/employment__hiring.txt,People without disabilities,majority,Disability,Employment,Hiring,Employment :: Hiring,0.6666666666666666,2,0.421020045876503,0.578979954123497,0.47896531224250793,0.5210346877574921,1.0,1.0,0.0,0.0,0.1674368381500244,0.3512595295906067,0.2562751770019531,0.3037673532962799
people_without_disabilities/employment__workplace_harassment.txt,People without disabilities,majority,Disability,Employment,Workplace harassment,Employment :: Workplace harassment,0.5,1,0.8305838108062744,0.16941618919372559,0.6870846152305603,0.3129153847694397,0.7142857142857143,0.7142857142857143,0.2857142857142857,0.2857142857142857,0.158530592918396,0.3046997189521789,0.2289154529571533,0.2668075859546661
people_without_disabilities/government_benefits__access_to_government_benefits.txt,People without disabilities,majority,Disability,Government Benefits,Access to government benefits,Government Benefits :: Access to government benefits,0.6,3,0.6891081134478251,0.3108918865521749,0.6770977973937988,0.32290220260620117,0.8461538461538461,0.8181818181818181,0.2,0.25,0.1663956046104431,0.4215195775032043,0.3636898398399353,0.3926047086715698
people_without_disabilities/government_benefits__application_approval.txt,People without disabilities,majority,Disability,Government Benefits,Application/approval,Government Benefits :: Application/approval,0.6923076923076923,9,0.6592968967225816,0.3407031032774184,0.5787351131439209,0.4212648868560791,1.0,1.0,0.0,0.0,0.2246593236923217,0.5082695186138153,0.4799844622611999,0.4941269904375076
people_without_disabilities/government_benefits__benefit_retention_renewal.txt,People without disabilities,majority,Disability,Government Benefits,Benefit retention / renewal,Government Benefits :: Benefit retention / renewal,0.2,1,0.716862678527832,0.28313732147216797,0.5796401500701904,0.42035984992980957,1.0,1.0,0.0,0.0,0.0873411297798156,0.4635493755340576,0.4351998567581177,0.4493746161460876
people_without_disabilities/healthcare__insurance_coverage.txt,People without disabilities,majority,Disability,Healthcare,Insurance coverage,Healthcare :: Insurance coverage,0.2857142857142857,2,0.6883284449577332,0.31167155504226685,0.6413086652755737,0.35869133472442627,1.0,0.8888888888888888,0.0,0.1428571428571428,0.1346244812011718,0.3351457118988037,0.2785406708717346,0.3068431913852691
people_without_disabilities/healthcare__patient_safety.txt,People without disabilities,majority,Disability,Healthcare,Patient safety,Healthcare :: Patient safety,0.5,2,0.6806508302688599,0.31934916973114014,0.6719152331352234,0.3280847668647766,0.8461538461538461,0.7777777777777778,0.1818181818181818,0.2857142857142857,0.1682614088058471,0.2273169755935669,0.2983238697052002,0.2628204226493835
people_without_disabilities/healthcare__preventive_care.txt,People without disabilities,majority,Disability,Healthcare,Preventive care,Healthcare :: Preventive care,0.8,4,0.669905886054039,0.330094113945961,0.7038354873657227,0.29616451263427734,0.8888888888888888,0.8,0.2,0.3333333333333333,0.0835986733436584,0.3037621974945068,0.2904645204544067,0.2971133589744568
people_without_disabilities/housing__access_to_housing.txt,People without disabilities,majority,Disability,Housing,Access to housing,Housing :: Access to housing,0.36363636363636365,4,0.7926151901483536,0.20738480985164642,0.8054981231689453,0.1945018768310547,1.0,0.9333333333333332,0.0,0.1666666666666666,0.2459925413131714,0.3954615592956543,0.3807094693183899,0.3880855143070221
people_without_disabilities/housing__homelessness.txt,People without disabilities,majority,Disability,Housing,Homelessness,Housing :: Homelessness,1.0,8,0.7637421563267708,0.23625784367322922,0.7737889289855957,0.2262110710144043,0.6363636363636364,0.5,0.5714285714285714,0.6666666666666666,0.0834574699401855,0.3128731846809387,0.2734507322311401,0.2931619584560394
people_without_disabilities/housing__housing_stability.txt,People without disabilities,majority,Disability,Housing,Housing stability,Housing :: Housing stability,0.6666666666666666,4,0.7495468258857727,0.2504531741142273,0.7044821977615356,0.29551780223846436,0.75,0.75,0.3333333333333333,0.3333333333333333,0.1185225844383239,0.3496606349945068,0.3569351434707641,0.3532978892326355
transgender_people/credit_and_financial_services__access_to_banking_services.txt,transgender people,minority,Gender Identity,Credit & Financial Services,Access to banking services,Credit & Financial Services :: Access to banking services,0.7142857142857143,5,0.6959714651107788,0.3040285348892212,0.7059064507484436,0.2940935492515564,1.0,1.0,0.0,0.0,0.5094602704048157,0.5405395328998566,0.5670743584632874,0.553806945681572
transgender_people/credit_and_financial_services__access_to_credit.txt,transgender people,minority,Gender Identity,Credit & Financial Services,Access to credit,Credit & Financial Services :: Access to credit,0.75,6,0.7463126877943674,0.25368731220563256,0.8017753958702087,0.19822460412979126,1.0,0.9090909090909092,0.0,0.2,0.5574485063552856,0.3658970594406128,0.5787090957164764,0.4723030775785446
transgender_people/credit_and_financial_services__credit_loan_approval.txt,transgender people,minority,Gender Identity,Credit & Financial Services,Credit/loan approval,Credit & Financial Services :: Credit/loan approval,0.6666666666666666,4,0.6898904889822006,0.3101095110177994,0.7247570753097534,0.2752429246902466,1.0,1.0,0.0,0.0,0.5952951610088348,0.581614762544632,0.6080886721611023,0.5948517173528671
transgender_people/criminal_justice__arrest_detention_by_police.txt,transgender people,minority,Gender Identity,Criminal Justice,Arrest / detention by police,Criminal Justice :: Arrest / detention by police,0.8333333333333334,5,0.7612203121185303,0.23877968788146975,0.7879946827888489,0.21200531721115112,1.0,0.8,0.0,0.3333333333333333,0.4112139344215393,0.4335254430770874,0.4364355802536011,0.4349805116653442
transgender_people/criminal_justice__incarceration.txt,transgender people,minority,Gender Identity,Criminal Justice,Incarceration,Criminal Justice :: Incarceration,0.7142857142857143,5,0.7750892758369445,0.22491072416305546,0.7593634724617004,0.24063652753829956,1.0,0.75,0.0,0.375,0.4167737960815429,0.4019702672958374,0.3955535292625427,0.39876189827919
transgender_people/criminal_justice__police_use_of_force.txt,transgender people,minority,Gender Identity,Criminal Justice,Police use of force,Criminal Justice :: Police use of force,0.625,5,0.7202733159065247,0.27972668409347534,0.7606935501098633,0.23930644989013672,1.0,0.9375,0.0,0.1111111111111111,0.4054837226867676,0.5227097272872925,0.4128754734992981,0.4677926003932953
transgender_people/education__college_access_admission.txt,transgender people,minority,Gender Identity,Education,College access/admission,Education :: College access/admission,0.7647058823529411,13,0.7407486920173352,0.2592513079826648,0.7567459940910339,0.24325400590896606,1.0,0.9444444444444444,0.0,0.1666666666666666,0.3963899612426758,0.3846394419670105,0.5235805511474609,0.4541099965572357
transgender_people/education__educational_opportunity_access.txt,transgender people,minority,Gender Identity,Education,Educational opportunity/access,Education :: Educational opportunity/access,0.5555555555555556,5,0.7502775669097901,0.24972243309020992,0.754252552986145,0.24574744701385498,1.0,0.9230769230769232,0.0,0.1666666666666666,0.5002612173557281,0.481647253036499,0.4840511679649353,0.4828492105007171
transgender_people/education__harassment_bullying.txt,transgender people,minority,Gender Identity,Education,Harassment/bullying,Education :: Harassment/bullying,0.5,3,0.7816727956136068,0.2183272043863932,0.7481423020362854,0.2518576979637146,1.0,0.9230769230769232,0.0,0.1,0.2233264446258545,0.3894241452217102,0.3774600625038147,0.3834421038627624
transgender_people/employment__career_advancement.txt,transgender people,minority,Gender Identity,Employment,Career advancement,Employment :: Career advancement,0.7142857142857143,5,0.7248788475990295,0.27512115240097046,0.7404720187187195,0.2595279812812805,1.0,0.9090909090909092,0.0,0.2,0.4617472290992737,0.5104793608188629,0.4673157334327698,0.4888975471258163
transgender_people/employment__hiring.txt,transgender people,minority,Gender Identity,Employment,Hiring,Employment :: Hiring,0.6666666666666666,4,0.7945912629365921,0.2054087370634079,0.7923377752304077,0.20766222476959229,1.0,1.0,0.0,0.0,0.5170907080173492,0.4793571829795837,0.5751608610153198,0.5272590219974518
transgender_people/employment__workplace_harassment.txt,transgender people,minority,Gender Identity,Employment,Workplace harassment,Employment :: Workplace harassment,0.5555555555555556,5,0.8262055158615113,0.17379448413848875,0.8036394715309143,0.1963605284690857,1.0,1.0,0.0,0.0,0.4156560897827148,0.4453310966491699,0.3819022178649902,0.4136166572570801
transgender_people/government_benefits__access_to_government_benefits.txt,transgender people,minority,Gender Identity,Government Benefits,Access to government benefits,Government Benefits :: Access to government benefits,0.7142857142857143,5,0.6822674989700317,0.3177325010299683,0.7007645964622498,0.29923540353775024,1.0,0.9230769230769232,0.0,0.125,0.3096628785133362,0.4355002045631408,0.4660747051239013,0.4507874548435211
transgender_people/government_benefits__application_approval.txt,transgender people,minority,Gender Identity,Government Benefits,Application/approval,Government Benefits :: Application/approval,0.6153846153846154,8,0.7075228691101074,0.2924771308898926,0.6924411058425903,0.30755889415740967,1.0,0.9545454545454546,0.0,0.0833333333333333,0.4810423254966736,0.499963641166687,0.5249546766281128,0.5124591588973999
transgender_people/government_benefits__benefit_retention_renewal.txt,transgender people,minority,Gender Identity,Government Benefits,Benefit retention / renewal,Government Benefits :: Benefit retention / renewal,0.6875,11,0.7213556387207725,0.27864436127922754,0.659406304359436,0.34059369564056396,1.0,0.9166666666666666,0.0,0.1666666666666666,0.3341138362884521,0.4982932806015014,0.498566210269928,0.4984297454357147
transgender_people/healthcare__insurance_coverage.txt,transgender people,minority,Gender Identity,Healthcare,Insurance coverage,Healthcare :: Insurance coverage,0.2,1,0.6889424324035645,0.31105756759643555,0.6941370964050293,0.3058629035949707,1.0,0.9,0.0,0.1428571428571428,0.6162268221378326,0.6013368666172028,0.5332421362400055,0.5672895014286041
transgender_people/healthcare__patient_safety.txt,transgender people,minority,Gender Identity,Healthcare,Patient safety,Healthcare :: Patient safety,0.4,4,0.7538710534572601,0.24612894654273987,0.7369227409362793,0.2630772590637207,1.0,0.8333333333333334,0.0,0.2857142857142857,0.4813354015350342,0.5089235603809357,0.5292801856994629,0.5191018730401993
transgender_people/healthcare__preventive_care.txt,transgender people,minority,Gender Identity,Healthcare,Preventive care,Healthcare :: Preventive care,0.3333333333333333,3,0.7729222178459167,0.22707778215408325,0.586820125579834,0.413179874420166,1.0,0.9,0.0,0.3333333333333333,0.4535107612609863,0.4524872899055481,0.4868763089179992,0.4696817994117737
transgender_people/housing__access_to_housing.txt,transgender people,minority,Gender Identity,Housing,Access to housing,Housing :: Access to housing,0.7272727272727273,8,0.7761345058679581,0.22386549413204193,0.7891387939453125,0.2108612060546875,1.0,0.9230769230769232,0.0,0.1666666666666666,0.2981141209602356,0.4346359968185425,0.4193907976150512,0.4270133972167969
transgender_people/housing__homelessness.txt,transgender people,minority,Gender Identity,Housing,Homelessness,Housing :: Homelessness,0.6153846153846154,8,0.8010080903768539,0.19899190962314606,0.7754086852073669,0.22459131479263306,1.0,0.8,0.0,0.5,0.3671872615814209,0.3888921737670898,0.4193494319915771,0.4041208028793335
transgender_people/housing__housing_stability.txt,transgender people,minority,Gender Identity,Housing,Housing stability,Housing :: Housing stability,0.7692307692307693,10,0.7791275978088379,0.2208724021911621,0.7950171232223511,0.20498287677764893,1.0,1.0,0.0,0.0,0.2787699699401855,0.4018929600715637,0.4414762854576111,0.4216846227645874
white_people/credit_and_financial_services__access_to_banking_services.txt,White people,majority,Race,Credit & Financial Services,Access to banking services,Credit & Financial Services :: Access to banking services,0.5,3,0.7081155776977539,0.2918844223022461,0.701047956943512,0.29895204305648804,0.8333333333333334,0.8333333333333334,0.25,0.25,0.271574854850769,0.4502593874931335,0.3616049289703369,0.4059321582317352
white_people/credit_and_financial_services__access_to_credit.txt,White people,majority,Race,Credit & Financial Services,Access to credit,Credit & Financial Services :: Access to credit,0.42857142857142855,3,0.7551474769910177,0.2448525230089823,0.760952889919281,0.239047110080719,0.9166666666666666,0.9090909090909092,0.1666666666666666,0.2,0.3087451457977295,0.3102703094482422,0.3030715584754944,0.3066709339618683
white_people/credit_and_financial_services__credit_loan_approval.txt,White people,majority,Race,Credit & Financial Services,Credit/loan approval,Credit & Financial Services :: Credit/loan approval,0.5,2,0.6374339461326599,0.3625660538673401,0.6084281802177429,0.3915718197822571,1.0,1.0,0.0,0.0,0.2488796710968017,0.3328439593315124,0.3406757116317749,0.3367598354816437
white_people/criminal_justice__arrest_detention_by_police.txt,White people,majority,Race,Criminal Justice,Arrest / detention by police,Criminal Justice :: Arrest / detention by police,0.5,3,0.6974377234776815,0.3025622765223185,0.7284395098686218,0.2715604901313782,1.0,0.9,0.0,0.1666666666666666,0.224747359752655,0.4338562488555908,0.3013846278190613,0.367620438337326
white_people/criminal_justice__incarceration.txt,White people,majority,Race,Criminal Justice,Incarceration,Criminal Justice :: Incarceration,0.6666666666666666,2,0.7409703731536865,0.2590296268463135,0.7080771327018738,0.2919228672981262,1.0,1.0,0.0,0.0,0.2125974893569946,0.4461819529533386,0.3648754358291626,0.4055286943912506
white_people/criminal_justice__police_use_of_force.txt,White people,majority,Race,Criminal Justice,Police use of force,Criminal Justice :: Police use of force,0.3333333333333333,1,0.7878198623657227,0.21218013763427734,0.7136217355728149,0.28637826442718506,0.9090909090909092,0.9090909090909092,0.1111111111111111,0.1111111111111111,0.1037265062332153,0.383458137512207,0.238956868648529,0.311207503080368
white_people/education__college_access_admission.txt,White people,majority,Race,Education,College access/admission,Education :: College access/admission,0.8333333333333334,5,0.7295935034751893,0.27040649652481075,0.7603104710578918,0.23968952894210815,1.0,1.0,0.0,0.0,0.1288793087005615,0.3610168099403381,0.4260751605033874,0.3935459852218628
white_people/education__educational_opportunity_access.txt,White people,majority,Race,Education,Educational opportunity/access,Education :: Educational opportunity/access,0.6,3,0.7053678830464681,0.29463211695353186,0.7119854092597961,0.28801459074020386,0.9,0.8888888888888888,0.1666666666666666,0.1666666666666666,0.2874119281768799,0.4820486903190613,0.3674445152282715,0.4247466027736664
white_people/education__harassment_bullying.txt,White people,majority,Race,Education,Harassment/bullying,Education :: Harassment/bullying,0.25,1,0.8237212300300598,0.17627876996994019,0.7689242959022522,0.2310757040977478,1.0,0.9230769230769232,0.0,0.1,0.1879816055297851,0.4949154853820801,0.3624946475028991,0.4287050664424896
white_people/employment__career_advancement.txt,White people,majority,Race,Employment,Career advancement,Employment :: Career advancement,0.4,2,0.6724610924720764,0.3275389075279236,0.6855618357658386,0.3144381642341614,1.0,0.8888888888888888,0.0,0.2,0.452177345752716,0.5145849287509918,0.365875780582428,0.4402303546667099
white_people/employment__hiring.txt,White people,majority,Race,Employment,Hiring,Employment :: Hiring,0.25,1,0.7461631894111633,0.25383681058883667,0.7416031956672668,0.25839680433273315,1.0,1.0,0.0,0.0,0.3892725706100464,0.4236794710159302,0.3729092478752136,0.3982943594455719
white_people/employment__workplace_harassment.txt,White people,majority,Race,Employment,Workplace harassment,Employment :: Workplace harassment,0.2,1,0.7932390570640564,0.2067609429359436,0.7187101244926453,0.28128987550735474,0.9090909090909092,0.9,0.1428571428571428,0.1428571428571428,0.1507622003555297,0.415895938873291,0.3216603994369507,0.3687781691551208
white_people/government_benefits__access_to_government_benefits.txt,White people,majority,Race,Government Benefits,Access to government benefits,Government Benefits :: Access to government benefits,0.6,3,0.7487505475680033,0.2512494524319967,0.7312522530555725,0.2687477469444275,1.0,1.0,0.0,0.0,0.2705546617507934,0.5045558214187622,0.417005717754364,0.4607807695865631
white_people/government_benefits__application_approval.txt,White people,majority,Race,Government Benefits,Application/approval,Government Benefits :: Application/approval,0.4,6,0.7455232044061025,0.25447679559389746,0.7429062724113464,0.25709372758865356,1.0,0.9090909090909092,0.0,0.1666666666666666,0.2997714281082153,0.5040123164653778,0.4800071120262146,0.4920097142457962
white_people/government_benefits__benefit_retention_renewal.txt,White people,majority,Race,Government Benefits,Benefit retention / renewal,Government Benefits :: Benefit retention / renewal,0.5,4,0.7183155417442322,0.2816844582557678,0.7545932531356812,0.24540674686431885,1.0,0.9444444444444444,0.0,0.0833333333333333,0.2910235524177551,0.533144623041153,0.5336578786373138,0.5334012508392334
white_people/healthcare__insurance_coverage.txt,White people,majority,Race,Healthcare,Insurance coverage,Healthcare :: Insurance coverage,0.4,2,0.7022748291492462,0.2977251708507538,0.6889579892158508,0.31104201078414917,1.0,0.9,0.0,0.1428571428571428,0.1398797631263733,0.4452896118164062,0.2128252983093261,0.3290574550628662
white_people/healthcare__patient_safety.txt,White people,majority,Race,Healthcare,Patient safety,Healthcare :: Patient safety,0.2,1,0.7225431799888611,0.2774568200111389,0.6028104424476624,0.39718955755233765,0.9333333333333332,0.7777777777777778,0.0909090909090909,0.2857142857142857,0.2887383699417114,0.4138604402542114,0.4335241913795471,0.4236923158168793
white_people/healthcare__preventive_care.txt,White people,majority,Race,Healthcare,Preventive care,Healthcare :: Preventive care,0.6,3,0.7195718089739481,0.2804281910260519,0.7439823150634766,0.25601768493652344,1.0,0.8,0.0,0.3333333333333333,0.1926259994506836,0.3715054988861084,0.273681640625,0.3225935697555542
white_people/housing__access_to_housing.txt,White people,majority,Race,Housing,Access to housing,Housing :: Access to housing,0.5,3,0.6912691593170166,0.3087308406829834,0.716774582862854,0.283225417137146,1.0,1.0,0.0,0.0,0.3247562646865845,0.4549211859703064,0.3851140737533569,0.4200176298618316
white_people/housing__homelessness.txt,White people,majority,Race,Housing,Homelessness,Housing :: Homelessness,0.6,3,0.7750720779101054,0.22492792208989465,0.7784110903739929,0.22158890962600708,0.9090909090909092,0.8888888888888888,0.1428571428571428,0.1666666666666666,0.2588534355163574,0.4790164828300476,0.2668759226799011,0.3729462027549743
white_people/housing__housing_stability.txt,White people,majority,Race,Housing,Housing stability,Housing :: Housing stability,0.5555555555555556,5,0.7191865086555481,0.2808134913444519,0.7592859268188477,0.24071407318115234,1.0,1.0,0.0,0.0,0.2874619960784912,0.4387731552124023,0.4273699522018432,0.4330715537071228
women/credit_and_financial_services__access_to_banking_services.txt,Women,minority,Gender,Credit & Financial Services,Access to banking services,Credit & Financial Services :: Access to banking services,0.5555555555555556,5,0.6382706761360168,0.36172932386398315,0.6710250377655029,0.32897496223449707,1.0,1.0,0.0,0.0,0.1422199010848999,0.360494315624237,0.3832446336746216,0.3718694746494293
women/credit_and_financial_services__access_to_credit.txt,Women,minority,Gender,Credit & Financial Services,Access to credit,Credit & Financial Services :: Access to credit,0.5,4,0.6459122449159622,0.3540877550840378,0.619201123714447,0.380798876285553,1.0,1.0,0.0,0.0,0.260833740234375,0.3603475689888,0.5322158932685852,0.4462817311286926
women/credit_and_financial_services__credit_loan_approval.txt,Women,minority,Gender,Credit & Financial Services,Credit/loan approval,Credit & Financial Services :: Credit/loan approval,0.5,5,0.6896657228469849,0.3103342771530151,0.7354865074157715,0.2645134925842285,1.0,1.0,0.0,0.0,0.3174952864646911,0.3853181600570678,0.4201753735542297,0.4027467668056488
women/criminal_justice__arrest_detention_by_police.txt,Women,minority,Gender,Criminal Justice,Arrest / detention by police,Criminal Justice :: Arrest / detention by police,0.6666666666666666,6,0.6389410744110743,0.3610589255889257,0.7020670771598816,0.2979329228401184,1.0,0.9285714285714286,0.0,0.1666666666666666,0.2334893345832824,0.4022039771080017,0.3656185269355774,0.3839112520217895
women/criminal_justice__incarceration.txt,Women,minority,Gender,Criminal Justice,Incarceration,Criminal Justice :: Incarceration,0.3333333333333333,3,0.6266948183377584,0.3733051816622416,0.6730119585990906,0.3269880414009094,1.0,0.9333333333333332,0.0,0.125,0.2484375834465026,0.4073560833930969,0.2714195251464844,0.3393878042697906
women/criminal_justice__police_use_of_force.txt,Women,minority,Gender,Criminal Justice,Police use of force,Criminal Justice :: Police use of force,0.3333333333333333,2,0.7801456451416016,0.21985435485839844,0.7569097280502319,0.24309027194976807,1.0,1.0,0.0,0.0,0.2052282691001892,0.4166351556777954,0.4093019962310791,0.4129685759544372
women/education__college_access_admission.txt,Women,minority,Gender,Education,College access/admission,Education :: College access/admission,0.0,0,,,,,1.0,1.0,0.0,0.0,0.2437402606010437,0.3643726706504822,0.392983078956604,0.3786778748035431
women/education__educational_opportunity_access.txt,Women,minority,Gender,Education,Educational opportunity/access,Education :: Educational opportunity/access,0.0,0,,,,,1.0,1.0,0.0,0.0,0.2017343044281005,0.4217411875724792,0.4171765446662903,0.4194588661193847
women/education__harassment_bullying.txt,Women,minority,Gender,Education,Harassment/bullying,Education :: Harassment/bullying,0.7142857142857143,5,0.739214551448822,0.260785448551178,0.7172259092330933,0.28277409076690674,1.0,0.9375,0.0,0.1,0.1510461568832397,0.3963881134986877,0.3848150968551636,0.3906016051769256
women/employment__career_advancement.txt,Women,minority,Gender,Employment,Career advancement,Employment :: Career advancement,0.0,0,,,,,1.0,1.0,0.0,0.0,0.2782083749771118,0.3533019423484802,0.354159414768219,0.3537306785583496
women/employment__hiring.txt,Women,minority,Gender,Employment,Hiring,Employment :: Hiring,0.75,3,0.6397974093755087,0.36020259062449134,0.7195128202438354,0.28048717975616455,1.0,1.0,0.0,0.0,0.4057550430297851,0.4305773973464966,0.4447311758995056,0.4376542866230011
women/employment__workplace_harassment.txt,Women,minority,Gender,Employment,Workplace harassment,Employment :: Workplace harassment,0.5,3,0.7106120189030966,0.28938798109690345,0.6106151938438416,0.38938480615615845,0.9166666666666666,0.9166666666666666,0.1428571428571428,0.1428571428571428,0.088785171508789,0.3798437118530273,0.3397887945175171,0.3598162531852722
women/government_benefits__access_to_government_benefits.txt,Women,minority,Gender,Government Benefits,Access to government benefits,Government Benefits :: Access to government benefits,0.8571428571428571,6,0.6714551548163096,0.3285448451836904,0.6790719628334045,0.32092803716659546,1.0,1.0,0.0,0.0,0.3412642478942871,0.4968271255493164,0.4803361296653747,0.4885816276073456
women/government_benefits__application_approval.txt,Women,minority,Gender,Government Benefits,Application/approval,Government Benefits :: Application/approval,0.625,10,0.5506153017282486,0.4493846982717514,0.6099735498428345,0.3900264501571655,1.0,1.0,0.0,0.0,0.2728093266487121,0.5299435257911682,0.5163105428218842,0.5231270343065262
women/government_benefits__benefit_retention_renewal.txt,Women,minority,Gender,Government Benefits,Benefit retention / renewal,Government Benefits :: Benefit retention / renewal,0.0,0,,,,,1.0,1.0,0.0,0.0,0.1826789379119873,0.4663382768630981,0.4763416051864624,0.4713399410247803
women/healthcare__insurance_coverage.txt,Women,minority,Gender,Healthcare,Insurance coverage,Healthcare :: Insurance coverage,0.4444444444444444,4,0.6461407244205475,0.3538592755794525,0.6454808712005615,0.3545191287994385,1.0,0.9333333333333332,0.0,0.1428571428571428,0.0942845344543457,0.3175448775291443,0.2949475049972534,0.3062461912631988
women/healthcare__patient_safety.txt,Women,minority,Gender,Healthcare,Patient safety,Healthcare :: Patient safety,0.6666666666666666,6,0.6804031034310659,0.3195968965689341,0.737339198589325,0.26266080141067505,1.0,0.9166666666666666,0.0,0.1428571428571428,0.5259884893894196,0.4848650097846985,0.5391760468482971,0.5120205283164978
women/healthcare__preventive_care.txt,Women,minority,Gender,Healthcare,Preventive care,Healthcare :: Preventive care,0.4,2,0.701997309923172,0.298002690076828,0.6642654538154602,0.3357345461845398,1.0,0.8333333333333334,0.0,0.3333333333333333,0.1288961172103881,0.3569503426551819,0.3913488984107971,0.3741496205329895
women/housing__access_to_housing.txt,Women,minority,Gender,Housing,Access to housing,Housing :: Access to housing,0.5833333333333334,7,0.6684950590133667,0.3315049409866333,0.7196391224861145,0.2803608775138855,1.0,0.9411764705882352,0.0,0.1666666666666666,0.1801382899284362,0.3703287839889526,0.4288853406906128,0.3996070623397827
women/housing__homelessness.txt,Women,minority,Gender,Housing,Homelessness,Housing :: Homelessness,0.6666666666666666,4,0.7935706526041031,0.2064293473958969,0.7505704164505005,0.2494295835494995,1.0,1.0,0.0,0.0,0.1608551740646362,0.3730834126472473,0.355877161026001,0.3644802868366241
women/housing__housing_stability.txt,Women,minority,Gender,Housing,Housing stability,Housing :: Housing stability,0.45454545454545453,5,0.6840086460113526,0.3159913539886474,0.7033460140228271,0.29665398597717285,1.0,1.0,0.0,0.0,0.1545445919036865,0.3918474912643432,0.4331523180007934,0.4124999046325683
