analysis,location,n,coverage_threshold,focal_mean,comparison_mean,mean_difference_focal_minus_comparison,median_difference,ci_low,ci_high,rank_biserial,p_raw,p_holm
citation_count,Dallas,7,,9.023809523809524,6.666666666666666,2.357142857142857,2.500000000000001,0.80952380952381,3.952380952380952,0.9047619047619048,0.0625,
source_url_jaccard_distance,Dallas,7,,0.9718651097,0.9035412805,0.0683238291,0.0303030303,0.0157625677,0.1267933786,0.9047619048,0.0625,
answer_semantic_displacement,Dallas,7,,0.3405058029152098,0.2741117349692753,0.06639406794593448,0.07212939858436582,0.028464852344422118,0.09689689108303619,0.9285714285714286,0.03125,
evidence_semantic_gap,Dallas,3,0.5,,,-0.0155852961,-0.0060690492,-0.0350971284,-0.0055897108,-1.0,0.25,
citation_count,New York City,7,,9.214285714285714,6.833333333333334,2.3809523809523805,1.9999999999999991,1.523809523809523,3.428571428571428,1.0,0.015625,
source_url_jaccard_distance,New York City,7,,0.9669943959,0.9107064438,0.0562879521,0.0608852476,0.0220053523,0.0924963774,0.9047619048,0.0625,
answer_semantic_displacement,New York City,7,,0.3447098359465599,0.25804003789311364,0.0866697980534463,0.06728869676589966,0.06075594964481538,0.11569340420620784,1.0,0.015625,
evidence_semantic_gap,New York City,3,0.5,,,-0.0197263319,-0.0135188742,-0.0501528151,0.0044926937,-0.6666666667,0.5,
citation_count,Los Angeles,7,,9.190476190476192,7.119047619047619,2.0714285714285716,2.166666666666666,1.2619047619047625,2.7857142857142856,1.0,0.015625,
source_url_jaccard_distance,Los Angeles,7,,0.9717973728,0.9288296962,0.0429676766,0.0191697192,0.0109541252,0.0777473445,1.0,0.125,
answer_semantic_displacement,Los Angeles,7,,0.31834843825726283,0.24037853592918032,0.07796990232808247,0.0879002610842387,0.04344940753210157,0.11249039712406339,1.0,0.015625,
evidence_semantic_gap,Los Angeles,3,0.5,,,-0.0086930263,-0.0232372815,-0.032952206,0.0301104088,-0.3333333333,0.75,
