file,query_id,query,group,condition,dimension,domain,outcome,outcome_id,n_cited_sources,n_available_sources,fetch_coverage,n_selected_passages,n_aio_chunks,evidence_alignment_source_balanced,evidence_semantic_gap_source_balanced,evidence_alignment_passage_mean,evidence_semantic_gap_passage_mean,answer_support_alignment,answer_support_semantic_gap,evidence_match_rate_065,answer_support_rate_065,source_match_rate_065,n_contributing_sources_065,dominant_source_share_065
black_people/credit_and_financial_services__credit_score.txt,black_people__credit_and_financial_services__credit_score,What factors influence credit score for Black people in credit & financial services?,Black people,minority,Race,Credit & Financial Services,Credit score,Credit & Financial Services :: Credit score,7,4,0.5714285714285714,12,7,0.7595647871494293,0.24043521285057068,0.7595648765563965,0.24043512344360352,0.6657735109329224,0.33422648906707764,1.0,0.7142857142857143,1.0,2.0,0.8
black_people/criminal_justice__police_initiated_contact.txt,black_people__criminal_justice__police_initiated_contact,What factors influence police-initiated contact for Black people in criminal justice?,Black people,minority,Race,Criminal Justice,Police-initiated contact,Criminal Justice :: Police-initiated contact,6,3,0.5,9,7,0.777627189954122,0.22237281004587806,0.7776272296905518,0.22237277030944824,0.7534077763557434,0.2465922236442566,1.0,1.0,1.0,3.0,0.42857142857142855
black_people/education__completion_graduation.txt,black_people__education__completion_graduation,What factors influence completion/graduation for Black people in education?,Black people,minority,Race,Education,Completion/graduation,Education :: Completion/graduation,11,8,0.7272727272727273,24,7,0.7704032808542252,0.22959671914577484,0.7704033255577087,0.22959667444229126,0.7881168127059937,0.21188318729400635,0.9583333333333334,1.0,1.0,5.0,0.2857142857142857
black_people/employment__employment_benefits.txt,black_people__employment__employment_benefits,What factors influence employment benefits for Black people in employment?,Black people,minority,Race,Employment,Employment benefits,Employment :: Employment benefits,11,7,0.6363636363636364,21,8,0.7719994272504535,0.22800057274954655,0.7719994783401489,0.22800052165985107,0.7132783532142639,0.2867216467857361,1.0,0.75,1.0,4.0,0.5
black_people/government_benefits__administrative_burden.txt,black_people__government_benefits__administrative_burden,What factors influence administrative burden for Black people in government benefits?,Black people,minority,Race,Government Benefits,Administrative burden,Government Benefits :: Administrative burden,8,0,0.0,0,6,,,,,,,,,,,
black_people/healthcare__person_centered_care.txt,black_people__healthcare__person_centered_care,What factors influence person-centered care for Black people in healthcare?,Black people,minority,Race,Healthcare,Person-centered care,Healthcare :: Person-centered care,7,4,0.5714285714285714,12,5,0.7470507323741913,0.2529492676258087,0.7470508217811584,0.25294917821884155,0.7530850172042847,0.24691498279571533,1.0,1.0,1.0,3.0,0.4
black_people/housing__neighborhood_quality.txt,black_people__housing__neighborhood_quality,What factors influence neighborhood quality for Black people in housing?,Black people,minority,Race,Housing,Neighborhood quality,Housing :: Neighborhood quality,8,3,0.375,9,5,0.6738860011100769,0.3261139988899231,0.6738860011100769,0.3261139988899231,0.5954974293708801,0.4045025706291199,0.8888888888888888,0.4,1.0,1.0,1.0
cisgender_people/credit_and_financial_services__credit_score.txt,cisgender_people__credit_and_financial_services__credit_score,What factors influence credit score for cisgender people in credit & financial services?,cisgender people,majority,Gender Identity,Credit & Financial Services,Credit score,Credit & Financial Services :: Credit score,8,6,0.75,18,5,0.6991590658823649,0.30084093411763513,0.6991590857505798,0.30084091424942017,0.724471390247345,0.27552860975265503,0.8333333333333334,0.8,0.8333333333333334,3.0,0.5
cisgender_people/criminal_justice__police_initiated_contact.txt,cisgender_people__criminal_justice__police_initiated_contact,What factors influence police-initiated contact for cisgender people in criminal justice?,cisgender people,majority,Gender Identity,Criminal Justice,Police-initiated contact,Criminal Justice :: Police-initiated contact,13,3,0.23076923076923078,8,13,0.6975639661153158,0.3024360338846842,0.7059386968612671,0.2940613031387329,0.7100734114646912,0.28992658853530884,0.75,0.9230769230769231,0.6666666666666666,1.0,1.0
cisgender_people/education__completion_graduation.txt,cisgender_people__education__completion_graduation,What factors influence completion/graduation for cisgender people in education?,cisgender people,majority,Gender Identity,Education,Completion/graduation,Education :: Completion/graduation,5,3,0.6,9,5,0.7815238237380981,0.21847617626190186,0.7815238237380981,0.21847617626190186,0.7672019004821777,0.23279809951782227,1.0,1.0,1.0,3.0,0.4
cisgender_people/employment__employment_benefits.txt,cisgender_people__employment__employment_benefits,What factors influence employment benefits for cisgender people in employment?,cisgender people,majority,Gender Identity,Employment,Employment benefits,Employment :: Employment benefits,0,0,,0,8,,,,,,,,,,,
cisgender_people/government_benefits__administrative_burden.txt,cisgender_people__government_benefits__administrative_burden,What factors influence administrative burden for cisgender people in government benefits?,cisgender people,majority,Gender Identity,Government Benefits,Administrative burden,Government Benefits :: Administrative burden,8,3,0.375,9,7,0.7200965881347656,0.2799034118652344,0.7200965881347656,0.2799034118652344,0.6966309547424316,0.30336904525756836,0.8888888888888888,0.5714285714285714,1.0,3.0,0.5
cisgender_people/healthcare__person_centered_care.txt,cisgender_people__healthcare__person_centered_care,What factors influence person-centered care for cisgender people in healthcare?,cisgender people,majority,Gender Identity,Healthcare,Person-centered care,Healthcare :: Person-centered care,2,1,0.5,3,5,0.7763424515724182,0.2236575484275818,0.7763424515724182,0.2236575484275818,0.7425543665885925,0.25744563341140747,1.0,0.8,1.0,1.0,1.0
cisgender_people/housing__neighborhood_quality.txt,cisgender_people__housing__neighborhood_quality,What factors influence neighborhood quality for cisgender people in housing?,cisgender people,majority,Gender Identity,Housing,Neighborhood quality,Housing :: Neighborhood quality,0,0,,0,9,,,,,,,,,,,
heterosexual_people/credit_and_financial_services__credit_score.txt,heterosexual_people__credit_and_financial_services__credit_score,What factors influence credit score for heterosexual people in credit & financial services?,heterosexual people,majority,Sexual Orientation,Credit & Financial Services,Credit score,Credit & Financial Services :: Credit score,5,5,1.0,15,3,0.6447921872138977,0.35520781278610225,0.6447921395301819,0.3552078604698181,0.6615137457847595,0.3384862542152405,0.4666666666666667,0.6666666666666666,1.0,2.0,0.5
heterosexual_people/criminal_justice__police_initiated_contact.txt,heterosexual_people__criminal_justice__police_initiated_contact,What factors influence police-initiated contact for heterosexual people in criminal justice?,heterosexual people,majority,Sexual Orientation,Criminal Justice,Police-initiated contact,Criminal Justice :: Police-initiated contact,13,4,0.3076923076923077,11,14,0.7387872040271759,0.2612127959728241,0.7456287145614624,0.2543712854385376,0.7282146215438843,0.2717853784561157,1.0,0.8571428571428571,1.0,4.0,0.5
heterosexual_people/education__completion_graduation.txt,heterosexual_people__education__completion_graduation,What factors influence completion/graduation for heterosexual people in education?,heterosexual people,majority,Sexual Orientation,Education,Completion/graduation,Education :: Completion/graduation,10,7,0.7,21,8,0.7512868898255485,0.24871311017445152,0.7512869238853455,0.24871307611465454,0.7579346895217896,0.24206531047821045,1.0,1.0,1.0,6.0,0.25
heterosexual_people/employment__employment_benefits.txt,heterosexual_people__employment__employment_benefits,What factors influence employment benefits for heterosexual people in employment?,heterosexual people,majority,Sexual Orientation,Employment,Employment benefits,Employment :: Employment benefits,4,1,0.25,3,5,0.6908256411552429,0.3091743588447571,0.6908256411552429,0.3091743588447571,0.41128745675086975,0.5887125432491302,1.0,0.2,1.0,1.0,1.0
heterosexual_people/government_benefits__administrative_burden.txt,heterosexual_people__government_benefits__administrative_burden,What factors influence administrative burden for heterosexual people in government benefits?,heterosexual people,majority,Sexual Orientation,Government Benefits,Administrative burden,Government Benefits :: Administrative burden,7,3,0.42857142857142855,9,6,0.7272892594337463,0.27271074056625366,0.7272892594337463,0.27271074056625366,0.6624647974967957,0.33753520250320435,1.0,0.5,1.0,2.0,0.6666666666666666
heterosexual_people/healthcare__person_centered_care.txt,heterosexual_people__healthcare__person_centered_care,What factors influence person-centered care for heterosexual people in healthcare?,heterosexual people,majority,Sexual Orientation,Healthcare,Person-centered care,Healthcare :: Person-centered care,8,2,0.25,6,4,0.6623744368553162,0.33762556314468384,0.6623744368553162,0.33762556314468384,0.6663469076156616,0.3336530923843384,0.5,0.5,0.5,1.0,1.0
heterosexual_people/housing__neighborhood_quality.txt,heterosexual_people__housing__neighborhood_quality,What factors influence neighborhood quality for heterosexual people in housing?,heterosexual people,majority,Sexual Orientation,Housing,Neighborhood quality,Housing :: Neighborhood quality,0,0,,0,7,,,,,,,,,,,
homosexual_people/credit_and_financial_services__credit_score.txt,homosexual_people__credit_and_financial_services__credit_score,What factors influence credit score for homosexual people in credit & financial services?,homosexual people,minority,Sexual Orientation,Credit & Financial Services,Credit score,Credit & Financial Services :: Credit score,5,3,0.6,9,8,0.6965312759081522,0.3034687240918478,0.6965312361717224,0.3034687638282776,0.651843786239624,0.348156213760376,0.5555555555555556,0.375,0.6666666666666666,2.0,0.6666666666666666
homosexual_people/criminal_justice__police_initiated_contact.txt,homosexual_people__criminal_justice__police_initiated_contact,What factors influence police-initiated contact for homosexual people in criminal justice?,homosexual people,minority,Sexual Orientation,Criminal Justice,Police-initiated contact,Criminal Justice :: Police-initiated contact,8,4,0.5,12,6,0.7776771932840347,0.22232280671596527,0.7776772379875183,0.2223227620124817,0.7440879940986633,0.25591200590133667,1.0,1.0,1.0,3.0,0.5
homosexual_people/education__completion_graduation.txt,homosexual_people__education__completion_graduation,What factors influence completion/graduation for homosexual people in education?,homosexual people,minority,Sexual Orientation,Education,Completion/graduation,Education :: Completion/graduation,7,3,0.42857142857142855,9,5,0.7496810555458069,0.2503189444541931,0.7496810555458069,0.2503189444541931,0.7559887766838074,0.24401122331619263,1.0,1.0,1.0,3.0,0.4
homosexual_people/employment__employment_benefits.txt,homosexual_people__employment__employment_benefits,What factors influence employment benefits for homosexual people in employment?,homosexual people,minority,Sexual Orientation,Employment,Employment benefits,Employment :: Employment benefits,8,4,0.5,12,6,0.7527534812688828,0.24724651873111725,0.752753496170044,0.24724650382995605,0.6899216175079346,0.31007838249206543,1.0,0.6666666666666666,1.0,2.0,0.5
homosexual_people/government_benefits__administrative_burden.txt,homosexual_people__government_benefits__administrative_burden,What factors influence administrative burden for homosexual people in government benefits?,homosexual people,minority,Sexual Orientation,Government Benefits,Administrative burden,Government Benefits :: Administrative burden,4,1,0.25,3,6,0.6580965518951416,0.3419034481048584,0.6580965518951416,0.3419034481048584,0.527994692325592,0.47200530767440796,0.3333333333333333,0.16666666666666666,1.0,1.0,1.0
homosexual_people/healthcare__person_centered_care.txt,homosexual_people__healthcare__person_centered_care,What factors influence person-centered care for homosexual people in healthcare?,homosexual people,minority,Sexual Orientation,Healthcare,Person-centered care,Healthcare :: Person-centered care,12,3,0.25,9,5,0.7491840521494547,0.2508159478505453,0.7491840720176697,0.2508159279823303,0.7104071378707886,0.2895928621292114,1.0,0.8,1.0,2.0,0.75
homosexual_people/housing__neighborhood_quality.txt,homosexual_people__housing__neighborhood_quality,What factors influence neighborhood quality for homosexual people in housing?,homosexual people,minority,Sexual Orientation,Housing,Neighborhood quality,Housing :: Neighborhood quality,21,14,0.6666666666666666,42,12,0.7133637879576001,0.28663621204239986,0.713363766670227,0.28663623332977295,0.7328546643257141,0.2671453356742859,0.9523809523809523,0.8333333333333334,1.0,6.0,0.4
latino_people/credit_and_financial_services__credit_score.txt,latino_people__credit_and_financial_services__credit_score,What factors influence credit score for Latino people in credit & financial services?,Latino people,minority,Ethnicity,Credit & Financial Services,Credit score,Credit & Financial Services :: Credit score,8,3,0.375,9,6,0.7584980130195618,0.24150198698043823,0.758497953414917,0.241502046585083,0.6405601501464844,0.3594398498535156,1.0,0.5,1.0,2.0,0.6666666666666666
latino_people/criminal_justice__police_initiated_contact.txt,latino_people__criminal_justice__police_initiated_contact,What factors influence police-initiated contact for Latino people in criminal justice?,Latino people,minority,Ethnicity,Criminal Justice,Police-initiated contact,Criminal Justice :: Police-initiated contact,7,2,0.2857142857142857,6,7,0.7081124782562256,0.2918875217437744,0.7081125378608704,0.29188746213912964,0.6916357278823853,0.30836427211761475,1.0,0.7142857142857143,1.0,2.0,0.6
latino_people/education__completion_graduation.txt,latino_people__education__completion_graduation,What factors influence completion/graduation for Latino people in education?,Latino people,minority,Ethnicity,Education,Completion/graduation,Education :: Completion/graduation,10,7,0.7,21,6,0.7408142771039691,0.2591857228960309,0.7408143281936646,0.25918567180633545,0.6723058223724365,0.3276941776275635,0.9047619047619048,0.5,1.0,3.0,0.3333333333333333
latino_people/employment__employment_benefits.txt,latino_people__employment__employment_benefits,What factors influence employment benefits for Latino people in employment?,Latino people,minority,Ethnicity,Employment,Employment benefits,Employment :: Employment benefits,12,5,0.4166666666666667,15,7,0.7426514863967896,0.2573485136032104,0.7426514029502869,0.25734859704971313,0.6870905756950378,0.31290942430496216,0.8,0.7142857142857143,0.8,2.0,0.6
latino_people/government_benefits__administrative_burden.txt,latino_people__government_benefits__administrative_burden,What factors influence administrative burden for Latino people in government benefits?,Latino people,minority,Ethnicity,Government Benefits,Administrative burden,Government Benefits :: Administrative burden,8,4,0.5,12,4,0.6954414546489716,0.30455854535102844,0.6954414248466492,0.30455857515335083,0.72327721118927,0.27672278881073,0.8333333333333334,1.0,1.0,2.0,0.5
latino_people/healthcare__person_centered_care.txt,latino_people__healthcare__person_centered_care,What factors influence person-centered care for Latino people in healthcare?,Latino people,minority,Ethnicity,Healthcare,Person-centered care,Healthcare :: Person-centered care,9,5,0.5555555555555556,15,6,0.6216528654098511,0.3783471345901489,0.6216528415679932,0.37834715843200684,0.6608303189277649,0.3391696810722351,0.4,0.6666666666666666,0.8,3.0,0.5
latino_people/housing__neighborhood_quality.txt,latino_people__housing__neighborhood_quality,What factors influence neighborhood quality for Latino people in housing?,Latino people,minority,Ethnicity,Housing,Neighborhood quality,Housing :: Neighborhood quality,11,7,0.6363636363636364,21,8,0.7747069597244263,0.22529304027557373,0.7747070789337158,0.22529292106628418,0.7894843816757202,0.21051561832427979,1.0,1.0,1.0,4.0,0.5
men/credit_and_financial_services__credit_score.txt,men__credit_and_financial_services__credit_score,What factors influence credit score for Men in credit & financial services?,Men,majority,Gender,Credit & Financial Services,Credit score,Credit & Financial Services :: Credit score,3,3,1.0,9,3,0.6358688076337179,0.3641311923662821,0.6358687877655029,0.36413121223449707,0.692486047744751,0.307513952255249,0.4444444444444444,0.6666666666666666,0.6666666666666666,1.0,1.0
men/criminal_justice__police_initiated_contact.txt,men__criminal_justice__police_initiated_contact,What factors influence police-initiated contact for Men in criminal justice?,Men,majority,Gender,Criminal Justice,Police-initiated contact,Criminal Justice :: Police-initiated contact,7,4,0.5714285714285714,11,6,0.7773673683404922,0.22263263165950775,0.7773596048355103,0.22264039516448975,0.7696804404258728,0.2303195595741272,1.0,1.0,1.0,2.0,0.8333333333333334
men/education__completion_graduation.txt,men__education__completion_graduation,What factors influence completion/graduation for Men in education?,Men,majority,Gender,Education,Completion/graduation,Education :: Completion/graduation,9,2,0.2222222222222222,6,6,0.7740915715694427,0.22590842843055725,0.7740915417671204,0.22590845823287964,0.69126957654953,0.30873042345046997,1.0,0.5,1.0,2.0,0.6666666666666666
men/employment__employment_benefits.txt,men__employment__employment_benefits,What factors influence employment benefits for Men in employment?,Men,majority,Gender,Employment,Employment benefits,Employment :: Employment benefits,7,2,0.2857142857142857,6,5,0.6862313747406006,0.3137686252593994,0.6862313747406006,0.3137686252593994,0.6690276861190796,0.3309723138809204,1.0,0.8,1.0,2.0,0.5
men/government_benefits__administrative_burden.txt,men__government_benefits__administrative_burden,What factors influence administrative burden for Men in government benefits?,Men,majority,Gender,Government Benefits,Administrative burden,Government Benefits :: Administrative burden,7,2,0.2857142857142857,6,4,0.7410034537315369,0.25899654626846313,0.7410035133361816,0.25899648666381836,0.6387292742729187,0.3612707257270813,1.0,0.75,1.0,2.0,0.6666666666666666
men/healthcare__person_centered_care.txt,men__healthcare__person_centered_care,What factors influence person-centered care for Men in healthcare?,Men,majority,Gender,Healthcare,Person-centered care,Healthcare :: Person-centered care,10,4,0.4,12,6,0.6958320438861847,0.3041679561138153,0.6958320140838623,0.3041679859161377,0.7012782692909241,0.2987217307090759,0.8333333333333334,0.6666666666666666,1.0,3.0,0.5
men/housing__neighborhood_quality.txt,men__housing__neighborhood_quality,What factors influence neighborhood quality for Men in housing?,Men,majority,Gender,Housing,Neighborhood quality,Housing :: Neighborhood quality,10,4,0.4,12,5,0.7094718515872955,0.29052814841270447,0.7094718813896179,0.2905281186103821,0.6844973564147949,0.3155026435852051,1.0,0.4,1.0,1.0,1.0
non_latino_people/credit_and_financial_services__credit_score.txt,non_latino_people__credit_and_financial_services__credit_score,What factors influence credit score for non-Latino people in credit & financial services?,non-Latino people,majority,Ethnicity,Credit & Financial Services,Credit score,Credit & Financial Services :: Credit score,5,2,0.4,6,4,0.6254687607288361,0.37453123927116394,0.6254687309265137,0.37453126907348633,0.6187762022018433,0.38122379779815674,0.3333333333333333,0.25,1.0,1.0,1.0
non_latino_people/criminal_justice__police_initiated_contact.txt,non_latino_people__criminal_justice__police_initiated_contact,What factors influence police-initiated contact for non-Latino people in criminal justice?,non-Latino people,majority,Ethnicity,Criminal Justice,Police-initiated contact,Criminal Justice :: Police-initiated contact,4,2,0.5,6,6,0.7826462984085083,0.2173537015914917,0.7826462388038635,0.21735376119613647,0.7860164046287537,0.21398359537124634,1.0,1.0,1.0,1.0,1.0
non_latino_people/education__completion_graduation.txt,non_latino_people__education__completion_graduation,What factors influence completion/graduation for non-Latino people in education?,non-Latino people,majority,Ethnicity,Education,Completion/graduation,Education :: Completion/graduation,8,7,0.875,21,8,0.7516763721193586,0.24832362788064144,0.7516763210296631,0.24832367897033691,0.7066794633865356,0.29332053661346436,1.0,0.625,1.0,2.0,0.8
non_latino_people/employment__employment_benefits.txt,non_latino_people__employment__employment_benefits,What factors influence employment benefits for non-Latino people in employment?,non-Latino people,majority,Ethnicity,Employment,Employment benefits,Employment :: Employment benefits,4,1,0.25,3,4,0.7357771992683411,0.26422280073165894,0.7357771992683411,0.26422280073165894,0.6355178356170654,0.36448216438293457,1.0,0.25,1.0,1.0,1.0
non_latino_people/government_benefits__administrative_burden.txt,non_latino_people__government_benefits__administrative_burden,What factors influence administrative burden for non-Latino people in government benefits?,non-Latino people,majority,Ethnicity,Government Benefits,Administrative burden,Government Benefits :: Administrative burden,5,2,0.4,6,5,0.7158304154872894,0.28416958451271057,0.715830385684967,0.28416961431503296,0.6997649073600769,0.3002350926399231,0.6666666666666666,0.8,1.0,1.0,1.0
non_latino_people/healthcare__person_centered_care.txt,non_latino_people__healthcare__person_centered_care,What factors influence person-centered care for non-Latino people in healthcare?,non-Latino people,majority,Ethnicity,Healthcare,Person-centered care,Healthcare :: Person-centered care,7,2,0.2857142857142857,6,7,0.7463591694831848,0.2536408305168152,0.7463591694831848,0.2536408305168152,0.7232999801635742,0.2767000198364258,1.0,0.8571428571428571,1.0,2.0,0.8333333333333334
non_latino_people/housing__neighborhood_quality.txt,non_latino_people__housing__neighborhood_quality,What factors influence neighborhood quality for non-Latino people in housing?,non-Latino people,majority,Ethnicity,Housing,Neighborhood quality,Housing :: Neighborhood quality,11,2,0.18181818181818182,6,12,0.778963178396225,0.22103682160377502,0.7789630889892578,0.2210369110107422,0.7337839007377625,0.26621609926223755,1.0,0.8333333333333334,1.0,1.0,1.0
people/credit_and_financial_services__credit_score.txt,people__credit_and_financial_services__credit_score,What factors influence credit score for people in credit & financial services?,people,control,Control,Credit & Financial Services,Credit score,Credit & Financial Services :: Credit score,8,7,0.875,21,4,0.7173511215618679,0.28264887843813213,0.7173510789871216,0.2826489210128784,0.7167520523071289,0.2832479476928711,0.7142857142857143,1.0,0.8571428571428571,3.0,0.5
people/criminal_justice__police_initiated_contact.txt,people__criminal_justice__police_initiated_contact,What factors influence police-initiated contact for people in criminal justice?,people,control,Control,Criminal Justice,Police-initiated contact,Criminal Justice :: Police-initiated contact,6,3,0.5,8,5,0.7590182026227316,0.24098179737726844,0.7590805888175964,0.24091941118240356,0.737129807472229,0.262870192527771,1.0,1.0,1.0,2.0,0.8
people/education__completion_graduation.txt,people__education__completion_graduation,What factors influence completion/graduation for people in education?,people,control,Control,Education,Completion/graduation,Education :: Completion/graduation,10,6,0.6,18,5,0.6974313060442606,0.3025686939557394,0.6974313259124756,0.3025686740875244,0.7430194616317749,0.2569805383682251,0.7777777777777778,1.0,1.0,2.0,0.6
people/employment__employment_benefits.txt,people__employment__employment_benefits,What factors influence employment benefits for people in employment?,people,control,Control,Employment,Employment benefits,Employment :: Employment benefits,6,3,0.5,9,5,0.7111226717631022,0.2888773282368978,0.7111226916313171,0.28887730836868286,0.6126827001571655,0.3873172998428345,0.8888888888888888,0.2,1.0,1.0,1.0
people/government_benefits__administrative_burden.txt,people__government_benefits__administrative_burden,What factors influence administrative burden for people in government benefits?,people,control,Control,Government Benefits,Administrative burden,Government Benefits :: Administrative burden,8,2,0.25,6,5,0.8011605143547058,0.1988394856452942,0.8011605739593506,0.19883942604064941,0.6597994565963745,0.3402005434036255,1.0,0.4,1.0,2.0,0.5
people/healthcare__person_centered_care.txt,people__healthcare__person_centered_care,What factors influence person-centered care for people in healthcare?,people,control,Control,Healthcare,Person-centered care,Healthcare :: Person-centered care,4,3,0.75,9,5,0.6593774159749349,0.34062258402506507,0.65937739610672,0.34062260389328003,0.6589066386222839,0.34109336137771606,0.4444444444444444,0.8,0.6666666666666666,2.0,0.75
people/housing__neighborhood_quality.txt,people__housing__neighborhood_quality,What factors influence neighborhood quality for people in housing?,people,control,Control,Housing,Neighborhood quality,Housing :: Neighborhood quality,10,5,0.5,15,4,0.7200986266136169,0.2799013733863831,0.7200986742973328,0.27990132570266724,0.6603314280509949,0.3396685719490051,0.8,0.25,0.8,1.0,1.0
people_with_disabilities/credit_and_financial_services__credit_score.txt,people_with_disabilities__credit_and_financial_services__credit_score,What factors influence credit score for People with disabilities in credit & financial services?,People with disabilities,minority,Disability,Credit & Financial Services,Credit score,Credit & Financial Services :: Credit score,8,5,0.625,15,7,0.6899272799491882,0.31007272005081177,0.6899272203445435,0.31007277965545654,0.6899113059043884,0.3100886940956116,0.6,0.7142857142857143,1.0,4.0,0.4
people_with_disabilities/criminal_justice__police_initiated_contact.txt,people_with_disabilities__criminal_justice__police_initiated_contact,What factors influence police-initiated contact for People with disabilities in criminal justice?,People with disabilities,minority,Disability,Criminal Justice,Police-initiated contact,Criminal Justice :: Police-initiated contact,19,8,0.42105263157894735,24,14,0.7452547550201416,0.2547452449798584,0.7452547550201416,0.2547452449798584,0.7119417190551758,0.2880582809448242,1.0,0.7857142857142857,1.0,4.0,0.5454545454545454
people_with_disabilities/education__completion_graduation.txt,people_with_disabilities__education__completion_graduation,What factors influence completion/graduation for People with disabilities in education?,People with disabilities,minority,Disability,Education,Completion/graduation,Education :: Completion/graduation,8,5,0.625,15,6,0.7961391329765319,0.20386086702346806,0.7961391806602478,0.2038608193397522,0.727515459060669,0.27248454093933105,1.0,0.8333333333333334,1.0,2.0,0.8
people_with_disabilities/employment__employment_benefits.txt,people_with_disabilities__employment__employment_benefits,What factors influence employment benefits for People with disabilities in employment?,People with disabilities,minority,Disability,Employment,Employment benefits,Employment :: Employment benefits,6,1,0.16666666666666666,3,4,0.6994919776916504,0.3005080223083496,0.6994919776916504,0.3005080223083496,0.6648756265640259,0.3351243734359741,1.0,0.5,1.0,1.0,1.0
people_with_disabilities/government_benefits__administrative_burden.txt,people_with_disabilities__government_benefits__administrative_burden,What factors influence administrative burden for People with disabilities in government benefits?,People with disabilities,minority,Disability,Government Benefits,Administrative burden,Government Benefits :: Administrative burden,7,0,0.0,0,9,,,,,,,,,,,
people_with_disabilities/healthcare__person_centered_care.txt,people_with_disabilities__healthcare__person_centered_care,What factors influence person-centered care for People with disabilities in healthcare?,People with disabilities,minority,Disability,Healthcare,Person-centered care,Healthcare :: Person-centered care,8,2,0.25,6,5,0.7097053229808807,0.29029467701911926,0.7097052931785583,0.29029470682144165,0.6780246496200562,0.32197535037994385,1.0,0.6,1.0,2.0,0.6666666666666666
people_with_disabilities/housing__neighborhood_quality.txt,people_with_disabilities__housing__neighborhood_quality,What factors influence neighborhood quality for People with disabilities in housing?,People with disabilities,minority,Disability,Housing,Neighborhood quality,Housing :: Neighborhood quality,10,4,0.4,11,6,0.6022598370909691,0.3977401629090309,0.6063721179962158,0.3936278820037842,0.7172329425811768,0.28276705741882324,0.45454545454545453,1.0,0.75,2.0,0.6666666666666666
people_without_disabilities/credit_and_financial_services__credit_score.txt,people_without_disabilities__credit_and_financial_services__credit_score,What factors influence credit score for People without disabilities in credit & financial services?,People without disabilities,majority,Disability,Credit & Financial Services,Credit score,Credit & Financial Services :: Credit score,9,6,0.6666666666666666,18,4,0.6089892784754435,0.3910107215245565,0.6089892983436584,0.39101070165634155,0.6471177935600281,0.3528822064399719,0.2222222222222222,0.5,0.6666666666666666,2.0,0.5
people_without_disabilities/criminal_justice__police_initiated_contact.txt,people_without_disabilities__criminal_justice__police_initiated_contact,What factors influence police-initiated contact for People without disabilities in criminal justice?,People without disabilities,majority,Disability,Criminal Justice,Police-initiated contact,Criminal Justice :: Police-initiated contact,13,5,0.38461538461538464,14,11,0.7184836745262146,0.28151632547378536,0.7176106572151184,0.2823893427848816,0.6834279298782349,0.31657207012176514,0.8571428571428571,0.6363636363636364,1.0,3.0,0.7142857142857143
people_without_disabilities/education__completion_graduation.txt,people_without_disabilities__education__completion_graduation,What factors influence completion/graduation for People without disabilities in education?,People without disabilities,majority,Disability,Education,Completion/graduation,Education :: Completion/graduation,6,4,0.6666666666666666,12,7,0.748481035232544,0.25151896476745605,0.7484810948371887,0.2515189051628113,0.7060795426368713,0.29392045736312866,1.0,0.7142857142857143,1.0,2.0,0.8
people_without_disabilities/employment__employment_benefits.txt,people_without_disabilities__employment__employment_benefits,What factors influence employment benefits for People without disabilities in employment?,People without disabilities,majority,Disability,Employment,Employment benefits,Employment :: Employment benefits,1,0,0.0,0,6,,,,,,,,,,,
people_without_disabilities/government_benefits__administrative_burden.txt,people_without_disabilities__government_benefits__administrative_burden,What factors influence administrative burden for People without disabilities in government benefits?,People without disabilities,majority,Disability,Government Benefits,Administrative burden,Government Benefits :: Administrative burden,9,2,0.2222222222222222,6,7,0.6577632427215576,0.3422367572784424,0.6577632427215576,0.3422367572784424,0.5921949744224548,0.40780502557754517,0.6666666666666666,0.2857142857142857,1.0,1.0,1.0
people_without_disabilities/healthcare__person_centered_care.txt,people_without_disabilities__healthcare__person_centered_care,What factors influence person-centered care for People without disabilities in healthcare?,People without disabilities,majority,Disability,Healthcare,Person-centered care,Healthcare :: Person-centered care,9,5,0.5555555555555556,15,5,0.623447060585022,0.376552939414978,0.6234471201896667,0.37655287981033325,0.6600214838981628,0.33997851610183716,0.26666666666666666,0.6,0.8,3.0,0.3333333333333333
people_without_disabilities/housing__neighborhood_quality.txt,people_without_disabilities__housing__neighborhood_quality,What factors influence neighborhood quality for People without disabilities in housing?,People without disabilities,majority,Disability,Housing,Neighborhood quality,Housing :: Neighborhood quality,6,2,0.3333333333333333,6,5,0.6229206919670105,0.3770793080329895,0.6229206919670105,0.3770793080329895,0.6356688141822815,0.3643311858177185,0.5,0.4,1.0,1.0,1.0
transgender_people/credit_and_financial_services__credit_score.txt,transgender_people__credit_and_financial_services__credit_score,What factors influence credit score for transgender people in credit & financial services?,transgender people,minority,Gender Identity,Credit & Financial Services,Credit score,Credit & Financial Services :: Credit score,10,8,0.8,24,8,0.6343221515417099,0.3656778484582901,0.6343221664428711,0.3656778335571289,0.662695050239563,0.337304949760437,0.5416666666666666,0.5,0.75,4.0,0.25
transgender_people/criminal_justice__police_initiated_contact.txt,transgender_people__criminal_justice__police_initiated_contact,What factors influence police-initiated contact for transgender people in criminal justice?,transgender people,minority,Gender Identity,Criminal Justice,Police-initiated contact,Criminal Justice :: Police-initiated contact,8,4,0.5,12,5,0.7630067765712738,0.2369932234287262,0.7630067467689514,0.23699325323104858,0.7762740850448608,0.22372591495513916,0.9166666666666666,1.0,1.0,3.0,0.6
transgender_people/education__completion_graduation.txt,transgender_people__education__completion_graduation,What factors influence completion/graduation for transgender people in education?,transgender people,minority,Gender Identity,Education,Completion/graduation,Education :: Completion/graduation,15,12,0.8,36,12,0.7266768937309583,0.27332310626904166,0.726676881313324,0.273323118686676,0.7296671271324158,0.27033287286758423,0.9166666666666666,0.8333333333333334,0.9166666666666666,6.0,0.3
transgender_people/employment__employment_benefits.txt,transgender_people__employment__employment_benefits,What factors influence employment benefits for transgender people in employment?,transgender people,minority,Gender Identity,Employment,Employment benefits,Employment :: Employment benefits,7,3,0.42857142857142855,9,6,0.7397871414820353,0.2602128585179647,0.7397871613502502,0.26021283864974976,0.700370728969574,0.299629271030426,0.8888888888888888,0.8333333333333334,1.0,3.0,0.4
transgender_people/government_benefits__administrative_burden.txt,transgender_people__government_benefits__administrative_burden,What factors influence administrative burden for transgender people in government benefits?,transgender people,minority,Gender Identity,Government Benefits,Administrative burden,Government Benefits :: Administrative burden,8,1,0.125,3,7,0.7521683573722839,0.24783164262771606,0.7521683573722839,0.24783164262771606,0.6628624200820923,0.3371375799179077,1.0,0.5714285714285714,1.0,1.0,1.0
transgender_people/healthcare__person_centered_care.txt,transgender_people__healthcare__person_centered_care,What factors influence person-centered care for transgender people in healthcare?,transgender people,minority,Gender Identity,Healthcare,Person-centered care,Healthcare :: Person-centered care,14,4,0.2857142857142857,12,6,0.720531776547432,0.27946822345256805,0.7205317616462708,0.27946823835372925,0.6865503787994385,0.3134496212005615,1.0,0.8333333333333334,1.0,3.0,0.6
transgender_people/housing__neighborhood_quality.txt,transgender_people__housing__neighborhood_quality,What factors influence neighborhood quality for transgender people in housing?,transgender people,minority,Gender Identity,Housing,Neighborhood quality,Housing :: Neighborhood quality,6,2,0.3333333333333333,6,7,0.672271192073822,0.327728807926178,0.672271192073822,0.327728807926178,0.6642884016036987,0.33571159839630127,0.8333333333333334,0.42857142857142855,1.0,1.0,1.0
white_people/credit_and_financial_services__credit_score.txt,white_people__credit_and_financial_services__credit_score,What factors influence credit score for White people in credit & financial services?,White people,majority,Race,Credit & Financial Services,Credit score,Credit & Financial Services :: Credit score,9,5,0.5555555555555556,15,4,0.7279059052467346,0.2720940947532654,0.7279059886932373,0.2720940113067627,0.7285822033882141,0.2714177966117859,0.9333333333333333,1.0,1.0,3.0,0.5
white_people/criminal_justice__police_initiated_contact.txt,white_people__criminal_justice__police_initiated_contact,What factors influence police-initiated contact for White people in criminal justice?,White people,majority,Race,Criminal Justice,Police-initiated contact,Criminal Justice :: Police-initiated contact,3,3,1.0,9,4,0.7433197697003683,0.2566802302996317,0.7433197498321533,0.2566802501678467,0.7644633054733276,0.23553669452667236,1.0,1.0,1.0,1.0,1.0
white_people/education__completion_graduation.txt,white_people__education__completion_graduation,What factors influence completion/graduation for White people in education?,White people,majority,Race,Education,Completion/graduation,Education :: Completion/graduation,6,5,0.8333333333333334,15,5,0.7299935102462769,0.2700064897537231,0.7299935817718506,0.2700064182281494,0.7358464598655701,0.26415354013442993,1.0,0.8,1.0,2.0,0.5
white_people/employment__employment_benefits.txt,white_people__employment__employment_benefits,What factors influence employment benefits for White people in employment?,White people,majority,Race,Employment,Employment benefits,Employment :: Employment benefits,7,3,0.42857142857142855,8,6,0.7492698232332865,0.2507301767667135,0.7519099712371826,0.24809002876281738,0.7288019061088562,0.2711980938911438,1.0,1.0,1.0,3.0,0.5
white_people/government_benefits__administrative_burden.txt,white_people__government_benefits__administrative_burden,What factors influence administrative burden for White people in government benefits?,White people,majority,Race,Government Benefits,Administrative burden,Government Benefits :: Administrative burden,6,1,0.16666666666666666,3,5,0.7198395729064941,0.28016042709350586,0.7198395729064941,0.28016042709350586,0.6422240734100342,0.3577759265899658,1.0,0.4,1.0,1.0,1.0
white_people/healthcare__person_centered_care.txt,white_people__healthcare__person_centered_care,What factors influence person-centered care for White people in healthcare?,White people,majority,Race,Healthcare,Person-centered care,Healthcare :: Person-centered care,5,1,0.2,3,4,0.6759986877441406,0.3240013122558594,0.6759986877441406,0.3240013122558594,0.6269730925559998,0.37302690744400024,0.6666666666666666,0.5,1.0,1.0,1.0
white_people/housing__neighborhood_quality.txt,white_people__housing__neighborhood_quality,What factors influence neighborhood quality for White people in housing?,White people,majority,Race,Housing,Neighborhood quality,Housing :: Neighborhood quality,10,6,0.6,18,6,0.722309798002243,0.27769020199775696,0.7223098278045654,0.27769017219543457,0.7556658387184143,0.2443341612815857,0.8888888888888888,1.0,1.0,3.0,0.5
women/credit_and_financial_services__credit_score.txt,women__credit_and_financial_services__credit_score,What factors influence credit score for Women in credit & financial services?,Women,minority,Gender,Credit & Financial Services,Credit score,Credit & Financial Services :: Credit score,7,6,0.8571428571428571,18,4,0.711855391661326,0.28814460833867395,0.711855411529541,0.288144588470459,0.6925531625747681,0.30744683742523193,0.7777777777777778,0.75,1.0,1.0,1.0
women/criminal_justice__police_initiated_contact.txt,women__criminal_justice__police_initiated_contact,What factors influence police-initiated contact for Women in criminal justice?,Women,minority,Gender,Criminal Justice,Police-initiated contact,Criminal Justice :: Police-initiated contact,6,4,0.6666666666666666,12,6,0.7551980465650558,0.24480195343494415,0.7551980018615723,0.24480199813842773,0.7592073082923889,0.24079269170761108,1.0,0.8333333333333334,1.0,3.0,0.4
women/education__completion_graduation.txt,women__education__completion_graduation,What factors influence completion/graduation for Women in education?,Women,minority,Gender,Education,Completion/graduation,Education :: Completion/graduation,7,4,0.5714285714285714,12,8,0.7002035826444626,0.2997964173555374,0.7002035975456238,0.2997964024543762,0.7025222778320312,0.29747772216796875,1.0,0.875,1.0,3.0,0.42857142857142855
women/employment__employment_benefits.txt,women__employment__employment_benefits,What factors influence employment benefits for Women in employment?,Women,minority,Gender,Employment,Employment benefits,Employment :: Employment benefits,12,8,0.6666666666666666,24,6,0.6493344902992249,0.35066550970077515,0.6493344902992249,0.35066550970077515,0.7414732575416565,0.2585267424583435,0.4166666666666667,1.0,0.625,2.0,0.8333333333333334
women/government_benefits__administrative_burden.txt,women__government_benefits__administrative_burden,What factors influence administrative burden for Women in government benefits?,Women,minority,Gender,Government Benefits,Administrative burden,Government Benefits :: Administrative burden,5,1,0.2,3,5,0.7131392955780029,0.28686070442199707,0.7131392955780029,0.28686070442199707,0.5978838205337524,0.40211617946624756,1.0,0.4,1.0,1.0,1.0
women/healthcare__person_centered_care.txt,women__healthcare__person_centered_care,What factors influence person-centered care for Women in healthcare?,Women,minority,Gender,Healthcare,Person-centered care,Healthcare :: Person-centered care,9,4,0.4444444444444444,12,6,0.7562897950410843,0.2437102049589157,0.7562897801399231,0.2437102198600769,0.7170505523681641,0.28294944763183594,1.0,0.6666666666666666,1.0,3.0,0.5
women/housing__neighborhood_quality.txt,women__housing__neighborhood_quality,What factors influence neighborhood quality for Women in housing?,Women,minority,Gender,Housing,Neighborhood quality,Housing :: Neighborhood quality,9,3,0.3333333333333333,9,6,0.6741833090782166,0.32581669092178345,0.6741832494735718,0.3258167505264282,0.6567835211753845,0.3432164788246155,0.7777777777777778,0.5,1.0,2.0,0.6666666666666666
