n_outcomes,mean_difference,median_difference,bootstrap_ci_low,bootstrap_ci_high,rank_biserial,p_permutation_raw,permutation_method,wilcoxon_W,p_wilcoxon_raw,analysis,dimension,focal_mean,comparison_mean,mean_locations_per_outcome,min_locations_per_outcome,max_locations_per_outcome,p_permutation_holm,significant_holm,p_wilcoxon_holm,significant_wilcoxon_holm,outcome_set
21,4.031746031746032,3.333333333333333,2.9047619047619047,5.190476190476191,0.9696969696969696,4.999975000125e-06,monte_carlo_signflip_200000,3.5,9.811352619251632e-05,citation_count,Disability,9.142857142857142,5.111111111111111,3.0,3,3,2.999985000075e-05,True,0.0004905676309625,True,Primary outcomes (n=21)
21,2.5396825396825395,3.333333333333333,1.190476190476191,3.7936507936507935,0.7229437229437229,0.0023049884750576,monte_carlo_signflip_200000,32.0,0.0036763192170165,citation_count,Ethnicity,8.904761904761905,6.365079365079366,3.0,3,3,0.0092199539002304,True,0.0147052768680661,True,Primary outcomes (n=21)
21,1.650793650793651,0.6666666666666666,0.5714285714285714,2.9206349206349205,0.6783625730994152,0.0087890625,exact_signflip_2^18,27.5,0.0114512017874189,citation_count,Gender,8.904761904761903,7.253968253968255,3.0,3,3,0.0263671875,True,0.0343536053622569,True,Primary outcomes (n=21)
21,2.698412698412698,3.0,0.6503968253968255,4.634920634920635,0.6428571428571429,0.0189699051504742,monte_carlo_signflip_200000,37.5,0.0116857945342748,citation_count,Gender Identity,9.793650793650794,7.095238095238095,3.0,3,3,0.0379398103009484,True,0.0343536053622569,True,Primary outcomes (n=21)
21,3.7777777777777777,3.0,2.73015873015873,4.984126984126984,0.9913419913419912,4.999975000125e-06,monte_carlo_signflip_200000,1.0,6.786105553339862e-05,citation_count,Race,9.57142857142857,5.793650793650794,3.0,3,3,2.999985000075e-05,True,0.0004071663332003,True,Primary outcomes (n=21)
21,0.8730158730158729,2.0,-0.6825396825396827,2.2857142857142856,0.3116883116883117,0.2803935980320098,monte_carlo_signflip_200000,79.5,0.210316729606607,citation_count,Sexual Orientation,8.825396825396826,7.952380952380952,3.0,3,3,0.2803935980320098,False,0.210316729606607,False,Primary outcomes (n=21)
21,0.0895595145595145,0.0625,0.0463429295572152,0.1386089621357478,1.0,0.0001220703125,exact_signflip_2^14,0.0,0.0009815397525216,source_url_jaccard_distance,Disability,0.9988662131519274,0.909306698592413,3.0,3,3,0.0006103515625,True,0.0049076987626083,True,Primary outcomes (n=21)
21,0.0196799814370755,0.0,0.0027675493992401,0.0393031044594115,0.7272727272727273,0.0439453125,exact_signflip_2^11,9.0,0.0328542199286436,source_url_jaccard_distance,Ethnicity,0.9928136094026364,0.9731336279655608,3.0,3,3,0.0439453125,True,0.0359209550521575,True,Primary outcomes (n=21)
21,0.1294910411557251,0.0932089209952986,0.0717793142670117,0.1926739265337249,0.9607843137254902,7.62939453125e-05,exact_signflip_2^17,3.0,0.0005026300645801,source_url_jaccard_distance,Gender,0.9793831777725336,0.8498921366168084,3.0,3,3,0.000457763671875,True,0.0030157803874811,True,Primary outcomes (n=21)
21,0.018677700127157,0.0,0.0068614560390876,0.0325580148099989,1.0,0.015625,exact_signflip_2^7,0.0,0.0179604775260787,source_url_jaccard_distance,Gender Identity,1.0,0.9813222998728428,3.0,3,3,0.03125,True,0.0359209550521575,True,Primary outcomes (n=21)
21,0.0267209294702099,0.0,0.0105843061708268,0.0448779672506208,0.9555555555555556,0.0078125,exact_signflip_2^9,1.0,0.0108622247048156,source_url_jaccard_distance,Race,0.9919977822470628,0.9652768527768528,3.0,3,3,0.0234375,True,0.0325866741144468,True,Primary outcomes (n=21)
21,0.0501464572160921,0.0407407407407407,0.0259536032361662,0.0785335989676067,1.0,0.000244140625,exact_signflip_2^13,0.0,0.0014737808438751,source_url_jaccard_distance,Sexual Orientation,1.0,0.9498535427839078,3.0,3,3,0.0009765625,True,0.0058951233755005,True,Primary outcomes (n=21)
21,0.0705336653997027,0.081253707408905,0.0380234233207172,0.1011036565142964,0.7489177489177489,0.0005149974250128,monte_carlo_signflip_200000,29.0,0.0016002655029296,answer_semantic_displacement,Disability,0.2780408376739138,0.2075071722742111,3.0,3,3,0.0020599897000514,True,0.004800796508789,True,Primary outcomes (n=21)
21,0.047631864982938,0.0404297510782877,0.0295989340259915,0.0662931581338246,0.9047619047619048,7.499962500187499e-05,monte_carlo_signflip_200000,11.0,5.245208740234375e-05,answer_semantic_displacement,Ethnicity,0.3044313206559136,0.2567994556729756,3.0,3,3,0.0003749981250093,True,0.0002622604370117,True,Primary outcomes (n=21)
21,0.0165485848510076,0.0239790678024292,-0.0101545402454951,0.0443078894936848,0.3073593073593073,0.2652486737566312,monte_carlo_signflip_200000,80.0,0.2289857864379882,answer_semantic_displacement,Gender,0.2246444892315638,0.2080959043805561,3.0,3,3,0.5304973475132624,False,0.4579715728759765,False,Primary outcomes (n=21)
21,0.1447295962818085,0.1556715567906697,0.1027332814203368,0.186547185196763,0.9567099567099568,9.99995000025e-06,monte_carlo_signflip_200000,5.0,9.5367431640625e-06,answer_semantic_displacement,Gender Identity,0.4185970595904759,0.2738674633086673,3.0,3,3,5.99997000015e-05,True,5.7220458984375e-05,True,Primary outcomes (n=21)
21,0.012186371617847,0.0101555387179057,-0.0109363651346592,0.0361445964683616,0.2727272727272727,0.3285683571582142,monte_carlo_signflip_200000,84.0,0.2877340316772461,answer_semantic_displacement,Race,0.2800577481587727,0.2678713765409257,3.0,3,3,0.5304973475132624,False,0.4579715728759765,False,Primary outcomes (n=21)
21,0.0897175518293229,0.1021545728047689,0.0499629187323744,0.1281981535019382,0.8008658008658008,0.0005299973500132,monte_carlo_signflip_200000,23.0,0.0006074905395507,answer_semantic_displacement,Sexual Orientation,0.3958033195563725,0.3060857677270495,3.0,3,3,0.0020599897000514,True,0.0024299621582031,True,Primary outcomes (n=21)
12,-0.0076548002660274,-0.0230287610420158,-0.0302114110094095,0.0171366945327451,-0.2564102564102564,0.54443359375,exact_signflip_2^12,29.0,0.4697265625,evidence_semantic_gap,Disability,0.2719794520250861,0.2796342522911135,1.5,1,3,1.0,False,0.939453125,False,Primary outcomes (n=21)
11,0.0013631718952524,0.0005497286717097,-0.0244212399942405,0.0286260890447365,0.0606060606060606,0.92578125,exact_signflip_2^11,31.0,0.8984375,evidence_semantic_gap,Ethnicity,0.2661153801075823,0.2647522082123299,1.5454545454545454,1,3,1.0,False,0.939453125,False,Primary outcomes (n=21)
14,0.0419114467133898,0.0430421729882557,0.0149195799513179,0.0655444758285036,0.7714285714285715,0.0115966796875,exact_signflip_2^14,12.0,0.008544921875,evidence_semantic_gap,Gender,0.3338353450150312,0.2919238983016413,1.5,1,3,0.04638671875,True,0.0341796875,True,Primary outcomes (n=21)
13,-0.0233770811073304,-0.0164522970952685,-0.0445541219677098,-0.0007821376668739,-0.5824175824175825,0.072509765625,exact_signflip_2^13,19.0,0.068115234375,evidence_semantic_gap,Gender Identity,0.2613548970348013,0.2847319781421318,1.7692307692307692,1,3,0.217529296875,False,0.204345703125,False,Primary outcomes (n=21)
13,-0.040938311040762,-0.029115575339113,-0.0607395089396007,-0.0216430245897092,-0.912087912087912,0.00146484375,exact_signflip_2^13,4.0,0.001708984375,evidence_semantic_gap,Race,0.2382485124066377,0.2791868234473998,1.5384615384615383,1,3,0.00732421875,True,0.008544921875,True,Primary outcomes (n=21)
13,-0.0954230147727324,-0.0947169974446296,-0.1234781345510094,-0.0705939747891883,-1.0,0.000244140625,exact_signflip_2^13,0.0,0.000244140625,evidence_semantic_gap,Sexual Orientation,0.2271286729617897,0.3225516877345222,1.7692307692307692,1,3,0.00146484375,True,0.00146484375,True,Primary outcomes (n=21)
7,2.952380952380953,3.0,0.9047619047619048,5.333333333333333,0.9047619047619048,0.0625,exact_signflip_2^6,1.0,0.0625,citation_count,Disability,10.095238095238097,7.142857142857144,3.0,3,3,0.3125,False,0.3125,False,Robustness outcomes (n=7)
7,1.8571428571428568,2.6666666666666665,-0.5714285714285715,3.714285714285715,0.5714285714285714,0.1875,exact_signflip_2^7,6.0,0.203125,citation_count,Ethnicity,8.666666666666668,6.80952380952381,3.0,3,3,0.6875,False,0.75,False,Robustness outcomes (n=7)
7,0.7142857142857143,1.0,-0.5238095238095236,2.0000000000000004,0.4285714285714285,0.40625,exact_signflip_2^7,8.0,0.375,citation_count,Gender,8.571428571428573,7.857142857142857,3.0,3,3,0.8125,False,0.75,False,Robustness outcomes (n=7)
7,2.952380952380952,1.3333333333333333,-0.666666666666667,6.476190476190476,0.6071428571428571,0.171875,exact_signflip_2^7,5.5,0.1875,citation_count,Gender Identity,9.571428571428571,6.619047619047619,3.0,3,3,0.6875,False,0.75,False,Robustness outcomes (n=7)
7,2.523809523809524,2.333333333333333,1.4761904761904765,3.4761904761904767,1.0,0.03125,exact_signflip_2^6,0.0,0.03125,citation_count,Race,8.761904761904763,6.238095238095239,3.0,3,3,0.1875,False,0.1875,False,Robustness outcomes (n=7)
7,2.619047619047619,2.333333333333333,-1.4285714285714286,8.333333333333334,0.2857142857142857,0.5,exact_signflip_2^7,10.0,0.5625,citation_count,Sexual Orientation,9.190476190476192,6.571428571428571,3.0,3,3,0.8125,False,0.75,False,Robustness outcomes (n=7)
7,0.1170020727793837,0.119281045751634,0.0557911052921557,0.1777967259164736,1.0,0.03125,exact_signflip_2^6,0.0,0.03125,source_url_jaccard_distance,Disability,0.9799812232585342,0.8629791504791504,3.0,3,3,0.1875,False,0.1875,False,Robustness outcomes (n=7)
7,0.0133644133644133,0.0,-0.0152625152625152,0.0463924963924963,0.6666666666666666,0.5,exact_signflip_2^3,1.0,0.5,source_url_jaccard_distance,Ethnicity,0.9884004884004884,0.975036075036075,3.0,3,3,1.0,False,1.0,False,Robustness outcomes (n=7)
7,0.0934491162432338,0.1288780663780664,0.0118513761370904,0.1760407698432908,0.7142857142857143,0.125,exact_signflip_2^6,3.0,0.15625,source_url_jaccard_distance,Gender,0.8993375944006196,0.8058884781573858,3.0,3,3,0.625,False,0.625,False,Robustness outcomes (n=7)
7,0.0218249864048183,0.0035403050108931,0.0052968195825338,0.0409539371304077,1.0,0.125,exact_signflip_2^4,0.0,0.125,source_url_jaccard_distance,Gender Identity,0.9840527664057076,0.9622277800008892,3.0,3,3,0.625,False,0.625,False,Robustness outcomes (n=7)
7,0.00870391095955,0.0,-0.023191094619666,0.0493028274983162,0.3333333333333333,1.0,exact_signflip_2^2,1.0,1.0,source_url_jaccard_distance,Race,0.9804543827100218,0.9717504717504716,3.0,3,3,1.0,False,1.0,False,Robustness outcomes (n=7)
7,0.0808144158984495,0.0303030303030302,0.0129870129870129,0.1557580491404021,1.0,0.125,exact_signflip_2^4,0.0,0.125,source_url_jaccard_distance,Sexual Orientation,0.9890873015873016,0.908272885688852,3.0,3,3,0.625,False,0.625,False,Robustness outcomes (n=7)
7,0.1342256218194961,0.1292082866032919,0.0577839754876636,0.216368467325256,0.9285714285714286,0.03125,exact_signflip_2^7,1.0,0.03125,answer_semantic_displacement,Disability,0.3121979499147051,0.177972328095209,3.0,3,3,0.125,False,0.125,False,Robustness outcomes (n=7)
7,0.0678020559606097,0.0671008229255676,0.0313902826891058,0.103496201052552,0.9285714285714286,0.03125,exact_signflip_2^7,1.0,0.03125,answer_semantic_displacement,Ethnicity,0.3569211179301851,0.2891190619695755,3.0,3,3,0.125,False,0.125,False,Robustness outcomes (n=7)
7,0.017755199046362,0.0260078907012939,-0.0212657877377101,0.0546441617466154,0.3571428571428571,0.4375,exact_signflip_2^7,9.0,0.46875,answer_semantic_displacement,Gender,0.2156217609133039,0.1978665618669418,3.0,3,3,0.875,False,0.9375,False,Robustness outcomes (n=7)
7,0.1503430888766334,0.1562064091364542,0.1145335748082115,0.1802004973093668,1.0,0.015625,exact_signflip_2^7,0.0,0.015625,answer_semantic_displacement,Gender Identity,0.4164862717900957,0.2661431829134623,3.0,3,3,0.09375,False,0.09375,False,Robustness outcomes (n=7)
7,0.0043877831527164,-0.0066628456115722,-0.0252728277728671,0.0417752294313339,-0.2857142857142857,0.90625,exact_signflip_2^7,10.0,0.578125,answer_semantic_displacement,Race,0.3082284771260761,0.3038406939733596,3.0,3,3,0.90625,False,0.9375,False,Robustness outcomes (n=7)
7,0.0875537877991086,0.0594905614852905,0.0451386287098839,0.1352049509684245,1.0,0.015625,exact_signflip_2^7,0.0,0.015625,answer_semantic_displacement,Sexual Orientation,0.3976725765636988,0.3101187887645902,3.0,3,3,0.09375,False,0.09375,False,Robustness outcomes (n=7)
3,-0.0341111475670778,-0.0397005452050103,-0.0476580977439879,-0.0149747997522353,-1.0,0.25,exact_signflip_2^3,0.0,0.25,evidence_semantic_gap,Disability,0.2629081703998424,0.2970193179669203,1.6666666666666667,1,3,1.0,False,1.0,False,Robustness outcomes (n=7)
4,0.0084909357012264,0.0247109000644986,-0.045496983849813,0.0624788552522659,0.0,1.0,exact_signflip_2^4,5.0,1.0,evidence_semantic_gap,Ethnicity,0.2783000205480863,0.2698090848468598,1.5,1,3,1.0,False,1.0,False,Robustness outcomes (n=7)
3,-0.0115728535349406,-0.0276045650243758,-0.0276824515017252,0.020568455921279,-0.6666666666666666,0.5,exact_signflip_2^3,1.0,0.5,evidence_semantic_gap,Gender,0.2723218415070463,0.2838946950419869,2.333333333333333,1,3,1.0,False,1.0,False,Robustness outcomes (n=7)
3,-0.0031265400494637,-0.018061101436615,-0.0533285985390345,0.0620100798272582,0.0,1.0,exact_signflip_2^3,3.0,1.0,evidence_semantic_gap,Gender Identity,0.2788749396617029,0.2820014797111667,2.0,1,3,1.0,False,1.0,False,Robustness outcomes (n=7)
4,-0.0274600102847057,-0.0271985352394126,-0.0426766538371642,-0.0125048417775403,-1.0,0.125,exact_signflip_2^4,0.0,0.125,evidence_semantic_gap,Race,0.2302269287230003,0.2576869390077061,2.0,1,3,0.75,False,0.75,False,Robustness outcomes (n=7)
3,-0.0184768930077552,-0.0167051513989765,-0.0350749939680098,-0.0036505336562792,-1.0,0.25,exact_signflip_2^3,0.0,0.25,evidence_semantic_gap,Sexual Orientation,0.2713001088963614,0.2897770019041166,1.3333333333333333,1,2,1.0,False,1.0,False,Robustness outcomes (n=7)
