Measure,Location,Social dimension,Primary n,Primary effect,Primary 95% CI,Robustness n,Robustness effect,Robustness 95% CI,Same direction,CIs overlap
Citation count,Dallas,Race,21,4.048,"[2.333, 5.429]",7,1.714,"[-0.286, 3.429]",Yes,Yes
Citation count,Dallas,Ethnicity,21,4.048,"[2.286, 5.810]",7,3.0,"[1.571, 4.857]",Yes,Yes
Citation count,Dallas,Gender,21,1.0,"[-0.333, 2.429]",7,0.286,"[-1.571, 2.286]",Yes,Yes
Citation count,Dallas,Disability,21,4.238,"[2.286, 6.095]",7,1.857,"[-0.286, 4.000]",Yes,Yes
Citation count,Dallas,Sexual orientation,21,1.095,"[-0.714, 2.714]",7,2.571,"[-2.857, 9.714]",Yes,Yes
Citation count,Dallas,Gender identity,21,1.714,"[-0.667, 4.238]",7,4.714,"[0.429, 8.714]",Yes,Yes
Citation count,New York City,Race,21,2.905,"[1.524, 4.381]",7,4.429,"[3.714, 5.143]",Yes,Yes
Citation count,New York City,Ethnicity,21,1.619,"[-0.190, 3.286]",7,1.714,"[-1.571, 4.429]",Yes,Yes
Citation count,New York City,Gender,21,1.667,"[0.000, 3.571]",7,1.429,"[-1.143, 4.571]",Yes,Yes
Citation count,New York City,Disability,21,3.381,"[1.619, 5.143]",7,3.571,"[2.000, 5.286]",Yes,Yes
Citation count,New York City,Sexual orientation,21,0.524,"[-1.524, 2.381]",7,2.429,"[-1.857, 7.857]",Yes,Yes
Citation count,New York City,Gender identity,21,2.333,"[0.048, 4.286]",7,0.714,"[-4.429, 5.143]",Yes,Yes
Citation count,Los Angeles,Race,21,4.381,"[2.810, 6.143]",7,1.429,"[-0.286, 3.000]",Yes,Yes
Citation count,Los Angeles,Ethnicity,21,1.952,"[0.142, 3.524]",7,0.857,"[-2.286, 3.000]",Yes,Yes
Citation count,Los Angeles,Gender,21,2.286,"[0.714, 4.000]",7,0.429,"[-0.714, 1.571]",Yes,Yes
Citation count,Los Angeles,Disability,21,4.476,"[2.952, 5.857]",7,3.429,"[0.714, 6.857]",Yes,Yes
Citation count,Los Angeles,Sexual orientation,21,1.0,"[-1.667, 3.667]",7,2.857,"[-0.714, 7.429]",Yes,Yes
Citation count,Los Angeles,Gender identity,21,4.048,"[1.143, 6.810]",7,3.429,"[-1.143, 7.429]",Yes,Yes
Source URL displacement,Dallas,Race,21,0.022,"[0.004, 0.043]",7,0.006,"[-0.039, 0.056]",Yes,Yes
Source URL displacement,Dallas,Ethnicity,21,0.024,"[0.003, 0.051]",7,0.024,"[0.000, 0.071]",Yes,Yes
Source URL displacement,Dallas,Gender,21,0.143,"[0.082, 0.211]",7,0.107,"[-0.011, 0.247]",Yes,Yes
Source URL displacement,Dallas,Disability,21,0.078,"[0.032, 0.129]",7,0.175,"[0.097, 0.250]",Yes,Yes
Source URL displacement,Dallas,Sexual orientation,21,0.052,"[0.025, 0.083]",7,0.079,"[0.000, 0.183]",Yes,Yes
Source URL displacement,Dallas,Gender identity,21,0.022,"[0.007, 0.040]",7,0.019,"[-0.017, 0.061]",Yes,Yes
Source URL displacement,New York City,Race,21,0.034,"[0.011, 0.060]",7,-0.003,"[-0.031, 0.021]",No,Yes
Source URL displacement,New York City,Ethnicity,21,0.016,"[-0.001, 0.034]",7,0.015,"[-0.022, 0.055]",Yes,Yes
Source URL displacement,New York City,Gender,21,0.118,"[0.044, 0.202]",7,0.121,"[-0.000, 0.278]",Yes,Yes
Source URL displacement,New York City,Disability,21,0.101,"[0.048, 0.166]",7,0.101,"[0.033, 0.160]",Yes,Yes
Source URL displacement,New York City,Sexual orientation,21,0.047,"[0.022, 0.075]",7,0.055,"[0.010, 0.111]",Yes,Yes
Source URL displacement,New York City,Gender identity,21,0.021,"[0.005, 0.039]",7,0.048,"[0.016, 0.093]",Yes,Yes
Source URL displacement,Los Angeles,Race,21,0.025,"[0.006, 0.048]",7,0.024,"[0.000, 0.071]",Yes,Yes
Source URL displacement,Los Angeles,Ethnicity,21,0.019,"[0.001, 0.039]",7,0.001,"[-0.036, 0.039]",Yes,Yes
Source URL displacement,Los Angeles,Gender,21,0.128,"[0.073, 0.187]",7,0.052,"[-0.010, 0.135]",Yes,Yes
Source URL displacement,Los Angeles,Disability,21,0.09,"[0.040, 0.145]",7,0.075,"[-0.029, 0.178]",Yes,Yes
Source URL displacement,Los Angeles,Sexual orientation,21,0.052,"[0.019, 0.092]",7,0.108,"[0.013, 0.237]",Yes,Yes
Source URL displacement,Los Angeles,Gender identity,21,0.013,"[0.000, 0.028]",7,-0.002,"[-0.009, 0.003]",No,Yes
Answer semantic displacement,Dallas,Race,21,0.025,"[-0.007, 0.059]",7,-0.05,"[-0.092, -0.006]",No,Yes
Answer semantic displacement,Dallas,Ethnicity,21,0.053,"[0.025, 0.080]",7,0.01,"[-0.099, 0.093]",Yes,Yes
Answer semantic displacement,Dallas,Gender,21,0.043,"[-0.007, 0.095]",7,0.008,"[-0.079, 0.068]",Yes,Yes
Answer semantic displacement,Dallas,Disability,21,0.103,"[0.064, 0.141]",7,0.139,"[0.064, 0.208]",Yes,Yes
Answer semantic displacement,Dallas,Sexual orientation,21,0.085,"[0.036, 0.136]",7,0.096,"[0.043, 0.150]",Yes,Yes
Answer semantic displacement,Dallas,Gender identity,21,0.156,"[0.103, 0.208]",7,0.195,"[0.140, 0.250]",Yes,Yes
Answer semantic displacement,New York City,Race,21,0.004,"[-0.019, 0.026]",7,0.029,"[-0.012, 0.082]",Yes,Yes
Answer semantic displacement,New York City,Ethnicity,21,0.057,"[0.040, 0.075]",7,0.074,"[0.006, 0.134]",Yes,Yes
Answer semantic displacement,New York City,Gender,21,-0.034,"[-0.068, -0.004]",7,0.029,"[-0.020, 0.079]",No,Yes
Answer semantic displacement,New York City,Disability,21,0.07,"[0.027, 0.116]",7,0.186,"[0.067, 0.372]",Yes,Yes
Answer semantic displacement,New York City,Sexual orientation,21,0.087,"[0.044, 0.130]",7,0.083,"[0.038, 0.133]",Yes,Yes
Answer semantic displacement,New York City,Gender identity,21,0.148,"[0.105, 0.192]",7,0.118,"[0.053, 0.176]",Yes,Yes
Answer semantic displacement,Los Angeles,Race,21,0.007,"[-0.029, 0.047]",7,0.034,"[-0.020, 0.094]",Yes,Yes
Answer semantic displacement,Los Angeles,Ethnicity,21,0.033,"[-0.010, 0.072]",7,0.119,"[0.072, 0.188]",Yes,No
Answer semantic displacement,Los Angeles,Gender,21,0.041,"[0.012, 0.072]",7,0.016,"[-0.022, 0.054]",Yes,Yes
Answer semantic displacement,Los Angeles,Disability,21,0.038,"[-0.033, 0.100]",7,0.077,"[-0.009, 0.185]",Yes,Yes
Answer semantic displacement,Los Angeles,Sexual orientation,21,0.097,"[0.028, 0.155]",7,0.084,"[0.033, 0.137]",Yes,Yes
Answer semantic displacement,Los Angeles,Gender identity,21,0.13,"[0.084, 0.177]",7,0.139,"[0.087, 0.195]",Yes,Yes
Evidence semantic gap,Dallas,Race,6,-0.049,"[-0.080, -0.017]",3,-0.035,"[-0.040, -0.032]",Yes,Yes
Evidence semantic gap,Dallas,Ethnicity,7,0.01,"[-0.024, 0.044]",1,0.011,"[0.011, 0.011]",Yes,Yes
Evidence semantic gap,Dallas,Gender,6,0.039,"[-0.013, 0.083]",2,-0.027,"[-0.076, 0.022]",No,Yes
Evidence semantic gap,Dallas,Disability,6,-0.006,"[-0.030, 0.021]",2,-0.064,"[-0.081, -0.048]",Yes,No
Evidence semantic gap,Dallas,Sexual orientation,11,-0.09,"[-0.115, -0.066]",1,-0.052,"[-0.052, -0.052]",Yes,No
Evidence semantic gap,Dallas,Gender identity,11,-0.017,"[-0.046, 0.013]",2,0.06,"[0.055, 0.065]",No,No
Evidence semantic gap,New York City,Race,8,-0.047,"[-0.064, -0.029]",4,-0.02,"[-0.033, -0.008]",Yes,Yes
Evidence semantic gap,New York City,Ethnicity,4,-0.023,"[-0.047, 0.000]",3,-0.014,"[-0.079, 0.064]",Yes,Yes
Evidence semantic gap,New York City,Gender,10,0.02,"[-0.010, 0.048]",2,0.016,"[-0.014, 0.046]",Yes,Yes
Evidence semantic gap,New York City,Disability,6,-0.002,"[-0.045, 0.040]",2,-0.018,"[-0.022, -0.015]",Yes,Yes
Evidence semantic gap,New York City,Sexual orientation,7,-0.098,"[-0.131, -0.065]",2,-0.019,"[-0.035, -0.004]",Yes,No
Evidence semantic gap,New York City,Gender identity,7,-0.029,"[-0.063, 0.016]",2,-0.076,"[-0.162, 0.010]",Yes,Yes
Evidence semantic gap,Los Angeles,Race,6,-0.011,"[-0.056, 0.039]",1,-0.074,"[-0.074, -0.074]",Yes,No
Evidence semantic gap,Los Angeles,Ethnicity,6,0.006,"[-0.026, 0.038]",2,0.021,"[-0.019, 0.061]",Yes,Yes
Evidence semantic gap,Los Angeles,Gender,5,0.071,"[0.054, 0.087]",3,-0.009,"[-0.028, 0.007]",No,No
Evidence semantic gap,Los Angeles,Disability,6,-0.032,"[-0.063, 0.004]",1,-0.016,"[-0.016, -0.016]",Yes,Yes
Evidence semantic gap,Los Angeles,Sexual orientation,5,-0.149,"[-0.280, -0.052]",1,0.018,"[0.018, 0.018]",No,No
Evidence semantic gap,Los Angeles,Gender identity,5,-0.027,"[-0.067, 0.012]",2,0.047,"[-0.018, 0.112]",No,Yes
