Level,Measure,Location,Social dimension,Primary eligible n,Primary possible n,Robustness eligible n,Robustness possible n,Primary coverage,Robustness coverage
pooled_aggregate,Citation count,Pooled,Overall,21,21,7,7,1.0,1.0
pooled_aggregate,Source URL displacement,Pooled,Overall,21,21,7,7,1.0,1.0
pooled_aggregate,Answer semantic displacement,Pooled,Overall,21,21,7,7,1.0,1.0
pooled_aggregate,Evidence semantic gap,Pooled,Overall,18,21,3,7,0.857,0.429
pooled_dimension,Citation count,Pooled,Race,21,21,7,7,1.0,1.0
pooled_dimension,Citation count,Pooled,Ethnicity,21,21,7,7,1.0,1.0
pooled_dimension,Citation count,Pooled,Gender,21,21,7,7,1.0,1.0
pooled_dimension,Citation count,Pooled,Disability,21,21,7,7,1.0,1.0
pooled_dimension,Citation count,Pooled,Sexual orientation,21,21,7,7,1.0,1.0
pooled_dimension,Citation count,Pooled,Gender identity,21,21,7,7,1.0,1.0
pooled_dimension,Source URL displacement,Pooled,Race,21,21,7,7,1.0,1.0
pooled_dimension,Source URL displacement,Pooled,Ethnicity,21,21,7,7,1.0,1.0
pooled_dimension,Source URL displacement,Pooled,Gender,21,21,7,7,1.0,1.0
pooled_dimension,Source URL displacement,Pooled,Disability,21,21,7,7,1.0,1.0
pooled_dimension,Source URL displacement,Pooled,Sexual orientation,21,21,7,7,1.0,1.0
pooled_dimension,Source URL displacement,Pooled,Gender identity,21,21,7,7,1.0,1.0
pooled_dimension,Answer semantic displacement,Pooled,Race,21,21,7,7,1.0,1.0
pooled_dimension,Answer semantic displacement,Pooled,Ethnicity,21,21,7,7,1.0,1.0
pooled_dimension,Answer semantic displacement,Pooled,Gender,21,21,7,7,1.0,1.0
pooled_dimension,Answer semantic displacement,Pooled,Disability,21,21,7,7,1.0,1.0
pooled_dimension,Answer semantic displacement,Pooled,Sexual orientation,21,21,7,7,1.0,1.0
pooled_dimension,Answer semantic displacement,Pooled,Gender identity,21,21,7,7,1.0,1.0
pooled_dimension,Evidence semantic gap,Pooled,Race,13,21,4,7,0.619,0.571
pooled_dimension,Evidence semantic gap,Pooled,Ethnicity,11,21,4,7,0.524,0.571
pooled_dimension,Evidence semantic gap,Pooled,Gender,14,21,3,7,0.667,0.429
pooled_dimension,Evidence semantic gap,Pooled,Disability,12,21,3,7,0.571,0.429
pooled_dimension,Evidence semantic gap,Pooled,Sexual orientation,13,21,3,7,0.619,0.429
pooled_dimension,Evidence semantic gap,Pooled,Gender identity,13,21,3,7,0.619,0.429
location_dimension,Citation count,Dallas,Race,21,21,7,7,1.0,1.0
location_dimension,Citation count,Dallas,Ethnicity,21,21,7,7,1.0,1.0
location_dimension,Citation count,Dallas,Gender,21,21,7,7,1.0,1.0
location_dimension,Citation count,Dallas,Disability,21,21,7,7,1.0,1.0
location_dimension,Citation count,Dallas,Sexual orientation,21,21,7,7,1.0,1.0
location_dimension,Citation count,Dallas,Gender identity,21,21,7,7,1.0,1.0
location_dimension,Citation count,New York City,Race,21,21,7,7,1.0,1.0
location_dimension,Citation count,New York City,Ethnicity,21,21,7,7,1.0,1.0
location_dimension,Citation count,New York City,Gender,21,21,7,7,1.0,1.0
location_dimension,Citation count,New York City,Disability,21,21,7,7,1.0,1.0
location_dimension,Citation count,New York City,Sexual orientation,21,21,7,7,1.0,1.0
location_dimension,Citation count,New York City,Gender identity,21,21,7,7,1.0,1.0
location_dimension,Citation count,Los Angeles,Race,21,21,7,7,1.0,1.0
location_dimension,Citation count,Los Angeles,Ethnicity,21,21,7,7,1.0,1.0
location_dimension,Citation count,Los Angeles,Gender,21,21,7,7,1.0,1.0
location_dimension,Citation count,Los Angeles,Disability,21,21,7,7,1.0,1.0
location_dimension,Citation count,Los Angeles,Sexual orientation,21,21,7,7,1.0,1.0
location_dimension,Citation count,Los Angeles,Gender identity,21,21,7,7,1.0,1.0
location_dimension,Source URL displacement,Dallas,Race,21,21,7,7,1.0,1.0
location_dimension,Source URL displacement,Dallas,Ethnicity,21,21,7,7,1.0,1.0
location_dimension,Source URL displacement,Dallas,Gender,21,21,7,7,1.0,1.0
location_dimension,Source URL displacement,Dallas,Disability,21,21,7,7,1.0,1.0
location_dimension,Source URL displacement,Dallas,Sexual orientation,21,21,7,7,1.0,1.0
location_dimension,Source URL displacement,Dallas,Gender identity,21,21,7,7,1.0,1.0
location_dimension,Source URL displacement,New York City,Race,21,21,7,7,1.0,1.0
location_dimension,Source URL displacement,New York City,Ethnicity,21,21,7,7,1.0,1.0
location_dimension,Source URL displacement,New York City,Gender,21,21,7,7,1.0,1.0
location_dimension,Source URL displacement,New York City,Disability,21,21,7,7,1.0,1.0
location_dimension,Source URL displacement,New York City,Sexual orientation,21,21,7,7,1.0,1.0
location_dimension,Source URL displacement,New York City,Gender identity,21,21,7,7,1.0,1.0
location_dimension,Source URL displacement,Los Angeles,Race,21,21,7,7,1.0,1.0
location_dimension,Source URL displacement,Los Angeles,Ethnicity,21,21,7,7,1.0,1.0
location_dimension,Source URL displacement,Los Angeles,Gender,21,21,7,7,1.0,1.0
location_dimension,Source URL displacement,Los Angeles,Disability,21,21,7,7,1.0,1.0
location_dimension,Source URL displacement,Los Angeles,Sexual orientation,21,21,7,7,1.0,1.0
location_dimension,Source URL displacement,Los Angeles,Gender identity,21,21,7,7,1.0,1.0
location_dimension,Answer semantic displacement,Dallas,Race,21,21,7,7,1.0,1.0
location_dimension,Answer semantic displacement,Dallas,Ethnicity,21,21,7,7,1.0,1.0
location_dimension,Answer semantic displacement,Dallas,Gender,21,21,7,7,1.0,1.0
location_dimension,Answer semantic displacement,Dallas,Disability,21,21,7,7,1.0,1.0
location_dimension,Answer semantic displacement,Dallas,Sexual orientation,21,21,7,7,1.0,1.0
location_dimension,Answer semantic displacement,Dallas,Gender identity,21,21,7,7,1.0,1.0
location_dimension,Answer semantic displacement,New York City,Race,21,21,7,7,1.0,1.0
location_dimension,Answer semantic displacement,New York City,Ethnicity,21,21,7,7,1.0,1.0
location_dimension,Answer semantic displacement,New York City,Gender,21,21,7,7,1.0,1.0
location_dimension,Answer semantic displacement,New York City,Disability,21,21,7,7,1.0,1.0
location_dimension,Answer semantic displacement,New York City,Sexual orientation,21,21,7,7,1.0,1.0
location_dimension,Answer semantic displacement,New York City,Gender identity,21,21,7,7,1.0,1.0
location_dimension,Answer semantic displacement,Los Angeles,Race,21,21,7,7,1.0,1.0
location_dimension,Answer semantic displacement,Los Angeles,Ethnicity,21,21,7,7,1.0,1.0
location_dimension,Answer semantic displacement,Los Angeles,Gender,21,21,7,7,1.0,1.0
location_dimension,Answer semantic displacement,Los Angeles,Disability,21,21,7,7,1.0,1.0
location_dimension,Answer semantic displacement,Los Angeles,Sexual orientation,21,21,7,7,1.0,1.0
location_dimension,Answer semantic displacement,Los Angeles,Gender identity,21,21,7,7,1.0,1.0
location_dimension,Evidence semantic gap,Dallas,Race,6,21,3,7,0.286,0.429
location_dimension,Evidence semantic gap,Dallas,Ethnicity,7,21,1,7,0.333,0.143
location_dimension,Evidence semantic gap,Dallas,Gender,6,21,2,7,0.286,0.286
location_dimension,Evidence semantic gap,Dallas,Disability,6,21,2,7,0.286,0.286
location_dimension,Evidence semantic gap,Dallas,Sexual orientation,11,21,1,7,0.524,0.143
location_dimension,Evidence semantic gap,Dallas,Gender identity,11,21,2,7,0.524,0.286
location_dimension,Evidence semantic gap,New York City,Race,8,21,4,7,0.381,0.571
location_dimension,Evidence semantic gap,New York City,Ethnicity,4,21,3,7,0.19,0.429
location_dimension,Evidence semantic gap,New York City,Gender,10,21,2,7,0.476,0.286
location_dimension,Evidence semantic gap,New York City,Disability,6,21,2,7,0.286,0.286
location_dimension,Evidence semantic gap,New York City,Sexual orientation,7,21,2,7,0.333,0.286
location_dimension,Evidence semantic gap,New York City,Gender identity,7,21,2,7,0.333,0.286
location_dimension,Evidence semantic gap,Los Angeles,Race,6,21,1,7,0.286,0.143
location_dimension,Evidence semantic gap,Los Angeles,Ethnicity,6,21,2,7,0.286,0.286
location_dimension,Evidence semantic gap,Los Angeles,Gender,5,21,3,7,0.238,0.429
location_dimension,Evidence semantic gap,Los Angeles,Disability,6,21,1,7,0.286,0.143
location_dimension,Evidence semantic gap,Los Angeles,Sexual orientation,5,21,1,7,0.238,0.143
location_dimension,Evidence semantic gap,Los Angeles,Gender identity,5,21,2,7,0.238,0.286
