representation,dimension,n_outcomes,mean_difference,median_difference,bootstrap_ci_low,bootstrap_ci_high,focal_mean,comparison_mean,p_signflip_raw,p_signflip_holm,significant_holm
normalized,Disability,21,0.07053366539970278,0.08125370740890502,0.03793194790681202,0.10110048379689927,0.2780408376739138,0.20750717227421112,0.00044997750112494374,0.0015999200039998,True
normalized,Ethnicity,21,0.047631864982938005,0.04042975107828776,0.030160607338424714,0.06606234297865914,0.3044313206559136,0.2567994556729756,0.00014999250037498125,0.0007499625018749063,True
normalized,Gender,21,0.016548584851007613,0.023979067802429217,-0.0109531695762324,0.04358147386284099,0.2246444892315638,0.20809590438055614,0.2710864456777161,0.5421728913554322,False
normalized,Gender Identity,21,0.1447295962818085,0.1556715567906697,0.10321980446340545,0.18599755780564411,0.4185970595904759,0.27386746330866735,9.99950002499875e-05,0.000599970001499925,True
normalized,Race,21,0.01218637161784702,0.010155538717905708,-0.010410857567238429,0.035187502914950965,0.28005774815877277,0.26787137654092574,0.32903354832258386,0.5421728913554322,False
normalized,Sexual Orientation,21,0.08971755182932294,0.1021545728047689,0.05024880485402214,0.1279555254157573,0.3958033195563725,0.30608576772704954,0.00039998000099995,0.0015999200039998,True
raw,Disability,21,0.08914957775010003,0.09586222966512044,0.059477358453330534,0.11566535443777126,0.3292625503880637,0.2401129726379637,4.999750012499375e-05,0.0002999850007499625,True
raw,Ethnicity,21,0.05904977662222726,0.05768396457036337,0.041285070433976154,0.07676538771816661,0.3158492417562575,0.2567994651340303,4.999750012499375e-05,0.0002999850007499625,True
raw,Gender,21,-0.008540351712514474,0.003169099489847819,-0.03721035799336811,0.021243657006157792,0.2746207236297547,0.28316107534226914,0.5796710164491775,0.5796710164491775,False
raw,Gender Identity,21,0.14853401742284258,0.13261079788208016,0.11646257718167607,0.182049216909541,0.45081111315696953,0.302277095734127,4.999750012499375e-05,0.0002999850007499625,True
raw,Race,21,0.014564764405053757,0.024452487627665196,-0.008048046687765728,0.038863431437621034,0.29095698017922655,0.27639221577417283,0.2503874806259687,0.5007749612519374,False
raw,Sexual Orientation,21,0.07823913437979561,0.08215792973836263,0.03968082717250263,0.11429565053374047,0.39766279619837563,0.31942366181857995,0.0010999450027498626,0.0032998350082495877,True
