location,dimension,encoder,metric,n_outcomes,mean_difference,median_difference,ci_low,ci_high
dallas,Disability,primary,answer_displacement,21,0.10289821170625232,0.1000516414642334,0.06271062997125443,0.14144698502052397
dallas,Ethnicity,primary,answer_displacement,21,0.05269351175853184,0.049706041812896784,0.02465379514864512,0.08026196424450194
dallas,Gender,primary,answer_displacement,21,0.04257867875553313,0.0355414152145386,-0.004955754074312387,0.09356094226241099
dallas,Gender Identity,primary,answer_displacement,21,0.1558595413253421,0.18033522367477417,0.10317280413139435,0.2077402560129052
dallas,Race,primary,answer_displacement,21,0.02522756088347661,0.028678059577941895,-0.006622311614808606,0.05796440037943066
dallas,Sexual Orientation,primary,answer_displacement,21,0.08525149737085615,0.08599871397018427,0.036533569473595845,0.13545171235288886
la,Disability,primary,answer_displacement,21,0.038294289793286994,0.057290434837341295,-0.03559757350456148,0.09918111342759357
la,Ethnicity,primary,answer_displacement,21,0.03335716185115632,0.03504323959350586,-0.010857364641768596,0.06951985025689716
la,Gender,primary,answer_displacement,21,0.040597120920817055,0.04777377843856809,0.01093864675079073,0.06969662443512963
la,Gender Identity,primary,answer_displacement,21,0.13047102519444057,0.15125292539596558,0.08230225390621597,0.17738028927927915
la,Race,primary,answer_displacement,21,0.00685849643888928,-0.0060018897056579035,-0.02903838242803302,0.04618796266260596
la,Sexual Orientation,primary,answer_displacement,21,0.0967149989945548,0.13393065333366394,0.02886421932351022,0.15571394367587
ny,Disability,primary,answer_displacement,21,0.07040849469956899,0.06248295307159421,0.02640059959320794,0.11589738201527366
ny,Ethnicity,primary,answer_displacement,21,0.05684492133912587,0.0523990392684936,0.0411018172190303,0.07498919055575415
ny,Gender,primary,answer_displacement,21,-0.03353004512332734,-0.006712436676025391,-0.0681488315264384,-0.0033351004123687703
ny,Gender Identity,primary,answer_displacement,21,0.1478582223256429,0.13592115044593817,0.10542189624337923,0.19256673150119322
ny,Race,primary,answer_displacement,21,0.004473057531175175,0.011132061481475802,-0.018400269143638143,0.02633948766049884
ny,Sexual Orientation,primary,answer_displacement,21,0.08718615912255788,0.06672370433807373,0.04530425742268564,0.13092851014364335
dallas,Disability,alternative,answer_displacement,21,0.06078704765864783,0.061084210872650105,0.04234165712481456,0.07869240797701335
dallas,Ethnicity,alternative,answer_displacement,21,0.015747569856189546,0.015396654605865506,0.003051983529613132,0.028667609038807117
dallas,Gender,alternative,answer_displacement,21,0.01557916402816772,0.016324877738952692,-0.00696029279913222,0.03874151713791348
dallas,Gender Identity,alternative,answer_displacement,21,0.04194281214759464,0.03890681266784668,0.018706194275901426,0.06961712744973952
dallas,Race,alternative,answer_displacement,21,0.018719051565442752,0.009237885475158691,-0.0007812038773582127,0.03883103742485952
dallas,Sexual Orientation,alternative,answer_displacement,21,0.046630882081531336,0.044563114643096896,0.01954908775431768,0.07431646223579133
la,Disability,alternative,answer_displacement,21,0.036761224269866936,0.0353099107742309,0.0017399295454933626,0.06773409389314196
la,Ethnicity,alternative,answer_displacement,21,0.004851068769182474,0.012139558792114202,-0.018711179920605253,0.02645115327267418
la,Gender,alternative,answer_displacement,21,0.024438508919307184,0.019029438495635986,0.004703819822697434,0.04576162000497184
la,Gender Identity,alternative,answer_displacement,21,0.03111187049320766,0.033309698104858426,0.011825658806732739,0.051225973594756335
la,Race,alternative,answer_displacement,21,0.0004981075014386752,-0.003294169902801597,-0.01549186415615539,0.017614806266058033
la,Sexual Orientation,alternative,answer_displacement,21,0.05130527700696675,0.0641828179359436,0.019292476276556655,0.0790105191724641
ny,Disability,alternative,answer_displacement,21,0.04391170683361234,0.04928076267242426,0.026459308891069296,0.060015424163568566
ny,Ethnicity,alternative,answer_displacement,21,0.017784788495018362,0.019247531890869085,0.0016572374673116711,0.034761898645332856
ny,Gender,alternative,answer_displacement,21,-0.006464186168852325,-0.003969252109527616,-0.019322051533630934,0.008211760010038082
ny,Gender Identity,alternative,answer_displacement,21,0.042629687559037004,0.027628719806671198,0.023397689561049165,0.06332179925271444
ny,Race,alternative,answer_displacement,21,-0.0024734196208772213,0.0014091134071349959,-0.019422253114836554,0.013913972604842399
ny,Sexual Orientation,alternative,answer_displacement,21,0.04849343924295336,0.03891801834106451,0.029671738119352434,0.06618540145102
,Disability,primary,answer_displacement,21,0.07053366539970278,0.08125370740890502,0.03805112401171336,0.10129638981251488
,Ethnicity,primary,answer_displacement,21,0.047631864982938005,0.04042975107828776,0.029570623711934165,0.06632484487361377
,Gender,primary,answer_displacement,21,0.016548584851007613,0.023979067802429217,-0.009293852285260256,0.04432961802397455
,Gender Identity,primary,answer_displacement,21,0.1447295962818085,0.1556715567906697,0.10435412438615922,0.18533915529648462
,Race,primary,answer_displacement,21,0.01218637161784702,0.010155538717905708,-0.011624322228488474,0.03582132129915176
,Sexual Orientation,primary,answer_displacement,21,0.08971755182932294,0.1021545728047689,0.0491762629104039,0.12752901411482265
,Disability,alternative,answer_displacement,21,0.04715332625404236,0.04429862896601361,0.031915609041849764,0.06226079515994541
,Ethnicity,alternative,answer_displacement,21,0.012794475706796794,0.01325140396753946,0.001338970353679054,0.02530727301325116
,Gender,alternative,answer_displacement,21,0.011184495592874192,0.015236814816792807,-0.0045444863892737,0.02628310301474162
,Gender Identity,alternative,answer_displacement,21,0.038561456733279764,0.02272580067316693,0.021081747303879458,0.06011484054818986
,Race,alternative,answer_displacement,21,0.005581246482001405,0.0034831762313842587,-0.006856669249042653,0.018231569443430202
,Sexual Orientation,alternative,answer_displacement,21,0.04880986611048382,0.042228579521179165,0.029989987446202165,0.06715384326756943
dallas,Disability,primary,evidence_alignment,6,0.005765127627149462,0.0168443058218275,-0.020500369961299596,0.030161426677590326
dallas,Ethnicity,primary,evidence_alignment,7,-0.010025111002986944,-0.0005497286717096594,-0.045150658934294804,0.023478686931181936
dallas,Gender,primary,evidence_alignment,6,-0.03860203676201679,-0.06145368317763006,-0.08318665060732099,0.013509925482449706
dallas,Gender Identity,primary,evidence_alignment,11,0.016547421716563163,0.013867503404617287,-0.012724340465601522,0.04628031399117146
dallas,Race,primary,evidence_alignment,6,0.04876607477113054,0.0477069550090366,0.018089776296937272,0.08024314660874626
dallas,Sexual Orientation,primary,evidence_alignment,11,0.08973081691827609,0.08852223157882688,0.06589113327025463,0.11577300640814876
la,Disability,primary,evidence_alignment,6,0.032084201560133994,0.03617634134633202,-0.003898945947488149,0.06344529489676158
la,Ethnicity,primary,evidence_alignment,6,-0.00597218048004879,-0.005028597513834665,-0.03758478107906523,0.02564042011896765
la,Gender,primary,evidence_alignment,5,-0.07051512950942629,-0.06709903180599208,-0.08827429314454394,-0.05359232195786068
la,Gender Identity,primary,evidence_alignment,5,0.02737199669792536,0.003988291819890355,-0.012371811355863339,0.06711580475171405
la,Race,primary,evidence_alignment,6,0.011491996930941698,0.008886872019086556,-0.03928804853798026,0.05730033460117523
la,Sexual Orientation,primary,evidence_alignment,5,0.1485694648077091,0.1245728810628256,0.05483900437752405,0.280219895914197
ny,Disability,primary,evidence_alignment,6,0.001678681420901477,-0.01808941215276716,-0.039631268130763175,0.0446670365475473
ny,Ethnicity,primary,evidence_alignment,4,0.023358306517967803,0.028810723622639922,-9.793868431676178e-05,0.04667565027872722
ny,Gender,primary,evidence_alignment,10,-0.020073206446000514,-0.026046745479106903,-0.04822636359859082,0.01075949880675899
ny,Gender Identity,primary,evidence_alignment,7,0.028671886391785688,0.03291795722075874,-0.017847401032946544,0.06326423223191649
ny,Race,primary,evidence_alignment,8,0.04677867121714964,0.05103149442445665,0.028500219320537062,0.06373604524316209
ny,Sexual Orientation,primary,evidence_alignment,7,0.09786111518010279,0.10078560028757366,0.06398708651395613,0.13201714796185512
dallas,Disability,alternative,evidence_alignment,6,7.923136627861298e-05,0.00040619465566815727,-0.010749039526969687,0.010264834335872108
dallas,Ethnicity,alternative,evidence_alignment,7,0.0017674888883318124,0.006681869427363041,-0.01149859164847806,0.01546641776553625
dallas,Gender,alternative,evidence_alignment,6,-0.02501184587125425,-0.02950449287891388,-0.04760033190250398,-0.0013459402102011426
dallas,Gender Identity,alternative,evidence_alignment,11,0.02000428093600959,0.025957389175891854,-0.004070316760521112,0.04388708588071623
dallas,Race,alternative,evidence_alignment,6,-0.0014059781318619031,0.005951020452711342,-0.01780568181522309,0.01378359247452369
dallas,Sexual Orientation,alternative,evidence_alignment,11,0.05391828575820635,0.03616307973861699,0.033056476456133334,0.07625653929750385
la,Disability,alternative,evidence_alignment,6,0.027944852388094337,0.03229953717617762,0.010334458852571116,0.0432572405016611
la,Ethnicity,alternative,evidence_alignment,6,-0.005820353234571122,-0.006636962010746927,-0.02262129518720842,0.011135989427566514
la,Gender,alternative,evidence_alignment,5,-0.017824341456095395,-0.017086104268119517,-0.04687620236760097,0.011227519455410184
la,Gender Identity,alternative,evidence_alignment,5,0.03225286216962906,0.04662089901311062,-0.00789773027102154,0.06949979705469951
la,Race,alternative,evidence_alignment,6,0.01463807584747436,0.013640486484482184,-0.020708947380383813,0.04572865939329542
la,Sexual Orientation,alternative,evidence_alignment,5,0.10918421288331348,0.09660209417343135,0.058923586805661475,0.17370748778184256
ny,Disability,alternative,evidence_alignment,6,-0.011323955465876853,0.0015369574228922822,-0.033362973398632444,0.009562753022663184
ny,Ethnicity,alternative,evidence_alignment,4,0.012646848083415735,0.010516718412056925,-0.010171952461585032,0.0354656486284165
ny,Gender,alternative,evidence_alignment,10,-0.007560326941902673,-0.005267974876222159,-0.021622428302963573,0.006801059932935802
ny,Gender Identity,alternative,evidence_alignment,7,0.019075058441178343,0.02931765715281176,-0.012353665782075354,0.05092189448152811
ny,Race,alternative,evidence_alignment,8,0.0059891577595024975,0.005183180338806548,-0.0035498931944843437,0.017110624545768508
ny,Sexual Orientation,alternative,evidence_alignment,7,0.0746344604888616,0.0641022145748138,0.06049793000290287,0.0900205126617376
,Disability,primary,evidence_alignment,12,0.00765480026602746,0.023028761042015927,-0.015724053821629946,0.03010306612470197
,Ethnicity,primary,evidence_alignment,11,-0.0013631718952524423,-0.0005497286717096594,-0.02902366171506321,0.025242927722514547
,Gender,primary,evidence_alignment,14,-0.04191144671338981,-0.0430421729882558,-0.06561490572720782,-0.014333935579684886
,Gender Identity,primary,evidence_alignment,13,0.02337708110733043,0.01645229709526852,0.0011061409589464338,0.04424103848227397
,Race,primary,evidence_alignment,13,0.04093831104076204,0.029115575339112982,0.021195264042876454,0.06134652703721769
,Sexual Orientation,primary,evidence_alignment,13,0.09542301477273242,0.09471699744462969,0.07084509852118288,0.12428675036080601
,Disability,alternative,evidence_alignment,12,0.002305445287908816,0.007945600364889394,-0.010858038349678275,0.013366918510032988
,Ethnicity,alternative,evidence_alignment,11,0.000842572651404046,0.0033455051781930236,-0.010717602048529458,0.012983880440195588
,Gender,alternative,evidence_alignment,14,-0.01782266677090461,-0.01851941120056877,-0.03108647513923462,-0.003827099537382574
,Gender Identity,alternative,evidence_alignment,13,0.01914131069126452,0.02999944736560184,-0.0015789569470026782,0.03892704002030307
,Race,alternative,evidence_alignment,13,0.010411858387462624,0.007942660791533348,-0.004640436018052663,0.025936910818204914
,Sexual Orientation,alternative,evidence_alignment,13,0.06118522322201961,0.05445585902939498,0.043816978728409714,0.08159813889647739
