dimension,condition,group,domain,outcome,outcome_id,file,generic_file,n_links_raw,generic_n_links_raw,n_unique_urls,generic_n_unique_urls,n_unique_domains,generic_n_unique_domains,url_shared_n,url_union_n,url_jaccard_similarity,url_jaccard_distance,url_explicit_coverage,url_generic_coverage,domain_shared_n,domain_union_n,domain_jaccard_similarity,domain_jaccard_distance,domain_explicit_coverage,domain_generic_coverage,host_jaccard_similarity,host_jaccard_distance
Race,minority,Black people,Credit & Financial Services,Credit score,Credit & Financial Services :: Credit score,black_people/credit_and_financial_services__credit_score.txt,people/credit_and_financial_services__credit_score.txt,10,8,10,8,10,6,0,18,0.0,1.0,0.0,0.0,0,16,0.0,1.0,0.0,0.0,0.0,1.0
Race,minority,Black people,Criminal Justice,Police-initiated contact,Criminal Justice :: Police-initiated contact,black_people/criminal_justice__police_initiated_contact.txt,people/criminal_justice__police_initiated_contact.txt,8,7,8,7,5,4,1,14,0.07142857142857142,0.9285714285714286,0.125,0.14285714285714285,1,8,0.125,0.875,0.2,0.25,0.125,0.875
Race,minority,Black people,Education,Completion/graduation,Education :: Completion/graduation,black_people/education__completion_graduation.txt,people/education__completion_graduation.txt,11,10,11,10,10,10,0,21,0.0,1.0,0.0,0.0,0,20,0.0,1.0,0.0,0.0,0.0,1.0
Race,minority,Black people,Employment,Employment benefits,Employment :: Employment benefits,black_people/employment__employment_benefits.txt,people/employment__employment_benefits.txt,7,6,7,6,7,6,0,13,0.0,1.0,0.0,0.0,0,13,0.0,1.0,0.0,0.0,0.0,1.0
Race,minority,Black people,Government Benefits,Administrative burden,Government Benefits :: Administrative burden,black_people/government_benefits__administrative_burden.txt,people/government_benefits__administrative_burden.txt,11,10,11,10,8,9,2,19,0.10526315789473684,0.8947368421052632,0.18181818181818182,0.2,5,12,0.4166666666666667,0.5833333333333333,0.625,0.5555555555555556,0.4166666666666667,0.5833333333333333
Race,minority,Black people,Healthcare,Person-centered care,Healthcare :: Person-centered care,black_people/healthcare__person_centered_care.txt,people/healthcare__person_centered_care.txt,10,10,10,10,7,5,0,20,0.0,1.0,0.0,0.0,1,11,0.09090909090909091,0.9090909090909091,0.14285714285714285,0.2,0.09090909090909091,0.9090909090909091
Race,minority,Black people,Housing,Neighborhood quality,Housing :: Neighborhood quality,black_people/housing__neighborhood_quality.txt,people/housing__neighborhood_quality.txt,9,11,9,11,8,10,0,20,0.0,1.0,0.0,0.0,0,18,0.0,1.0,0.0,0.0,0.0,1.0
Race,majority,White people,Credit & Financial Services,Credit score,Credit & Financial Services :: Credit score,white_people/credit_and_financial_services__credit_score.txt,people/credit_and_financial_services__credit_score.txt,6,8,6,8,6,6,0,14,0.0,1.0,0.0,0.0,0,12,0.0,1.0,0.0,0.0,0.0,1.0
Race,majority,White people,Criminal Justice,Police-initiated contact,Criminal Justice :: Police-initiated contact,white_people/criminal_justice__police_initiated_contact.txt,people/criminal_justice__police_initiated_contact.txt,3,7,3,7,3,4,0,10,0.0,1.0,0.0,0.0,1,6,0.16666666666666666,0.8333333333333334,0.3333333333333333,0.25,0.16666666666666666,0.8333333333333334
Race,majority,White people,Education,Completion/graduation,Education :: Completion/graduation,white_people/education__completion_graduation.txt,people/education__completion_graduation.txt,7,10,7,10,7,10,0,17,0.0,1.0,0.0,0.0,0,17,0.0,1.0,0.0,0.0,0.0,1.0
Race,majority,White people,Employment,Employment benefits,Employment :: Employment benefits,white_people/employment__employment_benefits.txt,people/employment__employment_benefits.txt,4,6,4,6,4,6,0,10,0.0,1.0,0.0,0.0,0,10,0.0,1.0,0.0,0.0,0.0,1.0
Race,majority,White people,Government Benefits,Administrative burden,Government Benefits :: Administrative burden,white_people/government_benefits__administrative_burden.txt,people/government_benefits__administrative_burden.txt,5,10,5,10,5,9,2,13,0.15384615384615385,0.8461538461538461,0.4,0.2,2,12,0.16666666666666666,0.8333333333333334,0.4,0.2222222222222222,0.16666666666666666,0.8333333333333334
Race,majority,White people,Healthcare,Person-centered care,Healthcare :: Person-centered care,white_people/healthcare__person_centered_care.txt,people/healthcare__person_centered_care.txt,6,10,6,10,2,5,0,16,0.0,1.0,0.0,0.0,1,6,0.16666666666666666,0.8333333333333334,0.5,0.2,0.14285714285714285,0.8571428571428572
Race,majority,White people,Housing,Neighborhood quality,Housing :: Neighborhood quality,white_people/housing__neighborhood_quality.txt,people/housing__neighborhood_quality.txt,4,11,4,11,3,10,0,15,0.0,1.0,0.0,0.0,1,12,0.08333333333333333,0.9166666666666666,0.3333333333333333,0.1,0.08333333333333333,0.9166666666666666
Ethnicity,minority,Latino people,Credit & Financial Services,Credit score,Credit & Financial Services :: Credit score,latino_people/credit_and_financial_services__credit_score.txt,people/credit_and_financial_services__credit_score.txt,9,8,9,8,9,6,0,17,0.0,1.0,0.0,0.0,1,14,0.07142857142857142,0.9285714285714286,0.1111111111111111,0.16666666666666666,0.07142857142857142,0.9285714285714286
Ethnicity,minority,Latino people,Criminal Justice,Police-initiated contact,Criminal Justice :: Police-initiated contact,latino_people/criminal_justice__police_initiated_contact.txt,people/criminal_justice__police_initiated_contact.txt,7,7,7,7,7,4,0,14,0.0,1.0,0.0,0.0,0,11,0.0,1.0,0.0,0.0,0.0,1.0
Ethnicity,minority,Latino people,Education,Completion/graduation,Education :: Completion/graduation,latino_people/education__completion_graduation.txt,people/education__completion_graduation.txt,10,10,10,10,10,10,0,20,0.0,1.0,0.0,0.0,0,20,0.0,1.0,0.0,0.0,0.0,1.0
Ethnicity,minority,Latino people,Employment,Employment benefits,Employment :: Employment benefits,latino_people/employment__employment_benefits.txt,people/employment__employment_benefits.txt,11,6,11,6,11,6,0,17,0.0,1.0,0.0,0.0,0,17,0.0,1.0,0.0,0.0,0.0,1.0
Ethnicity,minority,Latino people,Government Benefits,Administrative burden,Government Benefits :: Administrative burden,latino_people/government_benefits__administrative_burden.txt,people/government_benefits__administrative_burden.txt,4,10,4,10,4,9,1,13,0.07692307692307693,0.9230769230769231,0.25,0.1,2,11,0.18181818181818182,0.8181818181818181,0.5,0.2222222222222222,0.18181818181818182,0.8181818181818181
Ethnicity,minority,Latino people,Healthcare,Person-centered care,Healthcare :: Person-centered care,latino_people/healthcare__person_centered_care.txt,people/healthcare__person_centered_care.txt,10,10,10,10,7,5,0,20,0.0,1.0,0.0,0.0,1,11,0.09090909090909091,0.9090909090909091,0.14285714285714285,0.2,0.09090909090909091,0.9090909090909091
Ethnicity,minority,Latino people,Housing,Neighborhood quality,Housing :: Neighborhood quality,latino_people/housing__neighborhood_quality.txt,people/housing__neighborhood_quality.txt,11,11,11,11,10,10,0,22,0.0,1.0,0.0,0.0,1,19,0.05263157894736842,0.9473684210526316,0.1,0.1,0.05,0.95
Ethnicity,majority,non-Latino people,Credit & Financial Services,Credit score,Credit & Financial Services :: Credit score,non_latino_people/credit_and_financial_services__credit_score.txt,people/credit_and_financial_services__credit_score.txt,5,8,5,8,5,6,1,12,0.08333333333333333,0.9166666666666666,0.2,0.125,1,10,0.1,0.9,0.2,0.16666666666666666,0.1,0.9
Ethnicity,majority,non-Latino people,Criminal Justice,Police-initiated contact,Criminal Justice :: Police-initiated contact,non_latino_people/criminal_justice__police_initiated_contact.txt,people/criminal_justice__police_initiated_contact.txt,4,7,4,7,3,4,1,10,0.1,0.9,0.25,0.14285714285714285,2,5,0.4,0.6,0.6666666666666666,0.5,0.3333333333333333,0.6666666666666667
Ethnicity,majority,non-Latino people,Education,Completion/graduation,Education :: Completion/graduation,non_latino_people/education__completion_graduation.txt,people/education__completion_graduation.txt,6,10,6,10,5,10,0,16,0.0,1.0,0.0,0.0,0,15,0.0,1.0,0.0,0.0,0.0,1.0
Ethnicity,majority,non-Latino people,Employment,Employment benefits,Employment :: Employment benefits,non_latino_people/employment__employment_benefits.txt,people/employment__employment_benefits.txt,4,6,4,6,3,6,0,10,0.0,1.0,0.0,0.0,0,9,0.0,1.0,0.0,0.0,0.0,1.0
Ethnicity,majority,non-Latino people,Government Benefits,Administrative burden,Government Benefits :: Administrative burden,non_latino_people/government_benefits__administrative_burden.txt,people/government_benefits__administrative_burden.txt,6,10,6,10,6,9,0,16,0.0,1.0,0.0,0.0,2,13,0.15384615384615385,0.8461538461538461,0.3333333333333333,0.2222222222222222,0.15384615384615385,0.8461538461538461
Ethnicity,majority,non-Latino people,Healthcare,Person-centered care,Healthcare :: Person-centered care,non_latino_people/healthcare__person_centered_care.txt,people/healthcare__person_centered_care.txt,8,10,8,10,4,5,0,18,0.0,1.0,0.0,0.0,2,7,0.2857142857142857,0.7142857142857143,0.5,0.4,0.2857142857142857,0.7142857142857143
Ethnicity,majority,non-Latino people,Housing,Neighborhood quality,Housing :: Neighborhood quality,non_latino_people/housing__neighborhood_quality.txt,people/housing__neighborhood_quality.txt,17,11,16,11,12,10,0,27,0.0,1.0,0.0,0.0,2,20,0.1,0.9,0.16666666666666666,0.2,0.09523809523809523,0.9047619047619048
Gender,minority,Women,Credit & Financial Services,Credit score,Credit & Financial Services :: Credit score,women/credit_and_financial_services__credit_score.txt,people/credit_and_financial_services__credit_score.txt,10,8,10,8,8,6,4,14,0.2857142857142857,0.7142857142857143,0.4,0.5,3,11,0.2727272727272727,0.7272727272727273,0.375,0.5,0.2727272727272727,0.7272727272727273
Gender,minority,Women,Criminal Justice,Police-initiated contact,Criminal Justice :: Police-initiated contact,women/criminal_justice__police_initiated_contact.txt,people/criminal_justice__police_initiated_contact.txt,6,7,6,7,5,4,1,12,0.08333333333333333,0.9166666666666666,0.16666666666666666,0.14285714285714285,1,8,0.125,0.875,0.2,0.25,0.125,0.875
Gender,minority,Women,Education,Completion/graduation,Education :: Completion/graduation,women/education__completion_graduation.txt,people/education__completion_graduation.txt,8,10,8,10,7,10,2,16,0.125,0.875,0.25,0.2,2,15,0.13333333333333333,0.8666666666666667,0.2857142857142857,0.2,0.13333333333333333,0.8666666666666667
Gender,minority,Women,Employment,Employment benefits,Employment :: Employment benefits,women/employment__employment_benefits.txt,people/employment__employment_benefits.txt,7,6,7,6,7,6,0,13,0.0,1.0,0.0,0.0,0,13,0.0,1.0,0.0,0.0,0.0,1.0
Gender,minority,Women,Government Benefits,Administrative burden,Government Benefits :: Administrative burden,women/government_benefits__administrative_burden.txt,people/government_benefits__administrative_burden.txt,11,10,11,10,8,9,5,16,0.3125,0.6875,0.45454545454545453,0.5,5,12,0.4166666666666667,0.5833333333333333,0.625,0.5555555555555556,0.4166666666666667,0.5833333333333333
Gender,minority,Women,Healthcare,Person-centered care,Healthcare :: Person-centered care,women/healthcare__person_centered_care.txt,people/healthcare__person_centered_care.txt,13,10,13,10,6,5,1,22,0.045454545454545456,0.9545454545454546,0.07692307692307693,0.1,2,9,0.2222222222222222,0.7777777777777778,0.3333333333333333,0.4,0.2,0.8
Gender,minority,Women,Housing,Neighborhood quality,Housing :: Neighborhood quality,women/housing__neighborhood_quality.txt,people/housing__neighborhood_quality.txt,10,11,10,11,7,10,1,20,0.05,0.95,0.1,0.09090909090909091,3,14,0.21428571428571427,0.7857142857142857,0.42857142857142855,0.3,0.21428571428571427,0.7857142857142857
Gender,majority,Men,Credit & Financial Services,Credit score,Credit & Financial Services :: Credit score,men/credit_and_financial_services__credit_score.txt,people/credit_and_financial_services__credit_score.txt,8,8,8,8,7,6,3,13,0.23076923076923078,0.7692307692307692,0.375,0.375,2,11,0.18181818181818182,0.8181818181818181,0.2857142857142857,0.3333333333333333,0.18181818181818182,0.8181818181818181
Gender,majority,Men,Criminal Justice,Police-initiated contact,Criminal Justice :: Police-initiated contact,men/criminal_justice__police_initiated_contact.txt,people/criminal_justice__police_initiated_contact.txt,7,7,7,7,4,4,3,11,0.2727272727272727,0.7272727272727273,0.42857142857142855,0.42857142857142855,2,6,0.3333333333333333,0.6666666666666667,0.5,0.5,0.2857142857142857,0.7142857142857143
Gender,majority,Men,Education,Completion/graduation,Education :: Completion/graduation,men/education__completion_graduation.txt,people/education__completion_graduation.txt,9,10,9,10,8,10,1,18,0.05555555555555555,0.9444444444444444,0.1111111111111111,0.1,1,17,0.058823529411764705,0.9411764705882353,0.125,0.1,0.058823529411764705,0.9411764705882353
Gender,majority,Men,Employment,Employment benefits,Employment :: Employment benefits,men/employment__employment_benefits.txt,people/employment__employment_benefits.txt,10,6,10,6,10,6,0,16,0.0,1.0,0.0,0.0,2,14,0.14285714285714285,0.8571428571428572,0.2,0.3333333333333333,0.06666666666666667,0.9333333333333333
Gender,majority,Men,Government Benefits,Administrative burden,Government Benefits :: Administrative burden,men/government_benefits__administrative_burden.txt,people/government_benefits__administrative_burden.txt,6,10,6,10,5,9,5,11,0.45454545454545453,0.5454545454545454,0.8333333333333334,0.5,5,9,0.5555555555555556,0.4444444444444444,1.0,0.5555555555555556,0.5555555555555556,0.4444444444444444
Gender,majority,Men,Healthcare,Person-centered care,Healthcare :: Person-centered care,men/healthcare__person_centered_care.txt,people/healthcare__person_centered_care.txt,4,10,4,10,2,5,2,12,0.16666666666666666,0.8333333333333334,0.5,0.2,2,5,0.4,0.6,1.0,0.4,0.4,0.6
Gender,majority,Men,Housing,Neighborhood quality,Housing :: Neighborhood quality,men/housing__neighborhood_quality.txt,people/housing__neighborhood_quality.txt,11,11,11,11,9,10,8,14,0.5714285714285714,0.4285714285714286,0.7272727272727273,0.7272727272727273,7,12,0.5833333333333334,0.41666666666666663,0.7777777777777778,0.7,0.5833333333333334,0.41666666666666663
Disability,minority,People with disabilities,Credit & Financial Services,Credit score,Credit & Financial Services :: Credit score,people_with_disabilities/credit_and_financial_services__credit_score.txt,people/credit_and_financial_services__credit_score.txt,8,8,8,8,7,6,0,16,0.0,1.0,0.0,0.0,1,12,0.08333333333333333,0.9166666666666666,0.14285714285714285,0.16666666666666666,0.08333333333333333,0.9166666666666666
Disability,minority,People with disabilities,Criminal Justice,Police-initiated contact,Criminal Justice :: Police-initiated contact,people_with_disabilities/criminal_justice__police_initiated_contact.txt,people/criminal_justice__police_initiated_contact.txt,20,7,20,7,16,4,1,26,0.038461538461538464,0.9615384615384616,0.05,0.14285714285714285,2,18,0.1111111111111111,0.8888888888888888,0.125,0.5,0.05,0.95
Disability,minority,People with disabilities,Education,Completion/graduation,Education :: Completion/graduation,people_with_disabilities/education__completion_graduation.txt,people/education__completion_graduation.txt,9,10,9,10,7,10,0,19,0.0,1.0,0.0,0.0,0,17,0.0,1.0,0.0,0.0,0.0,1.0
Disability,minority,People with disabilities,Employment,Employment benefits,Employment :: Employment benefits,people_with_disabilities/employment__employment_benefits.txt,people/employment__employment_benefits.txt,4,6,4,6,4,6,0,10,0.0,1.0,0.0,0.0,0,10,0.0,1.0,0.0,0.0,0.0,1.0
Disability,minority,People with disabilities,Government Benefits,Administrative burden,Government Benefits :: Administrative burden,people_with_disabilities/government_benefits__administrative_burden.txt,people/government_benefits__administrative_burden.txt,8,10,8,10,8,9,1,17,0.058823529411764705,0.9411764705882353,0.125,0.1,2,15,0.13333333333333333,0.8666666666666667,0.25,0.2222222222222222,0.13333333333333333,0.8666666666666667
Disability,minority,People with disabilities,Healthcare,Person-centered care,Healthcare :: Person-centered care,people_with_disabilities/healthcare__person_centered_care.txt,people/healthcare__person_centered_care.txt,11,10,11,10,6,5,0,21,0.0,1.0,0.0,0.0,1,10,0.1,0.9,0.16666666666666666,0.2,0.1,0.9
Disability,minority,People with disabilities,Housing,Neighborhood quality,Housing :: Neighborhood quality,people_with_disabilities/housing__neighborhood_quality.txt,people/housing__neighborhood_quality.txt,10,11,10,11,8,10,1,20,0.05,0.95,0.1,0.09090909090909091,4,14,0.2857142857142857,0.7142857142857143,0.5,0.4,0.2857142857142857,0.7142857142857143
Disability,majority,People without disabilities,Credit & Financial Services,Credit score,Credit & Financial Services :: Credit score,people_without_disabilities/credit_and_financial_services__credit_score.txt,people/credit_and_financial_services__credit_score.txt,7,8,7,8,6,6,2,13,0.15384615384615385,0.8461538461538461,0.2857142857142857,0.25,2,10,0.2,0.8,0.3333333333333333,0.3333333333333333,0.2,0.8
Disability,majority,People without disabilities,Criminal Justice,Police-initiated contact,Criminal Justice :: Police-initiated contact,people_without_disabilities/criminal_justice__police_initiated_contact.txt,people/criminal_justice__police_initiated_contact.txt,12,7,12,7,11,4,1,18,0.05555555555555555,0.9444444444444444,0.08333333333333333,0.14285714285714285,2,13,0.15384615384615385,0.8461538461538461,0.18181818181818182,0.5,0.15384615384615385,0.8461538461538461
Disability,majority,People without disabilities,Education,Completion/graduation,Education :: Completion/graduation,people_without_disabilities/education__completion_graduation.txt,people/education__completion_graduation.txt,6,10,6,10,4,10,0,16,0.0,1.0,0.0,0.0,0,14,0.0,1.0,0.0,0.0,0.0,1.0
Disability,majority,People without disabilities,Employment,Employment benefits,Employment :: Employment benefits,people_without_disabilities/employment__employment_benefits.txt,people/employment__employment_benefits.txt,0,6,0,6,0,6,0,6,0.0,1.0,,0.0,0,6,0.0,1.0,,0.0,0.0,1.0
Disability,majority,People without disabilities,Government Benefits,Administrative burden,Government Benefits :: Administrative burden,people_without_disabilities/government_benefits__administrative_burden.txt,people/government_benefits__administrative_burden.txt,7,10,7,10,6,9,3,14,0.21428571428571427,0.7857142857142857,0.42857142857142855,0.3,4,11,0.36363636363636365,0.6363636363636364,0.6666666666666666,0.4444444444444444,0.36363636363636365,0.6363636363636364
Disability,majority,People without disabilities,Healthcare,Person-centered care,Healthcare :: Person-centered care,people_without_disabilities/healthcare__person_centered_care.txt,people/healthcare__person_centered_care.txt,8,10,8,10,2,5,3,15,0.2,0.8,0.375,0.3,1,6,0.16666666666666666,0.8333333333333334,0.5,0.2,0.16666666666666666,0.8333333333333334
Disability,majority,People without disabilities,Housing,Neighborhood quality,Housing :: Neighborhood quality,people_without_disabilities/housing__neighborhood_quality.txt,people/housing__neighborhood_quality.txt,5,11,5,11,4,10,3,13,0.23076923076923078,0.7692307692307692,0.6,0.2727272727272727,3,11,0.2727272727272727,0.7272727272727273,0.75,0.3,0.2727272727272727,0.7272727272727273
Sexual Orientation,minority,homosexual people,Credit & Financial Services,Credit score,Credit & Financial Services :: Credit score,homosexual_people/credit_and_financial_services__credit_score.txt,people/credit_and_financial_services__credit_score.txt,5,8,5,8,5,6,1,12,0.08333333333333333,0.9166666666666666,0.2,0.125,1,10,0.1,0.9,0.2,0.16666666666666666,0.1,0.9
Sexual Orientation,minority,homosexual people,Criminal Justice,Police-initiated contact,Criminal Justice :: Police-initiated contact,homosexual_people/criminal_justice__police_initiated_contact.txt,people/criminal_justice__police_initiated_contact.txt,8,7,8,7,8,4,0,15,0.0,1.0,0.0,0.0,1,11,0.09090909090909091,0.9090909090909091,0.125,0.25,0.09090909090909091,0.9090909090909091
Sexual Orientation,minority,homosexual people,Education,Completion/graduation,Education :: Completion/graduation,homosexual_people/education__completion_graduation.txt,people/education__completion_graduation.txt,10,10,10,10,9,10,0,20,0.0,1.0,0.0,0.0,0,19,0.0,1.0,0.0,0.0,0.0,1.0
Sexual Orientation,minority,homosexual people,Employment,Employment benefits,Employment :: Employment benefits,homosexual_people/employment__employment_benefits.txt,people/employment__employment_benefits.txt,9,6,9,6,8,6,0,15,0.0,1.0,0.0,0.0,0,14,0.0,1.0,0.0,0.0,0.0,1.0
Sexual Orientation,minority,homosexual people,Government Benefits,Administrative burden,Government Benefits :: Administrative burden,homosexual_people/government_benefits__administrative_burden.txt,people/government_benefits__administrative_burden.txt,4,10,4,10,4,9,0,14,0.0,1.0,0.0,0.0,2,11,0.18181818181818182,0.8181818181818181,0.5,0.2222222222222222,0.18181818181818182,0.8181818181818181
Sexual Orientation,minority,homosexual people,Healthcare,Person-centered care,Healthcare :: Person-centered care,homosexual_people/healthcare__person_centered_care.txt,people/healthcare__person_centered_care.txt,9,10,9,10,7,5,0,19,0.0,1.0,0.0,0.0,1,11,0.09090909090909091,0.9090909090909091,0.14285714285714285,0.2,0.07692307692307693,0.9230769230769231
Sexual Orientation,minority,homosexual people,Housing,Neighborhood quality,Housing :: Neighborhood quality,homosexual_people/housing__neighborhood_quality.txt,people/housing__neighborhood_quality.txt,17,11,14,11,13,10,0,25,0.0,1.0,0.0,0.0,2,21,0.09523809523809523,0.9047619047619048,0.15384615384615385,0.2,0.09523809523809523,0.9047619047619048
Sexual Orientation,majority,heterosexual people,Credit & Financial Services,Credit score,Credit & Financial Services :: Credit score,heterosexual_people/credit_and_financial_services__credit_score.txt,people/credit_and_financial_services__credit_score.txt,3,8,3,8,2,6,2,9,0.2222222222222222,0.7777777777777778,0.6666666666666666,0.25,1,7,0.14285714285714285,0.8571428571428572,0.5,0.16666666666666666,0.14285714285714285,0.8571428571428572
Sexual Orientation,majority,heterosexual people,Criminal Justice,Police-initiated contact,Criminal Justice :: Police-initiated contact,heterosexual_people/criminal_justice__police_initiated_contact.txt,people/criminal_justice__police_initiated_contact.txt,8,7,8,7,4,4,1,14,0.07142857142857142,0.9285714285714286,0.125,0.14285714285714285,2,6,0.3333333333333333,0.6666666666666667,0.5,0.5,0.3333333333333333,0.6666666666666667
Sexual Orientation,majority,heterosexual people,Education,Completion/graduation,Education :: Completion/graduation,heterosexual_people/education__completion_graduation.txt,people/education__completion_graduation.txt,12,10,12,10,10,10,0,22,0.0,1.0,0.0,0.0,0,20,0.0,1.0,0.0,0.0,0.0,1.0
Sexual Orientation,majority,heterosexual people,Employment,Employment benefits,Employment :: Employment benefits,heterosexual_people/employment__employment_benefits.txt,people/employment__employment_benefits.txt,7,6,7,6,6,6,0,13,0.0,1.0,0.0,0.0,0,12,0.0,1.0,0.0,0.0,0.0,1.0
Sexual Orientation,majority,heterosexual people,Government Benefits,Administrative burden,Government Benefits :: Administrative burden,heterosexual_people/government_benefits__administrative_burden.txt,people/government_benefits__administrative_burden.txt,10,10,10,10,10,9,3,17,0.17647058823529413,0.8235294117647058,0.3,0.3,4,15,0.26666666666666666,0.7333333333333334,0.4,0.4444444444444444,0.26666666666666666,0.7333333333333334
Sexual Orientation,majority,heterosexual people,Healthcare,Person-centered care,Healthcare :: Person-centered care,heterosexual_people/healthcare__person_centered_care.txt,people/healthcare__person_centered_care.txt,5,10,5,10,1,5,0,15,0.0,1.0,0.0,0.0,1,5,0.2,0.8,1.0,0.2,0.2,0.8
Sexual Orientation,majority,heterosexual people,Housing,Neighborhood quality,Housing :: Neighborhood quality,heterosexual_people/housing__neighborhood_quality.txt,people/housing__neighborhood_quality.txt,0,11,0,11,0,10,0,11,0.0,1.0,,0.0,0,10,0.0,1.0,,0.0,0.0,1.0
Gender Identity,minority,transgender people,Credit & Financial Services,Credit score,Credit & Financial Services :: Credit score,transgender_people/credit_and_financial_services__credit_score.txt,people/credit_and_financial_services__credit_score.txt,7,8,7,8,6,6,0,15,0.0,1.0,0.0,0.0,1,11,0.09090909090909091,0.9090909090909091,0.16666666666666666,0.16666666666666666,0.09090909090909091,0.9090909090909091
Gender Identity,minority,transgender people,Criminal Justice,Police-initiated contact,Criminal Justice :: Police-initiated contact,transgender_people/criminal_justice__police_initiated_contact.txt,people/criminal_justice__police_initiated_contact.txt,9,7,9,7,9,4,0,16,0.0,1.0,0.0,0.0,1,12,0.08333333333333333,0.9166666666666666,0.1111111111111111,0.25,0.08333333333333333,0.9166666666666666
Gender Identity,minority,transgender people,Education,Completion/graduation,Education :: Completion/graduation,transgender_people/education__completion_graduation.txt,people/education__completion_graduation.txt,10,10,10,10,5,10,0,20,0.0,1.0,0.0,0.0,0,15,0.0,1.0,0.0,0.0,0.0,1.0
Gender Identity,minority,transgender people,Employment,Employment benefits,Employment :: Employment benefits,transgender_people/employment__employment_benefits.txt,people/employment__employment_benefits.txt,8,6,8,6,7,6,0,14,0.0,1.0,0.0,0.0,0,13,0.0,1.0,0.0,0.0,0.0,1.0
Gender Identity,minority,transgender people,Government Benefits,Administrative burden,Government Benefits :: Administrative burden,transgender_people/government_benefits__administrative_burden.txt,people/government_benefits__administrative_burden.txt,10,10,10,10,6,9,0,20,0.0,1.0,0.0,0.0,3,12,0.25,0.75,0.5,0.3333333333333333,0.23076923076923078,0.7692307692307692
Gender Identity,minority,transgender people,Healthcare,Person-centered care,Healthcare :: Person-centered care,transgender_people/healthcare__person_centered_care.txt,people/healthcare__person_centered_care.txt,11,10,11,10,6,5,0,21,0.0,1.0,0.0,0.0,1,10,0.1,0.9,0.16666666666666666,0.2,0.1,0.9
Gender Identity,minority,transgender people,Housing,Neighborhood quality,Housing :: Neighborhood quality,transgender_people/housing__neighborhood_quality.txt,people/housing__neighborhood_quality.txt,7,11,7,11,7,10,0,18,0.0,1.0,0.0,0.0,1,16,0.0625,0.9375,0.14285714285714285,0.1,0.0625,0.9375
Gender Identity,majority,cisgender people,Credit & Financial Services,Credit score,Credit & Financial Services :: Credit score,cisgender_people/credit_and_financial_services__credit_score.txt,people/credit_and_financial_services__credit_score.txt,9,8,9,8,9,6,1,16,0.0625,0.9375,0.1111111111111111,0.125,1,14,0.07142857142857142,0.9285714285714286,0.1111111111111111,0.16666666666666666,0.07142857142857142,0.9285714285714286
Gender Identity,majority,cisgender people,Criminal Justice,Police-initiated contact,Criminal Justice :: Police-initiated contact,cisgender_people/criminal_justice__police_initiated_contact.txt,people/criminal_justice__police_initiated_contact.txt,11,7,11,7,9,4,1,17,0.058823529411764705,0.9411764705882353,0.09090909090909091,0.14285714285714285,2,11,0.18181818181818182,0.8181818181818181,0.2222222222222222,0.5,0.16666666666666666,0.8333333333333334
Gender Identity,majority,cisgender people,Education,Completion/graduation,Education :: Completion/graduation,cisgender_people/education__completion_graduation.txt,people/education__completion_graduation.txt,6,10,6,10,6,10,0,16,0.0,1.0,0.0,0.0,0,16,0.0,1.0,0.0,0.0,0.0,1.0
Gender Identity,majority,cisgender people,Employment,Employment benefits,Employment :: Employment benefits,cisgender_people/employment__employment_benefits.txt,people/employment__employment_benefits.txt,0,6,0,6,0,6,0,6,0.0,1.0,,0.0,0,6,0.0,1.0,,0.0,0.0,1.0
Gender Identity,majority,cisgender people,Government Benefits,Administrative burden,Government Benefits :: Administrative burden,cisgender_people/government_benefits__administrative_burden.txt,people/government_benefits__administrative_burden.txt,9,10,9,10,9,9,1,18,0.05555555555555555,0.9444444444444444,0.1111111111111111,0.1,4,14,0.2857142857142857,0.7142857142857143,0.4444444444444444,0.4444444444444444,0.2857142857142857,0.7142857142857143
Gender Identity,majority,cisgender people,Healthcare,Person-centered care,Healthcare :: Person-centered care,cisgender_people/healthcare__person_centered_care.txt,people/healthcare__person_centered_care.txt,3,10,3,10,1,5,0,13,0.0,1.0,0.0,0.0,1,5,0.2,0.8,1.0,0.2,0.2,0.8
Gender Identity,majority,cisgender people,Housing,Neighborhood quality,Housing :: Neighborhood quality,cisgender_people/housing__neighborhood_quality.txt,people/housing__neighborhood_quality.txt,19,11,18,11,14,10,4,25,0.16,0.84,0.2222222222222222,0.36363636363636365,4,20,0.2,0.8,0.2857142857142857,0.4,0.19047619047619047,0.8095238095238095
