analysis,location,dimension,n_main,focal_group_main,comparison_group_main,focal_mean_main,comparison_mean_main,mean_difference_focal_minus_comparison_main,median_difference_main,ci_low_main,ci_high_main,rank_biserial_main,p_raw_main,p_holm_main,significant_holm_main,n_robust,focal_group_robust,comparison_group_robust,focal_mean_robust,comparison_mean_robust,mean_difference_focal_minus_comparison_robust,median_difference_robust,ci_low_robust,ci_high_robust,rank_biserial_robust,p_raw_robust,p_holm_robust,significant_holm_robust,absolute_change_robust_minus_main,direction_consistent,main_ci_excludes_zero,robust_ci_excludes_zero,confidence_intervals_overlap
citation_count,Dallas,Disability,21,People with disabilities,People without disabilities,9.0952380952,4.8571428571,4.2380952381,5.0,2.2857142857,6.0952380952,0.8095238095,0.0014759268,0.0067232346,True,7,People with disabilities,People without disabilities,9.4285714286,7.5714285714,1.8571428571,2.0,-0.2857142857,4.0,0.5357142857,0.25,0.75,False,-2.3809523809999997,True,True,False,True
citation_count,Dallas,Ethnicity,21,Latino people,non-Latino people,9.7142857143,5.6666666667,4.0476190476,4.0,2.2857142857,5.8095238095,0.8596491228,0.0013446469,0.0067232346,True,7,Latino people,non-Latino people,9.2857142857,6.2857142857,3.0,3.0,1.5714285714,4.8571428571,1.0,0.03125,0.1875,False,-1.0476190475999996,True,True,True,True
citation_count,Dallas,Gender,21,Women,Men,8.0476190476,7.0476190476,1.0,1.0,-0.3333333333,2.4285714286,0.2554112554,0.3000321611,0.4438399343,False,7,Women,Men,7.8571428571,7.5714285714,0.2857142857,-1.0,-1.5714285714,2.2857142857,-0.0714285714,0.90625,1.0,False,-0.7142857143,True,False,False,True
citation_count,Dallas,Gender Identity,21,transgender people,cisgender people,9.2380952381,7.5238095238,1.7142857143,0.0,-0.6666666667,4.2380952381,0.3274853801,0.2219199672,0.4438399343,False,7,transgender people,cisgender people,9.8571428571,5.1428571429,4.7142857143,6.0,0.4285714286,8.7142857143,0.8095238095,0.09375,0.46875,False,3.0,True,False,True,True
citation_count,Dallas,Race,21,Black people,White people,9.8095238095,5.7619047619,4.0476190476,4.0,2.3333333333,5.4285714286,0.8095238095,0.0011114101,0.0066684607,True,7,Black people,White people,8.2857142857,6.5714285714,1.7142857143,2.0,-0.2857142857,3.4285714286,0.6428571429,0.1875,0.75,False,-2.3333333332999997,True,True,False,True
citation_count,Dallas,Sexual Orientation,21,homosexual people,heterosexual people,8.380952381,7.2857142857,1.0952380952,1.0,-0.7142857143,2.7142857143,0.3918128655,0.143581707,0.4307451211,False,7,homosexual people,heterosexual people,9.4285714286,6.8571428571,2.5714285714,0.0,-2.8571428571,9.7142857143,0.2380952381,0.625,1.0,False,1.4761904761999998,True,False,False,True
source_url_jaccard_distance,Dallas,Disability,21,People with disabilities,People without disabilities,0.9965986395,0.9183815523,0.0782170871,0.0,0.0322257108,0.1291765856,0.9636363636,0.00390625,0.015625,True,7,People with disabilities,People without disabilities,0.9897959184,0.8146133628,0.1751825555,0.1875,0.0969333643,0.2502289377,1.0,0.03125,0.1875,False,0.0969654684,True,True,True,True
source_url_jaccard_distance,Dallas,Ethnicity,21,Latino people,non-Latino people,0.9915520556,0.9670570637,0.0244949919,0.0,0.0032723152,0.0507535118,0.7333333333,0.046875,0.09375,False,7,Latino people,non-Latino people,0.9880952381,0.9642857143,0.0238095238,0.0,0.0,0.0714285714,1.0,1.0,1.0,False,-0.0006854680999999994,True,True,False,True
source_url_jaccard_distance,Dallas,Gender,21,Women,Men,0.996031746,0.8529287853,0.1431029607,0.1176470588,0.0823266141,0.2106884285,1.0,0.0001220703,0.0007324219,True,7,Women,Men,0.9165266106,0.8091630592,0.1073635515,0.0,-0.0112511671,0.2472274213,0.6,0.25,1.0,False,-0.0357394092,True,True,False,True
source_url_jaccard_distance,Dallas,Gender Identity,21,transgender people,cisgender people,1.0,0.977690167,0.022309833,0.0,0.0068027211,0.0398577613,1.0,0.03125,0.09375,False,7,transgender people,cisgender people,0.9820728291,0.962785114,0.0192877151,0.0,-0.0168067227,0.0613045218,0.6666666667,0.5,1.0,False,-0.003022117900000003,True,True,False,True
source_url_jaccard_distance,Dallas,Race,21,Black people,White people,0.9887332711,0.9671717172,0.0215615539,0.0,0.0036810684,0.0428939252,0.7777777778,0.0390625,0.09375,False,7,Black people,White people,0.9666048237,0.961038961,0.0055658627,0.0,-0.038961039,0.0556586271,0.3333333333,1.0,1.0,False,-0.0159956912,True,True,False,True
source_url_jaccard_distance,Dallas,Sexual Orientation,21,homosexual people,heterosexual people,1.0,0.9479112158,0.0520887842,0.0,0.0254875283,0.082724359,1.0,0.001953125,0.009765625,True,7,homosexual people,heterosexual people,0.9880952381,0.9093614719,0.0787337662,0.0,0.0,0.1826298701,1.0,0.5,1.0,False,0.026644981999999998,True,True,False,True
answer_semantic_displacement,Dallas,Disability,21,People with disabilities,People without disabilities,0.2786145664,0.1757163547,0.1028982117,0.1000516415,0.064010936,0.1413887965,0.8787878788,0.0001249994,0.0006249969,True,7,People with disabilities,People without disabilities,0.3183031763,0.1794655493,0.138837627,0.150698781,0.0640525392,0.2075771057,0.9285714286,0.03125,0.125,False,0.035939415299999986,True,True,True,True
answer_semantic_displacement,Dallas,Ethnicity,21,Latino people,non-Latino people,0.3032271777,0.2505336659,0.0526935118,0.0497060418,0.0248476508,0.080028795,0.7402597403,0.0019199904,0.0076799616,True,7,Latino people,non-Latino people,0.3619405542,0.3519922239,0.0099483303,0.0499693751,-0.0989368047,0.0925706795,0.2857142857,0.890625,1.0,False,-0.0427451815,True,True,False,True
answer_semantic_displacement,Dallas,Gender,21,Women,Men,0.2294491969,0.1868705182,0.0425786788,0.0355414152,-0.0067376521,0.0945282392,0.4199134199,0.1224243879,0.2448487758,False,7,Women,Men,0.2154847213,0.2071501698,0.0083345515,0.0423361063,-0.0787200928,0.0678876468,0.5,0.890625,1.0,False,-0.034244127299999996,True,False,False,True
answer_semantic_displacement,Dallas,Gender Identity,21,transgender people,cisgender people,0.430005258,0.2741457167,0.1558595413,0.1803352237,0.1033418507,0.2080766458,0.9047619048,3.49998e-05,0.000209999,True,7,transgender people,cisgender people,0.4570872699,0.2622466087,0.1948406611,0.2280347943,0.1395696061,0.2499140075,1.0,0.015625,0.09375,False,0.03898111980000002,True,True,True,True
answer_semantic_displacement,Dallas,Race,21,Black people,White people,0.2785809636,0.2533534027,0.0252275609,0.0286780596,-0.0073260998,0.058845789,0.3333333333,0.1581292094,0.2448487758,False,7,Black people,White people,0.2819283009,0.3314691271,-0.0495408263,-0.0408388376,-0.0923427343,-0.0061668243,-0.6428571429,0.09375,0.28125,False,-0.07476838720000001,False,False,True,True
answer_semantic_displacement,Dallas,Sexual Orientation,21,homosexual people,heterosexual people,0.3946774928,0.3094259955,0.0852514974,0.085998714,0.0359980975,0.1355708329,0.6536796537,0.0038799806,0.0116399418,True,7,homosexual people,heterosexual people,0.4082907949,0.3123467309,0.095944064,0.0835783482,0.0426014236,0.1504752977,1.0,0.015625,0.09375,False,0.010692566599999995,True,True,True,True
evidence_semantic_gap,Dallas,Disability,6,People with disabilities,People without disabilities,0.2534551938,0.2592203214,-0.0057651276,-0.0168443058,-0.0301614267,0.02050037,-0.1428571429,0.6875,1.0,False,2,People with disabilities,People without disabilities,0.2569667935,0.3212648431,-0.0642980496,-0.0642980496,-0.0809380015,-0.0476580977,-1.0,0.5,1.0,False,-0.058532922,True,False,True,False
evidence_semantic_gap,Dallas,Ethnicity,7,Latino people,non-Latino people,0.2702386615,0.2602135505,0.010025111,0.0005497287,-0.0235810112,0.043762706,0.2857142857,0.59375,1.0,False,1,Latino people,non-Latino people,0.2591857229,0.2483236279,0.010862095,0.010862095,0.010862095,0.010862095,1.0,1.0,1.0,False,0.0008369840000000007,True,False,True,True
evidence_semantic_gap,Dallas,Gender,6,Women,Men,0.3242549221,0.2856528853,0.0386020368,0.0614536832,-0.0132832437,0.0834156262,0.619047619,0.1875,0.75,False,2,Women,Men,0.2664732809,0.293381912,-0.0269086311,-0.0269086311,-0.075986584,0.0221693218,-0.3333333333,1.0,1.0,False,-0.0655106679,False,False,False,True
evidence_semantic_gap,Dallas,Gender Identity,11,transgender people,cisgender people,0.2624862051,0.2790336269,-0.0165474217,-0.0138675034,-0.0463957582,0.0130603544,-0.2727272727,0.318359375,0.955078125,False,2,transgender people,cisgender people,0.3195004774,0.2596585552,0.0598419222,0.0598419222,0.05484693,0.0648369143,1.0,0.5,1.0,False,0.0763893439,False,False,True,False
evidence_semantic_gap,Dallas,Race,6,Black people,White people,0.2312851632,0.280051238,-0.0487660748,-0.047706955,-0.0799851594,-0.0171240456,-0.9047619048,0.0625,0.3125,False,3,Black people,White people,0.2308015807,0.2662602716,-0.0354586909,-0.0343074203,-0.0404097706,-0.0316588819,-1.0,0.25,1.0,False,0.013307383900000004,True,True,True,True
evidence_semantic_gap,Dallas,Sexual Orientation,11,homosexual people,heterosexual people,0.2227948615,0.3125256784,-0.0897308169,-0.0885222316,-0.114979502,-0.0655542495,-1.0,0.0009765625,0.005859375,True,1,homosexual people,heterosexual people,0.3034687241,0.3552078128,-0.0517390887,-0.0517390887,-0.0517390887,-0.0517390887,-1.0,1.0,1.0,False,0.0379917282,True,True,True,False
citation_count,New York City,Disability,21,People with disabilities,People without disabilities,9.0952380952,5.7142857143,3.380952381,3.0,1.619047619,5.1428571429,0.7571428571,0.0028734735,0.0143673675,True,7,People with disabilities,People without disabilities,10.0,6.4285714286,3.5714285714,3.0,2.0,5.2857142857,1.0,0.015625,0.09375,False,0.19047619039999963,True,True,True,True
citation_count,New York City,Ethnicity,21,Latino people,non-Latino people,8.2380952381,6.619047619,1.619047619,3.0,-0.1904761905,3.2857142857,0.4978354978,0.0448887656,0.1150385276,False,7,Latino people,non-Latino people,8.8571428571,7.1428571429,1.7142857143,3.0,-1.5714285714,4.4285714286,0.4642857143,0.34375,1.0,False,0.09523809530000005,True,False,False,True
citation_count,New York City,Gender,21,Women,Men,9.2380952381,7.5714285714,1.6666666667,1.0,0.0,3.5714285714,0.568627451,0.0383461759,0.1150385276,False,7,Women,Men,9.2857142857,7.8571428571,1.4285714286,-1.0,-1.1428571429,4.5714285714,0.2142857143,0.703125,1.0,False,-0.2380952381000001,True,False,False,True
citation_count,New York City,Gender Identity,21,transgender people,cisgender people,9.8095238095,7.4761904762,2.3333333333,4.0,0.0476190476,4.2857142857,0.5757575758,0.020246406,0.080985624,False,7,transgender people,cisgender people,8.8571428571,8.1428571429,0.7142857143,1.0,-4.4285714286,5.1428571429,0.1428571429,0.796875,1.0,False,-1.6190476190000003,True,True,False,True
citation_count,New York City,Race,21,Black people,White people,9.3333333333,6.4285714286,2.9047619048,2.0,1.5238095238,4.380952381,0.8692810458,0.0015900339,0.0095402031,True,7,Black people,White people,9.4285714286,5.0,4.4285714286,4.0,3.7142857143,5.1428571429,1.0,0.015625,0.09375,False,1.5238095237999998,True,True,True,True
citation_count,New York City,Sexual Orientation,21,homosexual people,heterosexual people,9.2857142857,8.7619047619,0.5238095238,2.0,-1.5238095238,2.380952381,0.1952380952,0.4421665067,0.4421665067,False,7,homosexual people,heterosexual people,8.8571428571,6.4285714286,2.4285714286,2.0,-1.8571428571,7.8571428571,0.3333333333,0.53125,1.0,False,1.9047619048000002,True,False,False,True
source_url_jaccard_distance,New York City,Disability,21,People with disabilities,People without disabilities,1.0,0.8992391207,0.1007608793,0.0666666667,0.0478419794,0.1662847206,1.0,0.0004882812,0.0029296875,True,7,People with disabilities,People without disabilities,0.978959276,0.8779347636,0.1010245124,0.1538461538,0.0334554335,0.1595715209,1.0,0.0625,0.375,False,0.0002636331000000075,True,True,True,True
source_url_jaccard_distance,New York City,Ethnicity,21,Latino people,non-Latino people,0.9963369963,0.9806340485,0.0157029478,0.0,-0.0012384441,0.0342185592,0.5714285714,0.1875,0.1875,False,7,Latino people,non-Latino people,0.989010989,0.9738095238,0.0152014652,0.0,-0.021978022,0.0547619048,0.6666666667,0.5,1.0,False,-0.0005014825999999986,True,False,False,True
source_url_jaccard_distance,New York City,Gender,21,Women,Men,0.9682873149,0.8506824817,0.1176048332,0.0769230769,0.0440906644,0.2016922802,0.7333333333,0.0063476562,0.025390625,True,7,Women,Men,0.8711425479,0.7497581783,0.1213843696,0.1212121212,-0.0004539112,0.2775819419,0.7142857143,0.15625,0.625,False,0.0037795364000000053,True,True,False,True
source_url_jaccard_distance,New York City,Gender Identity,21,transgender people,cisgender people,1.0,0.9790553826,0.0209446174,0.0,0.0052910053,0.0385813017,1.0,0.0625,0.125,False,7,transgender people,cisgender people,1.0,0.9518744164,0.0481255836,0.0555555556,0.0158730159,0.0933146592,1.0,0.125,0.625,False,0.0271809662,True,True,True,True
source_url_jaccard_distance,New York City,Race,21,Black people,White people,0.9940923738,0.9601343101,0.0339580637,0.0,0.0111111111,0.0601485398,1.0,0.03125,0.09375,False,7,Black people,White people,0.9747583244,0.978021978,-0.0032636536,0.0,-0.0306122449,0.020821284,-0.3333333333,1.0,1.0,False,-0.0372217173,False,True,False,True
source_url_jaccard_distance,New York City,Sexual Orientation,21,homosexual people,heterosexual people,1.0,0.9534313626,0.0465686374,0.0,0.0217093863,0.0748512492,1.0,0.001953125,0.009765625,True,7,homosexual people,heterosexual people,0.9880952381,0.9328398026,0.0552554355,0.0,0.0102040816,0.110510871,1.0,0.25,0.75,False,0.008686798099999997,True,True,True,True
answer_semantic_displacement,New York City,Disability,21,People with disabilities,People without disabilities,0.2864594857,0.216050991,0.0704084947,0.0624829531,0.0266274173,0.1160058249,0.6103896104,0.005609972,0.0168299159,True,7,People with disabilities,People without disabilities,0.3609023456,0.1744705268,0.1864318188,0.1115110517,0.0671288967,0.3716272605,0.9285714286,0.03125,0.1875,False,0.1160233241,True,True,True,True
answer_semantic_displacement,New York City,Ethnicity,21,Latino people,non-Latino people,0.31415796,0.2573130386,0.0568449213,0.0523990393,0.0403932886,0.0752375036,0.974025974,1e-05,5.99997e-05,True,7,Latino people,non-Latino people,0.3525631939,0.2781061019,0.0744570919,0.0865079165,0.0059788653,0.1339713846,0.6428571429,0.09375,0.28125,False,0.017612170599999998,True,True,True,True
answer_semantic_displacement,New York City,Gender,21,Women,Men,0.2264198008,0.2599498459,-0.0335300451,-0.0067124367,-0.0679655147,-0.0038286763,-0.3073593074,0.0582497088,0.1164994175,False,7,Women,Men,0.2244572384,0.1950683338,0.0293889046,0.0241900086,-0.0201682704,0.0792184557,0.5,0.34375,0.6875,False,0.0629189497,False,True,False,True
answer_semantic_displacement,New York City,Gender Identity,21,transgender people,cisgender people,0.4188591696,0.2710009473,0.1478582223,0.1359211504,0.1054197894,0.1922620351,0.9826839827,1e-05,5.99997e-05,True,7,transgender people,cisgender people,0.3909935951,0.2733070254,0.1176865697,0.1532510519,0.0526305352,0.175757919,0.7857142857,0.0625,0.25,False,-0.030171652600000015,True,True,True,True
answer_semantic_displacement,New York City,Race,21,Black people,White people,0.2879876438,0.2835145862,0.0044730575,0.0111320615,-0.0192933039,0.0261535749,0.1861471861,0.7068114659,0.7068114659,False,7,Black people,White people,0.3414605132,0.3124783124,0.0289822008,0.005391717,-0.0123161588,0.081905531,0.2857142857,0.359375,0.6875,False,0.0245091433,True,False,False,True
answer_semantic_displacement,New York City,Sexual Orientation,21,homosexual people,heterosexual people,0.4047171218,0.3175309627,0.0871861591,0.0667237043,0.0441912993,0.1303911174,0.7402597403,0.0010449948,0.0041799791,True,7,homosexual people,heterosexual people,0.3978821295,0.3148099269,0.0830722025,0.0720864534,0.0381251744,0.1332174795,0.9285714286,0.03125,0.1875,False,-0.004113956599999996,True,True,True,True
evidence_semantic_gap,New York City,Disability,6,People with disabilities,People without disabilities,0.2766666135,0.2783452949,-0.0016786814,0.0180894122,-0.0448014449,0.0396281053,0.0476190476,0.96875,0.96875,False,2,People with disabilities,People without disabilities,0.2953239123,0.313672711,-0.0183487987,-0.0183487987,-0.0217227976,-0.0149747998,-1.0,0.5,1.0,False,-0.0166701173,True,False,True,True
evidence_semantic_gap,New York City,Ethnicity,4,Latino people,non-Latino people,0.2244002442,0.2477585507,-0.0233583065,-0.0288107236,-0.0466756503,9.79387e-05,-0.8,0.25,0.9296875,False,3,Latino people,non-Latino people,0.2508096529,0.2648498986,-0.0140402456,-0.0266626795,-0.0794371068,0.0639790495,-0.3333333333,0.75,1.0,False,0.0093180609,True,False,False,True
evidence_semantic_gap,New York City,Gender,10,Women,Men,0.3246585614,0.304585355,0.0200732064,0.0260467455,-0.0103810284,0.0475054003,0.4909090909,0.232421875,0.9296875,False,2,Women,Men,0.3151065819,0.2991106413,0.0159959406,0.0159959406,-0.0139587224,0.0459506035,0.3333333333,1.0,1.0,False,-0.0040772658,True,False,False,True
evidence_semantic_gap,New York City,Gender Identity,7,transgender people,cisgender people,0.2739333421,0.3026052285,-0.0286718864,-0.0329179572,-0.0634680817,0.0163464237,-0.5,0.25,0.9296875,False,2,transgender people,cisgender people,0.2648460619,0.3408293298,-0.0759832679,-0.0759832679,-0.1615041271,0.0095375913,-0.3333333333,1.0,1.0,False,-0.0473113815,True,False,False,True
evidence_semantic_gap,New York City,Race,8,Black people,White people,0.2396242529,0.2864029241,-0.0467786712,-0.0510314944,-0.0637357894,-0.0288501289,-1.0,0.0078125,0.046875,True,4,Black people,White people,0.2289743808,0.2491951957,-0.0202208149,-0.0183627442,-0.0326739794,-0.0077676505,-1.0,0.125,0.75,False,0.0265578563,True,True,True,True
evidence_semantic_gap,New York City,Sexual Orientation,7,homosexual people,heterosexual people,0.2262346909,0.3240958061,-0.0978611152,-0.1007856003,-0.1311861973,-0.0647815414,-1.0,0.015625,0.078125,False,2,homosexual people,heterosexual people,0.229811358,0.2491741218,-0.0193627638,-0.0193627638,-0.035074994,-0.0036505337,-1.0,0.5,1.0,False,0.0784983514,True,True,True,False
citation_count,Los Angeles,Disability,21,People with disabilities,People without disabilities,9.2380952381,4.7619047619,4.4761904762,6.0,2.9523809524,5.8571428571,0.9047619048,0.0003735615,0.0018678076,True,7,People with disabilities,People without disabilities,10.8571428571,7.4285714286,3.4285714286,0.0,0.7142857143,6.8571428571,1.0,0.25,1.0,False,-1.0476190476,True,True,True,True
citation_count,Los Angeles,Ethnicity,21,Latino people,non-Latino people,8.7619047619,6.8095238095,1.9523809524,3.0,0.1416666667,3.5238095238,0.6368421053,0.0143324734,0.0488741293,True,7,Latino people,non-Latino people,7.8571428571,7.0,0.8571428571,2.0,-2.2857142857,3.0,0.4285714286,0.375,1.0,False,-1.0952380953,True,True,False,True
citation_count,Los Angeles,Gender,21,Women,Men,9.4285714286,7.1428571429,2.2857142857,2.0,0.7142857143,4.0,0.6608187135,0.013545426,0.0488741293,True,7,Women,Men,8.5714285714,8.1428571429,0.4285714286,0.0,-0.7142857143,1.5714285714,0.3333333333,0.6875,1.0,False,-1.8571428571000002,True,True,False,True
citation_count,Los Angeles,Gender Identity,21,transgender people,cisgender people,10.3333333333,6.2857142857,4.0476190476,4.0,1.1428571429,6.8095238095,0.6233766234,0.0122185323,0.0488741293,True,7,transgender people,cisgender people,10.0,6.5714285714,3.4285714286,7.0,-1.1428571429,7.4285714286,0.5714285714,0.21875,1.0,False,-0.6190476189999994,True,True,False,True
citation_count,Los Angeles,Race,21,Black people,White people,9.5714285714,5.1904761905,4.380952381,3.0,2.8095238095,6.1428571429,0.9857142857,0.0001051086,0.0006306513,True,7,Black people,White people,8.5714285714,7.1428571429,1.4285714286,2.0,-0.2857142857,3.0,0.5714285714,0.25,1.0,False,-2.9523809524000004,True,True,False,True
citation_count,Los Angeles,Sexual Orientation,21,homosexual people,heterosexual people,8.8095238095,7.8095238095,1.0,2.0,-1.6666666667,3.6666666667,0.1754385965,0.5124396226,0.5124396226,False,7,homosexual people,heterosexual people,9.2857142857,6.4285714286,2.8571428571,1.0,-0.7142857143,7.4285714286,0.5,0.28125,1.0,False,1.8571428571,True,False,False,True
source_url_jaccard_distance,Los Angeles,Disability,21,People with disabilities,People without disabilities,1.0,0.9102994228,0.0897005772,0.0,0.04004329,0.1452024711,1.0,0.00390625,0.01953125,True,7,People with disabilities,People without disabilities,0.9711884754,0.896389325,0.0747991504,0.0,-0.0288115246,0.1784213685,0.8,0.25,1.0,False,-0.014901426800000006,True,True,False,True
source_url_jaccard_distance,Los Angeles,Ethnicity,21,Latino people,non-Latino people,0.9905517763,0.9717097717,0.0188420046,0.0,0.0008272349,0.0388842044,0.7857142857,0.078125,0.15625,False,7,Latino people,non-Latino people,0.9880952381,0.987012987,0.0010822511,0.0,-0.0357142857,0.038961039,0.3333333333,1.0,1.0,False,-0.0177597535,True,True,False,True
source_url_jaccard_distance,Los Angeles,Gender,21,Women,Men,0.9738304724,0.8460651428,0.1277653295,0.1025641026,0.0732930644,0.1866775843,0.9705882353,9.15527e-05,0.0005493164,True,7,Women,Men,0.9103436246,0.858744197,0.0515994276,0.0,-0.0102040816,0.1346235464,0.6666666667,0.5,1.0,False,-0.0761659019,True,True,False,True
source_url_jaccard_distance,Los Angeles,Gender Identity,21,transgender people,cisgender people,1.0,0.9872213501,0.0127786499,0.0,0.0,0.027870225,1.0,0.25,0.25,False,7,transgender people,cisgender people,0.9700854701,0.9720238095,-0.0019383394,0.0,-0.0087912088,0.0029761905,-0.3333333333,1.0,1.0,False,-0.0147169893,False,False,False,True
source_url_jaccard_distance,Los Angeles,Race,21,Black people,White people,0.9931677019,0.968524531,0.0246431708,0.0,0.0055967842,0.048381777,1.0,0.03125,0.09375,False,7,Black people,White people,1.0,0.9761904762,0.0238095238,0.0,0.0,0.0714285714,1.0,1.0,1.0,False,-0.0008336469999999999,True,True,False,True
source_url_jaccard_distance,Los Angeles,Sexual Orientation,21,homosexual people,heterosexual people,1.0,0.9482180499,0.0517819501,0.0,0.0188948098,0.0919153576,1.0,0.00390625,0.01953125,True,7,homosexual people,heterosexual people,0.9910714286,0.8826173826,0.108454046,0.0,0.012987013,0.2368881119,1.0,0.25,1.0,False,0.0566720959,True,True,True,True
answer_semantic_displacement,Los Angeles,Disability,21,People with disabilities,People without disabilities,0.2690484609,0.2307541711,0.0382942898,0.0572904348,-0.0331162817,0.1000505707,0.5064935065,0.3003634982,0.6007269964,False,7,People with disabilities,People without disabilities,0.2573883278,0.1799809081,0.0774074197,0.0107158422,-0.0094553224,0.1845354778,0.5,0.1875,0.5625,False,0.039113129899999995,True,False,False,True
answer_semantic_displacement,Los Angeles,Ethnicity,21,Latino people,non-Latino people,0.2959088243,0.2625516625,0.0333571619,0.0350432396,-0.0101195005,0.07187234,0.6017316017,0.1317293414,0.3951880241,False,7,Latino people,non-Latino people,0.3562596057,0.23725886,0.1190007457,0.0922552347,0.0719278127,0.1880680365,1.0,0.015625,0.09375,False,0.08564358379999999,True,False,True,False
answer_semantic_displacement,Los Angeles,Gender,21,Women,Men,0.21806447,0.177467349,0.0405971209,0.0477737784,0.011654077,0.0716966391,0.6103896104,0.0131649342,0.0526597367,False,7,Women,Men,0.206923323,0.191381182,0.015542141,0.0136239529,-0.0220156397,0.0538630939,0.2857142857,0.46875,0.625,False,-0.025054979899999996,True,True,False,True
answer_semantic_displacement,Los Angeles,Gender Identity,21,transgender people,cisgender people,0.4069267511,0.2764557259,0.1304710252,0.1512529254,0.0839002474,0.1772424982,0.8874458874,0.0001049995,0.0006299969,True,7,transgender people,cisgender people,0.4013779504,0.2628759146,0.1385020358,0.1106681824,0.0872047714,0.1947415386,1.0,0.015625,0.09375,False,0.0080310106,True,True,True,True
answer_semantic_displacement,Los Angeles,Race,21,Black people,White people,0.2736046371,0.2667461407,0.0068584964,-0.0060018897,-0.029157315,0.0467138634,0.0476190476,0.7463462683,0.7463462683,False,7,Black people,White people,0.3012966173,0.2675746424,0.0337219749,0.0154585838,-0.0204722966,0.0944453052,0.4285714286,0.3125,0.625,False,0.0268634785,True,False,False,True
answer_semantic_displacement,Los Angeles,Sexual Orientation,21,homosexual people,heterosexual people,0.388015344,0.291300345,0.096714999,0.1339306533,0.028137069,0.1553268516,0.645021645,0.0094849526,0.0474247629,True,7,homosexual people,heterosexual people,0.3868448053,0.3031997085,0.0836450968,0.0438693166,0.0331470285,0.1369785666,1.0,0.015625,0.09375,False,-0.013069902199999997,True,True,True,True
evidence_semantic_gap,Los Angeles,Disability,6,People with disabilities,People without disabilities,0.2887503014,0.3208345029,-0.0320842016,-0.0361763413,-0.0629088468,0.0038989459,-0.7142857143,0.15625,0.625,False,1,People with disabilities,People without disabilities,0.3319142063,0.3483550429,-0.0164408366,-0.0164408366,-0.0164408366,-0.0164408366,-1.0,1.0,1.0,False,0.015643365,True,False,True,True
evidence_semantic_gap,Los Angeles,Ethnicity,6,Latino people,non-Latino people,0.2652623239,0.2592901435,0.0059721805,0.0050285975,-0.0256404201,0.0375847811,0.1428571429,0.75,1.0,False,2,Latino people,non-Latino people,0.3030374845,0.281983153,0.0210543315,0.0210543315,-0.0188699981,0.060978661,0.3333333333,1.0,1.0,False,0.015082150999999999,True,False,False,True
evidence_semantic_gap,Los Angeles,Gender,5,Women,Men,0.3346873776,0.264172248,0.0705151295,0.0670990318,0.053592322,0.0874379371,1.0,0.0625,0.375,False,3,Women,Men,0.2628124803,0.2718528705,-0.0090403902,-0.0064145575,-0.027604565,0.0068979519,-0.3333333333,0.75,1.0,False,-0.0795555197,False,True,False,False
evidence_semantic_gap,Los Angeles,Gender Identity,5,transgender people,cisgender people,0.2952868282,0.3226588249,-0.0273719967,-0.0039882918,-0.0671158048,0.0123718114,-0.3333333333,0.4375,1.0,False,2,transgender people,cisgender people,0.3047543123,0.257956996,0.0467973162,0.0467973162,-0.0180611014,0.1116557339,0.3333333333,1.0,1.0,False,0.0741693129,False,False,False,True
evidence_semantic_gap,Los Angeles,Race,6,Black people,White people,0.2512747431,0.2627667401,-0.0114919969,-0.008886872,-0.0560563793,0.0392837728,-0.1428571429,0.75,1.0,False,1,Black people,White people,0.1958649953,0.2702459544,-0.0743809591,-0.0743809591,-0.0743809591,-0.0743809591,-1.0,1.0,1.0,False,-0.06288896220000001,True,False,True,False
evidence_semantic_gap,Los Angeles,Sexual Orientation,5,homosexual people,heterosexual people,0.2391368942,0.3877063591,-0.1485694648,-0.1245728811,-0.2802198959,-0.0517605969,-1.0,0.0625,0.375,False,1,homosexual people,heterosexual people,0.4050864975,0.3867577116,0.0183287859,0.0183287859,0.0183287859,0.0183287859,1.0,1.0,1.0,False,0.1668982507,False,True,True,False
