configuration,dimension,n_outcomes,mean_alignment_difference,median_alignment_difference,bootstrap_ci_low,bootstrap_ci_high,focal_mean_alignment,comparison_mean_alignment,mean_locations_per_outcome,p_signflip_raw,p_signflip_holm,significant_holm
primary,Disability,12,0.00765480026602746,0.023028761042015927,-0.016538643416401645,0.03028647507910455,0.7280205479749139,0.7203657477088864,1.5,0.54443359375,1.0,False
primary,Ethnicity,11,-0.0013631718952524423,-0.0005497286717096594,-0.028626778603711607,0.02500717255116197,0.7338846198924176,0.7352477917876699,1.5454545454545454,0.92578125,1.0,False
primary,Gender,14,-0.04191144671338981,-0.0430421729882558,-0.06536772061085845,-0.015359164871647126,0.6661646549849689,0.7080761016983587,1.5,0.0115966796875,0.04638671875,True
primary,Gender Identity,13,0.02337708110733043,0.01645229709526852,0.000797779594373033,0.044662966896514264,0.7386451029651986,0.7152680218578683,1.7692307692307692,0.072509765625,0.217529296875,False
primary,Race,13,0.04093831104076204,0.029115575339112982,0.02202500446376922,0.061352385344273855,0.7617514875933622,0.7208131765526,1.5384615384615385,0.00146484375,0.00732421875,True
primary,Sexual Orientation,13,0.09542301477273242,0.09471699744462969,0.07118968324997303,0.12376855086775153,0.7728713270382103,0.6774483122654777,1.7692307692307692,0.000244140625,0.00146484375,True
smaller,Disability,12,0.006613344635085134,0.0051253441839463985,-0.019374342203095914,0.03299247658533098,0.7283964133658816,0.7217830687307965,1.5,0.6376953125,0.720703125,False
smaller,Ethnicity,11,-0.01258005669229052,-0.007184379796187079,-0.03722583044051565,0.009779583109115357,0.7338636903019694,0.7464437469942599,1.5454545454545454,0.3603515625,0.720703125,False
smaller,Gender,14,-0.02604808508307981,-0.028824937396815825,-0.05276416854081128,0.0003337530248593487,0.6816409737302536,0.7076890588133333,1.5,0.0855712890625,0.34228515625,False
smaller,Gender Identity,13,0.018325071671715248,0.02732476923200818,-0.003907346014516064,0.03757489829486793,0.7409434099946631,0.7226183383229479,1.7692307692307692,0.120849609375,0.362548828125,False
smaller,Race,13,0.03586731756837719,0.044819080332914984,0.015995555337196297,0.056629076940507325,0.7618272261958511,0.725959908627474,1.5384615384615385,0.0078125,0.0390625,True
smaller,Sexual Orientation,13,0.08580369530346256,0.0984488859772682,0.06218914187771426,0.11220494790913997,0.7727399500000305,0.6869362546965682,1.7692307692307692,0.000244140625,0.00146484375,True
high_context,Disability,12,0.0028715385370469116,0.003992374755796955,-0.022995577227723354,0.029587136383375328,0.7213204072315303,0.7184488686944835,1.5,0.83837890625,0.83837890625,False
high_context,Ethnicity,11,-0.012171880455760214,-0.0076075575890994784,-0.03673506668630401,0.010789210388939532,0.7333744303230599,0.7455463107788202,1.5454545454545454,0.3544921875,0.708984375,False
high_context,Gender,14,-0.0327849047517549,-0.0362968113982961,-0.06130404402576851,-0.0038057216898962705,0.6744655246375436,0.7072504293892985,1.5,0.0523681640625,0.20947265625,False
high_context,Gender Identity,13,0.028308713255547922,0.025977937149859576,0.0028733715128212664,0.05472693597884239,0.7395871618482877,0.7112784485927395,1.7692307692307692,0.06787109375,0.20947265625,False
high_context,Race,13,0.04620286980022573,0.053411698790769756,0.02976374884886846,0.06255818470235126,0.7707565185401697,0.724553648739944,1.5384615384615385,0.000732421875,0.003662109375,True
high_context,Sexual Orientation,13,0.09533196768365754,0.09924705397515077,0.0755863128533244,0.12008852326184952,0.7773149895218909,0.6819830218382334,1.7692307692307692,0.000244140625,0.00146484375,True
